"cohort","outcome","n","events","AUROC_FI6","AUROC_FI6_low","AUROC_FI6_high","AUROC_full","AUROC_full_low","AUROC_full_high","delta_AUROC","delta_AUROC_low","delta_AUROC_high","excess_AUROC_retention","excess_AUROC_retention_low","excess_AUROC_retention_high"
"HRS","followup_frail",6510,3017,0.867568794485605,0.85806165644008,0.876124331951876,0.918320233440032,0.912084399680993,0.924234617361663,-0.0507514389544277,-0.0574026274457297,-0.0451377532508929,0.878678020097005,0.86204134777094,0.893125898547969
"HRS","incident_adl",5424,592,0.760403615536066,0.741611330393122,0.778335589291289,0.779499808428047,0.763048663982965,0.796128222114514,-0.0190961928919814,-0.0311104533424981,-0.00690121237442327,0.931677259460815,0.889959093744494,0.974888981132237
"ELSA","followup_frail",2581,884,0.853075163250559,0.839424874020815,0.868231243383849,0.888319685791002,0.875607757410451,0.900079451177343,-0.0352445225404426,-0.0450188855592477,-0.0248849203531269,0.909238383141328,0.883914215219227,0.9356308609626
"ELSA","incident_adl",2181,355,0.737956435215896,0.706148555727368,0.765296335715964,0.754626444317603,0.725897785858643,0.781450118893944,-0.0166700091017077,-0.0364279310107872,-0.000363852555338958,0.934531508907556,0.857457807678943,0.998556644013852
"SHARE","followup_frail",5851,2374,0.81045831567608,0.799119140920849,0.823026465724811,0.848751053680717,0.838267308142133,0.858733247153386,-0.0382927380046371,-0.0458043284515366,-0.0303835781724167,0.890200366133677,0.868954417241206,0.912184421031211
"SHARE","incident_adl",5130,833,0.685253761732759,0.666121280198859,0.703413927044831,0.704034557737454,0.686480626336667,0.722973149987678,-0.0187807960046946,-0.0312438854328143,-0.00628893270993478,0.907952867333086,0.848710058291349,0.968790519961298
"CHARLS","followup_frail",2930,1534,0.796915568041303,0.781624528938909,0.813087057219044,0.842425789086345,0.828581541524055,0.857046025577684,-0.0455102210450421,-0.0564412551244486,-0.0353447981902906,0.867094645042735,0.836697621605129,0.896620036093301
"CHARLS","incident_adl",2288,464,0.680262921581972,0.65509280773265,0.70835725153327,0.70547985669994,0.68104392929842,0.731481474520504,-0.0252169351179673,-0.0435210904520905,-0.00641974485585026,0.877277824099365,0.795873810572111,0.966268959699294
"MHAS","followup_frail",3989,2528,0.793167042471344,0.779239937059161,0.805631704276513,0.843773826233116,0.831629443399731,0.855873454631598,-0.0506067837617724,-0.0602455041972473,-0.0412110529418208,0.852790468907148,0.825100482962554,0.879692616412897
"MHAS","incident_adl",3480,765,0.667355649442097,0.644993385057115,0.688253089543417,0.701064769677054,0.682904373055911,0.720416404879376,-0.0337091202349571,-0.0471761851689697,-0.0211855229869238,0.832346958201082,0.762636550569467,0.893391867470709
