"cohort","comparison","country","retained_n","comparison_n","retained_count","comparison_count","retained_proportion","comparison_proportion","SMD"
"HRS","All_baseline","USA",6510,1839,6510,1839,1,1,0
"HRS","Common_score_eligible","USA",6510,1565,6510,1565,1,1,0
"HRS","Known_alive_common","USA",6510,807,6510,807,1,1,0
"ELSA","All_baseline","England",2581,1616,2581,1616,1,1,0
"ELSA","Common_score_eligible","England",2581,1615,2581,1615,1,1,0
"ELSA","Known_alive_common","England",2581,69,2581,69,1,1,0
"SHARE","All_baseline","Austria",5851,6709,240,225,0.0410186292941377,0.0335370397972872,0.0394973325774281
"SHARE","All_baseline","Belgium",5851,6709,701,387,0.119808579729961,0.057683708451334,0.219756616461683
"SHARE","All_baseline","Czech Republic",5851,6709,381,441,0.0651170740044437,0.065732598002683,-0.00248904159975846
"SHARE","All_baseline","Switzerland",5851,6709,270,136,0.046145957955905,0.0202712773885825,0.144771332214894
"SHARE","All_baseline","Germany",5851,6709,440,462,0.0752008203725859,0.0688627217170964,0.0245147903596083
"SHARE","All_baseline","Denmark",5851,6709,487,315,0.0832336352760212,0.0469518557162021,0.147462000859507
"SHARE","All_baseline","Spain",5851,6709,640,380,0.109383011451034,0.0566403338798629,0.192029633216282
"SHARE","All_baseline","France",5851,6709,605,380,0.103401128012306,0.0566403338798629,0.17297154078071
"SHARE","All_baseline","Greece",5851,6709,0,1092,0,0.162766433149501,-0.62350757788943
"SHARE","All_baseline","Ireland",5851,6709,0,273,0,0.0406916082873752,-0.291243294223217
"SHARE","All_baseline","Italy",5851,6709,743,447,0.126986839856435,0.066626919063944,0.20518412581686
"SHARE","All_baseline","Israel",5851,6709,0,1046,0,0.155909971679833,-0.607750311782828
"SHARE","All_baseline","Netherlands",5851,6709,415,302,0.0709280464877799,0.04501416008347,0.111052410900401
"SHARE","All_baseline","Poland",5851,6709,413,393,0.0705862245769954,0.058578029512595,0.0488667435318472
"SHARE","All_baseline","Sweden",5851,6709,516,430,0.0881900529823962,0.0640930093903711,0.0909418393455956
"SHARE","Common_score_eligible","Austria",5851,6701,240,225,0.0410186292941377,0.0335770780480525,0.0392757365326689
"SHARE","Common_score_eligible","Belgium",5851,6701,701,387,0.119808579729961,0.0577525742426504,0.219471184203839
"SHARE","Common_score_eligible","Czech Republic",5851,6701,381,441,0.0651170740044437,0.065811072974183,-0.00280559506653076
"SHARE","Common_score_eligible","Switzerland",5851,6701,270,136,0.046145957955905,0.0202954782868229,0.144609641937674
"SHARE","Common_score_eligible","Germany",5851,6701,440,462,0.0752008203725859,0.0689449335920012,0.0241903933557861
"SHARE","Common_score_eligible","Denmark",5851,6701,487,315,0.0832336352760212,0.0470079092672735,0.147203299283345
"SHARE","Common_score_eligible","Spain",5851,6701,640,380,0.109383011451034,0.0567079540367109,0.191745330206313
"SHARE","Common_score_eligible","France",5851,6701,605,380,0.103401128012306,0.0567079540367109,0.172685984676822
"SHARE","Common_score_eligible","Greece",5851,6701,0,1089,0,0.162513057752574,-0.622927779816822
"SHARE","Common_score_eligible","Ireland",5851,6701,0,273,0,0.0407401880316371,-0.291424446095713
"SHARE","Common_score_eligible","Italy",5851,6701,743,447,0.126986839856435,0.066706461722131,0.204872923757373
"SHARE","Common_score_eligible","Israel",5851,6701,0,1043,0,0.155648410684972,-0.607146188345427
"SHARE","Common_score_eligible","Netherlands",5851,6701,415,302,0.0709280464877799,0.0450679003133861,0.110797230634802
"SHARE","Common_score_eligible","Poland",5851,6701,413,392,0.0705862245769954,0.0584987315326071,0.0492037073078857
"SHARE","Common_score_eligible","Sweden",5851,6701,516,429,0.0881900529823962,0.0640202954782868,0.0912368585984993
"SHARE","Known_alive_common","Austria",5851,2629,240,87,0.0410186292941377,0.0330924305819703,0.0419639051321204
"SHARE","Known_alive_common","Belgium",5851,2629,701,218,0.119808579729961,0.0829212628375808,0.122432804156311
"SHARE","Known_alive_common","Czech Republic",5851,2629,381,49,0.0651170740044437,0.0186382655001902,0.233586792687321
"SHARE","Known_alive_common","Switzerland",5851,2629,270,43,0.046145957955905,0.0163560289083302,0.171822410168579
"SHARE","Known_alive_common","Germany",5851,2629,440,221,0.0752008203725859,0.0840623811335108,-0.0327328483778019
"SHARE","Known_alive_common","Denmark",5851,2629,487,171,0.0832336352760212,0.0650437428680107,0.0694607149608794
"SHARE","Known_alive_common","Spain",5851,2629,640,176,0.109383011451034,0.0669456066945607,0.150075148741892
"SHARE","Known_alive_common","France",5851,2629,605,167,0.103401128012306,0.0635222518067706,0.144544197505089
"SHARE","Known_alive_common","Greece",5851,2629,0,0,0,0,0
"SHARE","Known_alive_common","Ireland",5851,2629,0,0,0,0,0
"SHARE","Known_alive_common","Italy",5851,2629,743,192,0.126986839856435,0.0730315709395207,0.180552475146942
"SHARE","Known_alive_common","Israel",5851,2629,0,893,0,0.339672879421833,-1.01410577116782
"SHARE","Known_alive_common","Netherlands",5851,2629,415,115,0.0709280464877799,0.0437428680106504,0.117119915106442
"SHARE","Known_alive_common","Poland",5851,2629,413,68,0.0705862245769954,0.0258653480410803,0.209861272049521
"SHARE","Known_alive_common","Sweden",5851,2629,516,229,0.0881900529823962,0.0871053632559909,0.00383526185832203
"CHARLS","All_baseline","China",2930,1091,2930,1091,1,1,0
"CHARLS","Common_score_eligible","China",2930,1016,2930,1016,1,1,0
"CHARLS","Known_alive_common","China",2930,414,2930,414,1,1,0
"MHAS","All_baseline","Mexico",3989,1838,3989,1838,1,1,0
"MHAS","Common_score_eligible","Mexico",3989,1444,3989,1444,1,1,0
"MHAS","Known_alive_common","Mexico",3989,568,3989,568,1,1,0
