"cohort","comparison","variable","label","type","retained_n","comparison_n","retained_observed_n","comparison_observed_n","retained_missing_n","comparison_missing_n","retained_mean","retained_sd","comparison_mean","comparison_sd","SMD"
"HRS","All_baseline","age","Age, years","continuous",6510,1839,6510,1839,0,0,74.9678955453149,7.13866659734025,79.821098423056,8.51792392281964,-0.617564833828102
"HRS","All_baseline","female","Female","binary",6510,1839,6510,1839,0,0,0.594470046082949,0.491032023024391,0.593257205002719,0.491359725051443,0.00246915960995786
"HRS","All_baseline","fi_complete","Baseline complete FI","continuous",6510,1839,6510,1839,0,0,0.255107158273688,0.157615668505512,0.374827412546584,0.204248362608876,-0.656259600334304
"HRS","All_baseline","chronic_count","Seven-condition burden","continuous",6510,1839,6510,1839,0,0,2.59585253456221,1.200558584749,3.07667210440457,1.28737682218777,-0.386285822608319
"HRS","All_baseline","hypertension","Hypertension","binary",6510,1839,6510,1839,0,0,0.747465437788018,0.43449954784606,0.806960304513322,0.394791241168669,-0.143319526367485
"HRS","All_baseline","diabetes","Diabetes","binary",6510,1839,6510,1839,0,0,0.324116743471582,0.468079839122283,0.372485046220772,0.483598084535117,-0.101634959595238
"HRS","All_baseline","heart_disease","Heart disease","binary",6510,1839,6510,1839,0,0,0.324731182795699,0.468310293057702,0.4589450788472,0.498447182584496,-0.277523028597501
"HRS","All_baseline","cancer","Cancer","binary",6510,1839,6510,1839,0,0,0.206605222734255,0.404900837476332,0.259380097879282,0.438413708275289,-0.125061883480183
"HRS","All_baseline","stroke","Stroke","binary",6510,1839,6510,1839,0,0,0.107987711213518,0.31038873109436,0.202283849918434,0.401812005581402,-0.262647009687784
"HRS","All_baseline","arthritis","Arthritis","binary",6510,1839,6510,1839,0,0,0.763440860215054,0.425001951995225,0.78847199564981,0.408502937304743,-0.0600505964605208
"HRS","All_baseline","lung_disease","Lung disease","binary",6510,1839,6510,1839,0,0,0.121505376344086,0.326738762584952,0.188145731375748,0.390934802876521,-0.184973619077883
"HRS","All_baseline","married","Married or partnered","binary",6510,1839,6503,1837,7,2,0.588805166846071,0.492088283884746,0.431682090364725,0.495445543604926,0.318211212894715
"HRS","All_baseline","low_education","Low education","binary",6510,1839,6507,1839,3,0,0.160288919625019,0.366901989514208,0.264274061990212,0.441065831135678,-0.256321661759481
"HRS","All_baseline","poor_srh","Fair or poor self-rated health","binary",6510,1839,6510,1836,0,3,0.272657450076805,0.445360340470827,0.471677559912854,0.49933319739907,-0.42065723969596
"HRS","All_baseline","adl_any","Any baseline ADL limitation","binary",6510,1839,6510,1839,0,0,0.171889400921659,0.37731326968802,0.401305057096248,0.490295855622693,-0.524417803285827
"HRS","All_baseline","iadl_any","Any baseline IADL limitation","binary",6510,1839,6510,1837,0,2,0.150230414746544,0.357324572714304,0.41154055525313,0.492246716789343,-0.607543850768587
"HRS","All_baseline","walk_difficulty","Walking difficulty","binary",6510,1839,6508,1837,2,2,0.073140749846343,0.260387401290959,0.250952640174197,0.433679369680077,-0.497116455899958
"HRS","All_baseline","fatigue","Fatigue","binary",6510,1839,6303,1598,207,241,0.217515468824369,0.412588775102778,0.329787234042553,0.470282910669057,-0.253791824175104
"HRS","All_baseline","bmi_continuous","BMI","continuous",6510,1839,2767,467,3743,1372,29.864672834062,5.91943722809071,28.6781644240624,5.93276570579614,0.200217236639084
"HRS","All_baseline","grip","Grip strength","continuous",6510,1839,2748,484,3762,1355,23.5256550218341,9.10561621020312,19.9214876033058,7.90451773867359,0.422714590837601
"HRS","All_baseline","fi_n_observed","Observed complete-FI items","continuous",6510,1839,6510,1839,0,0,45.4837173579109,1.47482453054725,44.2985318107667,2.74041072550166,0.538582783058288
"HRS","Common_score_eligible","age","Age, years","continuous",6510,1565,6510,1565,0,0,74.9678955453149,7.13866659734025,79.5686900958466,8.56268692049402,-0.583642517431129
"HRS","Common_score_eligible","female","Female","binary",6510,1565,6510,1565,0,0,0.594470046082949,0.491032023024391,0.586581469648562,0.492604001808332,0.0160396044094702
"HRS","Common_score_eligible","fi_complete","Baseline complete FI","continuous",6510,1565,6510,1565,0,0,0.255107158273688,0.157615668505512,0.376532463116302,0.210348249525474,-0.653310261476584
"HRS","Common_score_eligible","chronic_count","Seven-condition burden","continuous",6510,1565,6510,1565,0,0,2.59585253456221,1.200558584749,3.06134185303514,1.28937007114961,-0.373660101191556
"HRS","Common_score_eligible","hypertension","Hypertension","binary",6510,1565,6510,1565,0,0,0.747465437788018,0.43449954784606,0.805750798722045,0.395748055632325,-0.140252079777337
"HRS","Common_score_eligible","diabetes","Diabetes","binary",6510,1565,6510,1565,0,0,0.324116743471582,0.468079839122283,0.371246006389776,0.483292516178431,-0.0990637127910076
"HRS","Common_score_eligible","heart_disease","Heart disease","binary",6510,1565,6510,1565,0,0,0.324731182795699,0.468310293057702,0.449840255591054,0.497636652481022,-0.258919921033621
"HRS","Common_score_eligible","cancer","Cancer","binary",6510,1565,6510,1565,0,0,0.206605222734255,0.404900837476332,0.264536741214058,0.441227210012146,-0.136807195383565
"HRS","Common_score_eligible","stroke","Stroke","binary",6510,1565,6510,1565,0,0,0.107987711213518,0.31038873109436,0.199361022364217,0.399647671735056,-0.255366531115165
"HRS","Common_score_eligible","arthritis","Arthritis","binary",6510,1565,6510,1565,0,0,0.763440860215054,0.425001951995225,0.785303514376997,0.410742871409197,-0.0523113567275579
"HRS","Common_score_eligible","lung_disease","Lung disease","binary",6510,1565,6510,1565,0,0,0.121505376344086,0.326738762584952,0.185303514376997,0.388667785634394,-0.177690401976844
"HRS","Common_score_eligible","married","Married or partnered","binary",6510,1565,6503,1563,7,2,0.588805166846071,0.492088283884746,0.440818937939859,0.496644149122401,0.299342173865332
"HRS","Common_score_eligible","low_education","Low education","binary",6510,1565,6507,1565,3,0,0.160288919625019,0.366901989514208,0.256230031948882,0.436689883634083,-0.237885307608805
"HRS","Common_score_eligible","poor_srh","Fair or poor self-rated health","binary",6510,1565,6510,1565,0,0,0.272657450076805,0.445360340470827,0.474121405750799,0.499489456053899,-0.425748446651397
"HRS","Common_score_eligible","adl_any","Any baseline ADL limitation","binary",6510,1565,6510,1565,0,0,0.171889400921659,0.37731326968802,0.407667731629393,0.49155787842243,-0.538091847223696
"HRS","Common_score_eligible","iadl_any","Any baseline IADL limitation","binary",6510,1565,6510,1565,0,0,0.150230414746544,0.357324572714304,0.420447284345048,0.493788583847072,-0.626965093417895
"HRS","Common_score_eligible","walk_difficulty","Walking difficulty","binary",6510,1565,6508,1564,2,1,0.073140749846343,0.260387401290959,0.258951406649616,0.438198983938315,-0.515524571954316
"HRS","Common_score_eligible","fatigue","Fatigue","binary",6510,1565,6303,1333,207,232,0.217515468824369,0.412588775102778,0.341335333833458,0.474335652930468,-0.278537564815781
"HRS","Common_score_eligible","bmi_continuous","BMI","continuous",6510,1565,2767,389,3743,1176,29.864672834062,5.91943722809071,28.6053261251175,5.98898963768561,0.211501526415856
"HRS","Common_score_eligible","grip","Grip strength","continuous",6510,1565,2748,399,3762,1166,23.5256550218341,9.10561621020312,20.0187969924812,7.89306817291619,0.4115577409119
"HRS","Common_score_eligible","fi_n_observed","Observed complete-FI items","continuous",6510,1565,6510,1565,0,0,45.4837173579109,1.47482453054725,44.4645367412141,2.85018976677161,0.44913322066213
"HRS","Known_alive_common","age","Age, years","continuous",6510,807,6510,807,0,0,74.9678955453149,7.13866659734025,77.1164807930607,7.9901498606626,-0.283589968051159
"HRS","Known_alive_common","female","Female","binary",6510,807,6510,807,0,0,0.594470046082949,0.491032023024391,0.604708798017348,0.489216351342898,-0.0208900818166938
"HRS","Known_alive_common","fi_complete","Baseline complete FI","continuous",6510,807,6510,807,0,0,0.255107158273688,0.157615668505512,0.311786839553552,0.188973625062679,-0.325740641655338
"HRS","Known_alive_common","chronic_count","Seven-condition burden","continuous",6510,807,6510,807,0,0,2.59585253456221,1.200558584749,2.78686493184634,1.25691179321681,-0.155413629392863
"HRS","Known_alive_common","hypertension","Hypertension","binary",6510,807,6510,807,0,0,0.747465437788018,0.43449954784606,0.790582403965304,0.407145279047651,-0.102404744438407
"HRS","Known_alive_common","diabetes","Diabetes","binary",6510,807,6510,807,0,0,0.324116743471582,0.468079839122283,0.344485749690211,0.475494990340446,-0.0431727863986142
"HRS","Known_alive_common","heart_disease","Heart disease","binary",6510,807,6510,807,0,0,0.324731182795699,0.468310293057702,0.369268897149938,0.482906148438956,-0.0936326794074155
"HRS","Known_alive_common","cancer","Cancer","binary",6510,807,6510,807,0,0,0.206605222734255,0.404900837476332,0.206939281288724,0.405362840291032,-0.000824567383016591
"HRS","Known_alive_common","stroke","Stroke","binary",6510,807,6510,807,0,0,0.107987711213518,0.31038873109436,0.172242874845105,0.377825567293832,-0.185840047195189
"HRS","Known_alive_common","arthritis","Arthritis","binary",6510,807,6510,807,0,0,0.763440860215054,0.425001951995225,0.765799256505576,0.423760869817552,-0.00555725040888054
"HRS","Known_alive_common","lung_disease","Lung disease","binary",6510,807,6510,807,0,0,0.121505376344086,0.326738762584952,0.137546468401487,0.34463693631883,-0.0477687676796667
"HRS","Known_alive_common","married","Married or partnered","binary",6510,807,6503,805,7,2,0.588805166846071,0.492088283884746,0.475776397515528,0.499723355994901,0.227917108136719
"HRS","Known_alive_common","low_education","Low education","binary",6510,807,6507,807,3,0,0.160288919625019,0.366901989514208,0.265179677819083,0.4417025892535,-0.258333501948589
"HRS","Known_alive_common","poor_srh","Fair or poor self-rated health","binary",6510,807,6510,807,0,0,0.272657450076805,0.445360340470827,0.386617100371747,0.487276658369331,-0.24413513085977
"HRS","Known_alive_common","adl_any","Any baseline ADL limitation","binary",6510,807,6510,807,0,0,0.171889400921659,0.37731326968802,0.286245353159851,0.452285790186974,-0.274570743203483
"HRS","Known_alive_common","iadl_any","Any baseline IADL limitation","binary",6510,807,6510,807,0,0,0.150230414746544,0.357324572714304,0.298636926889715,0.457944079473723,-0.361326252411671
"HRS","Known_alive_common","walk_difficulty","Walking difficulty","binary",6510,807,6508,806,2,1,0.073140749846343,0.260387401290959,0.156327543424318,0.363391084315056,-0.263155361385178
"HRS","Known_alive_common","fatigue","Fatigue","binary",6510,807,6303,727,207,80,0.217515468824369,0.412588775102778,0.324621733149931,0.46855570680658,-0.242618250153252
"HRS","Known_alive_common","bmi_continuous","BMI","continuous",6510,807,2767,224,3743,583,29.864672834062,5.91943722809071,28.9944130616881,5.61941027152183,0.150789017793998
"HRS","Known_alive_common","grip","Grip strength","continuous",6510,807,2748,224,3762,583,23.5256550218341,9.10561621020312,21.0513392857143,8.03960476858419,0.288074090871132
"HRS","Known_alive_common","fi_n_observed","Observed complete-FI items","continuous",6510,807,6510,807,0,0,45.4837173579109,1.47482453054725,44.8314745972739,2.43757815812321,0.323764561427442
"ELSA","All_baseline","age","Age, years","continuous",2581,1616,2581,1616,0,0,73.3754358775668,5.99609700686631,77.3087871287129,7.41277097397137,-0.583431894021757
"ELSA","All_baseline","female","Female","binary",2581,1616,2581,1616,0,0,0.547074777218132,0.497875492112747,0.58230198019802,0.493332533518372,-0.0710785870969419
"ELSA","All_baseline","fi_complete","Baseline complete FI","continuous",2581,1616,2581,1616,0,0,0.182662216797608,0.128395480787141,0.254527148006957,0.168226514675523,-0.480245173483397
"ELSA","All_baseline","chronic_count","Seven-condition burden","continuous",2581,1616,2581,1616,0,0,1.90003874467261,0.966935941403224,2.30507425742574,1.11577442350229,-0.387960985716457
"ELSA","All_baseline","hypertension","Hypertension","binary",2581,1616,2581,1616,0,0,0.581557535838822,0.493399117774751,0.650371287128713,0.477000287028441,-0.1418053787073
"ELSA","All_baseline","diabetes","Diabetes","binary",2581,1616,2581,1616,0,0,0.151104223169314,0.358219841210948,0.21720297029703,0.412469537237681,-0.171108097010627
"ELSA","All_baseline","heart_disease","Heart disease","binary",2581,1616,2581,1616,0,0,0.276249515691592,0.447228370340219,0.394183168316832,0.488825800917071,-0.251731958731738
"ELSA","All_baseline","cancer","Cancer","binary",2581,1616,2581,1616,0,0,0.207671445176288,0.405718859291851,0.211014851485149,0.408155206049264,-0.0082159918123837
"ELSA","All_baseline","stroke","Stroke","binary",2581,1616,2581,1616,0,0,0.0538550949244479,0.225775272268741,0.111386138613861,0.31470709272309,-0.21006314689229
"ELSA","All_baseline","arthritis","Arthritis","binary",2581,1616,2581,1616,0,0,0.56412243316544,0.495967356902485,0.597772277227723,0.490499196149109,-0.0682219320939231
"ELSA","All_baseline","lung_disease","Lung disease","binary",2581,1616,2581,1616,0,0,0.0654784967067028,0.247416209335767,0.123143564356436,0.328703646338844,-0.198220935821958
"ELSA","All_baseline","married","Married or partnered","binary",2581,1616,2581,1616,0,0,0.687717938783417,0.46351398742073,0.576113861386139,0.494325693922054,0.232912421148218
"ELSA","All_baseline","low_education","Low education","binary",2581,1616,2369,1457,212,159,0.229632756437315,0.420685462853534,0.39601921757035,0.489236419694718,-0.364682475839218
"ELSA","All_baseline","poor_srh","Fair or poor self-rated health","binary",2581,1616,2581,1615,0,1,0.252615265401007,0.434596331886681,0.417956656346749,0.493375733069005,-0.355637205393561
"ELSA","All_baseline","adl_any","Any baseline ADL limitation","binary",2581,1616,2581,1616,0,0,0.172801239829523,0.378148614727289,0.287747524752475,0.452852945321932,-0.275534058987051
"ELSA","All_baseline","iadl_any","Any baseline IADL limitation","binary",2581,1616,2581,1616,0,0,0.0755521115846571,0.264331347618321,0.225247524752475,0.417874543062866,-0.428146864246043
"ELSA","All_baseline","walk_difficulty","Walking difficulty","binary",2581,1616,2581,1616,0,0,0.0244091437427354,0.154345610304393,0.0798267326732673,0.271108664635308,-0.251221064333865
"ELSA","All_baseline","fatigue","Fatigue","binary",2581,1616,2575,1612,6,4,0.16621359223301,0.372344564820214,0.286600496277916,0.452313571734721,-0.290604852813667
"ELSA","All_baseline","bmi_continuous","BMI","continuous",2581,1616,0,0,2581,1616,,,,,
"ELSA","All_baseline","grip","Grip strength","continuous",2581,1616,0,0,2581,1616,,,,,
"ELSA","All_baseline","fi_n_observed","Observed complete-FI items","continuous",2581,1616,2581,1616,0,0,43.9275474622239,0.424744052175975,43.8335396039604,0.524461778344702,0.196992812241404
"ELSA","Common_score_eligible","age","Age, years","continuous",2581,1615,2581,1615,0,0,73.3754358775668,5.99609700686631,77.3157894736842,7.40971879994032,-0.584616043801116
"ELSA","Common_score_eligible","female","Female","binary",2581,1615,2581,1615,0,0,0.547074777218132,0.497875492112747,0.582043343653251,0.493375733069005,-0.070553670465817
"ELSA","Common_score_eligible","fi_complete","Baseline complete FI","continuous",2581,1615,2581,1615,0,0,0.182662216797608,0.128395480787141,0.254623550445784,0.168233964846028,-0.480875935864363
"ELSA","Common_score_eligible","chronic_count","Seven-condition burden","continuous",2581,1615,2581,1615,0,0,1.90003874467261,0.966935941403224,2.30526315789474,1.11609417619438,-0.388078404987059
"ELSA","Common_score_eligible","hypertension","Hypertension","binary",2581,1615,2581,1615,0,0,0.581557535838822,0.493399117774751,0.65077399380805,0.476873162073689,-0.142653607209073
"ELSA","Common_score_eligible","diabetes","Diabetes","binary",2581,1615,2581,1615,0,0,0.151104223169314,0.358219841210948,0.21733746130031,0.412561850782324,-0.171434377732551
"ELSA","Common_score_eligible","heart_disease","Heart disease","binary",2581,1615,2581,1615,0,0,0.276249515691592,0.447228370340219,0.394427244582043,0.488878699070365,-0.252238085934637
"ELSA","Common_score_eligible","cancer","Cancer","binary",2581,1615,2581,1615,0,0,0.207671445176288,0.405718859291851,0.210526315789474,0.407808733619808,-0.00701847415644786
"ELSA","Common_score_eligible","stroke","Stroke","binary",2581,1615,2581,1615,0,0,0.0538550949244479,0.225775272268741,0.111455108359133,0.314792353518242,-0.210277363553932
"ELSA","Common_score_eligible","arthritis","Arthritis","binary",2581,1615,2581,1615,0,0,0.56412243316544,0.495967356902485,0.597523219814242,0.490548900307702,-0.0677135984390459
"ELSA","Common_score_eligible","lung_disease","Lung disease","binary",2581,1615,2581,1615,0,0,0.0654784967067028,0.247416209335767,0.123219814241486,0.328791162976237,-0.198449311750044
"ELSA","Common_score_eligible","married","Married or partnered","binary",2581,1615,2581,1615,0,0,0.687717938783417,0.46351398742073,0.576470588235294,0.494270695737438,0.232181695024347
"ELSA","Common_score_eligible","low_education","Low education","binary",2581,1615,2369,1457,212,158,0.229632756437315,0.420685462853534,0.39601921757035,0.489236419694718,-0.364682475839218
"ELSA","Common_score_eligible","poor_srh","Fair or poor self-rated health","binary",2581,1615,2581,1615,0,0,0.252615265401007,0.434596331886681,0.417956656346749,0.493375733069005,-0.355637205393561
"ELSA","Common_score_eligible","adl_any","Any baseline ADL limitation","binary",2581,1615,2581,1615,0,0,0.172801239829523,0.378148614727289,0.287925696594427,0.452936550345798,-0.275931134066276
"ELSA","Common_score_eligible","iadl_any","Any baseline IADL limitation","binary",2581,1615,2581,1615,0,0,0.0755521115846571,0.264331347618321,0.225386996904025,0.417966349539701,-0.428478535567166
"ELSA","Common_score_eligible","walk_difficulty","Walking difficulty","binary",2581,1615,2581,1615,0,0,0.0244091437427354,0.154345610304393,0.0798761609907121,0.271185354372969,-0.251391427350793
"ELSA","Common_score_eligible","fatigue","Fatigue","binary",2581,1615,2575,1611,6,4,0.16621359223301,0.372344564820214,0.286778398510242,0.452397601665519,-0.291002069540607
"ELSA","Common_score_eligible","bmi_continuous","BMI","continuous",2581,1615,0,0,2581,1615,,,,,
"ELSA","Common_score_eligible","grip","Grip strength","continuous",2581,1615,0,0,2581,1615,,,,,
"ELSA","Common_score_eligible","fi_n_observed","Observed complete-FI items","continuous",2581,1615,2581,1615,0,0,43.9275474622239,0.424744052175975,43.8340557275542,0.524213540269666,0.195967289099936
"ELSA","Known_alive_common","age","Age, years","continuous",2581,69,2581,69,0,0,73.3754358775668,5.99609700686631,77.7536231884058,7.69340014539095,-0.634781329224574
"ELSA","Known_alive_common","female","Female","binary",2581,69,2581,69,0,0,0.547074777218132,0.497875492112747,0.521739130434783,0.503186775408786,0.0506168117908004
"ELSA","Known_alive_common","fi_complete","Baseline complete FI","continuous",2581,69,2581,69,0,0,0.182662216797608,0.128395480787141,0.278628313322449,0.169056991768421,-0.639307694113274
"ELSA","Known_alive_common","chronic_count","Seven-condition burden","continuous",2581,69,2581,69,0,0,1.90003874467261,0.966935941403224,2.18840579710145,1.21601279887373,-0.262496361202524
"ELSA","Known_alive_common","hypertension","Hypertension","binary",2581,69,2581,69,0,0,0.581557535838822,0.493399117774751,0.623188405797101,0.48813719369005,-0.0848267583451914
"ELSA","Known_alive_common","diabetes","Diabetes","binary",2581,69,2581,69,0,0,0.151104223169314,0.358219841210948,0.231884057971014,0.425127231344158,-0.205494565112666
"ELSA","Known_alive_common","heart_disease","Heart disease","binary",2581,69,2581,69,0,0,0.276249515691592,0.447228370340219,0.391304347826087,0.491617716869156,-0.244824893326963
"ELSA","Known_alive_common","cancer","Cancer","binary",2581,69,2581,69,0,0,0.207671445176288,0.405718859291851,0.130434782608696,0.339248454773925,0.20653533097314
"ELSA","Known_alive_common","stroke","Stroke","binary",2581,69,2581,69,0,0,0.0538550949244479,0.225775272268741,0.202898550724638,0.405103840897162,-0.454489930607904
"ELSA","Known_alive_common","arthritis","Arthritis","binary",2581,69,2581,69,0,0,0.56412243316544,0.495967356902485,0.478260869565217,0.503186775408786,0.171864018911103
"ELSA","Known_alive_common","lung_disease","Lung disease","binary",2581,69,2581,69,0,0,0.0654784967067028,0.247416209335767,0.130434782608696,0.339248454773925,-0.21877854850356
"ELSA","Known_alive_common","married","Married or partnered","binary",2581,69,2581,69,0,0,0.687717938783417,0.46351398742073,0.72463768115942,0.449969213685928,-0.0808240030009043
"ELSA","Known_alive_common","low_education","Low education","binary",2581,69,2369,63,212,6,0.229632756437315,0.420685462853534,0.396825396825397,0.493168901894889,-0.364760964288501
"ELSA","Known_alive_common","poor_srh","Fair or poor self-rated health","binary",2581,69,2581,69,0,0,0.252615265401007,0.434596331886681,0.449275362318841,0.501064510466231,-0.419309508973199
"ELSA","Known_alive_common","adl_any","Any baseline ADL limitation","binary",2581,69,2581,69,0,0,0.172801239829523,0.378148614727289,0.333333333333333,0.474858079933817,-0.373995205457113
"ELSA","Known_alive_common","iadl_any","Any baseline IADL limitation","binary",2581,69,2581,69,0,0,0.0755521115846571,0.264331347618321,0.318840579710145,0.469441270623243,-0.638635821058595
"ELSA","Known_alive_common","walk_difficulty","Walking difficulty","binary",2581,69,2581,69,0,0,0.0244091437427354,0.154345610304393,0.144927536231884,0.35460675480613,-0.440705258881419
"ELSA","Known_alive_common","fatigue","Fatigue","binary",2581,69,2575,69,6,0,0.16621359223301,0.372344564820214,0.347826086956522,0.479769765755401,-0.422915675594869
"ELSA","Known_alive_common","bmi_continuous","BMI","continuous",2581,69,0,0,2581,69,,,,,
"ELSA","Known_alive_common","grip","Grip strength","continuous",2581,69,0,0,2581,69,,,,,
"ELSA","Known_alive_common","fi_n_observed","Observed complete-FI items","continuous",2581,69,2581,69,0,0,43.9275474622239,0.424744052175975,43.7536231884058,0.466709290466058,0.389772232871749
"SHARE","All_baseline","age","Age, years","continuous",5851,6709,5851,6709,0,0,73.0358913006324,5.88947290353863,75.497838724102,7.08192979880756,-0.378002274119822
"SHARE","All_baseline","female","Female","binary",5851,6709,5851,6709,0,0,0.572551700564006,0.494750529056623,0.542852884185423,0.498197376038309,0.0598191250332131
"SHARE","All_baseline","fi_complete","Baseline complete FI","continuous",5851,6709,5851,6709,0,0,0.204988572060265,0.127900285725555,0.262643326524948,0.169793246574267,-0.383563666196061
"SHARE","All_baseline","chronic_count","Seven-condition burden","continuous",5851,6709,5851,6702,0,7,1.84925653734404,0.951745518843603,1.93643688451209,1.00861252515865,-0.0889058912384799
"SHARE","All_baseline","hypertension","Hypertension","binary",5851,6709,5851,6705,0,4,0.651341650999829,0.476586324238561,0.656375838926174,0.474952882490049,-0.0105811310208456
"SHARE","All_baseline","diabetes","Diabetes","binary",5851,6709,5851,6705,0,4,0.189711160485387,0.392105997325558,0.242654735272185,0.428719986966279,-0.128872581597195
"SHARE","All_baseline","heart_disease","Heart disease","binary",5851,6709,5851,6705,0,4,0.282173987352589,0.450096048036715,0.318120805369128,0.465781402973705,-0.0784854950020925
"SHARE","All_baseline","cancer","Cancer","binary",5851,6709,5851,6703,0,6,0.0998119979490685,0.299774785320821,0.109950768312696,0.312851720004652,-0.0330918145325115
"SHARE","All_baseline","stroke","Stroke","binary",5851,6709,5851,6702,0,7,0.0842591010083746,0.277799738237086,0.114294240525216,0.318192039447436,-0.100559767604906
"SHARE","All_baseline","arthritis","Arthritis","binary",5851,6709,5851,6702,0,7,0.45308494274483,0.497836656145668,0.395553566099672,0.48900574877545,0.116592219766988
"SHARE","All_baseline","lung_disease","Lung disease","binary",5851,6709,5851,6702,0,7,0.0888736968039651,0.284585672036623,0.100417785735601,0.300578666452148,-0.039441158783861
"SHARE","All_baseline","married","Married or partnered","binary",5851,6709,5845,6672,6,37,0.676817792985458,0.467731650790112,0.632643884892086,0.482120771172409,0.0930014795925507
"SHARE","All_baseline","low_education","Low education","binary",5851,6709,5851,6709,0,0,0.600922919159118,0.489750506208041,0.638396184230139,0.4805006865766,-0.0772409507220122
"SHARE","All_baseline","poor_srh","Fair or poor self-rated health","binary",5851,6709,5851,6701,0,8,0.480772517518373,0.499672868749387,0.594687360095508,0.490989082472689,-0.229968388879379
"SHARE","All_baseline","adl_any","Any baseline ADL limitation","binary",5851,6709,5851,6709,0,0,0.136045120492224,0.342865771769322,0.237144134744373,0.425363095382279,-0.261695657672421
"SHARE","All_baseline","iadl_any","Any baseline IADL limitation","binary",5851,6709,5851,6709,0,0,0.099470176038284,0.299317844823922,0.249813683112237,0.432937344945849,-0.403961033101564
"SHARE","All_baseline","walk_difficulty","Walking difficulty","binary",5851,6709,5851,6709,0,0,0.0198256708254999,0.139412823714713,0.0740795945744522,0.261919899236494,-0.258589652731173
"SHARE","All_baseline","fatigue","Fatigue","binary",5851,6709,2915,3032,2936,3677,0.28885077186964,0.453306183781505,0.418865435356201,0.493454650012688,-0.274404928648801
"SHARE","All_baseline","bmi_continuous","BMI","continuous",5851,6709,5710,6371,141,338,27.0548623374017,4.25083342924716,26.8614809219822,4.61222026590863,0.0436014195381786
"SHARE","All_baseline","grip","Grip strength","continuous",5851,6709,5366,5457,485,1252,26.5294446515095,10.5075736919568,24.5242807403335,10.1649431411067,0.193966566385687
"SHARE","All_baseline","fi_n_observed","Observed complete-FI items","continuous",5851,6709,5851,6709,0,0,49.9567595282858,0.285866552052305,49.8209867342376,0.845028700367828,0.215242309869729
"SHARE","Common_score_eligible","age","Age, years","continuous",5851,6701,5851,6701,0,0,73.0358913006324,5.88947290353863,75.4896284136696,7.07786679616755,-0.376869482872692
"SHARE","Common_score_eligible","female","Female","binary",5851,6701,5851,6701,0,0,0.572551700564006,0.494750529056623,0.543202507088494,0.498167219152856,0.0591167189217448
"SHARE","Common_score_eligible","fi_complete","Baseline complete FI","continuous",5851,6701,5851,6701,0,0,0.204988572060265,0.127900285725555,0.262498510765234,0.169708285449441,-0.382722409322899
"SHARE","Common_score_eligible","chronic_count","Seven-condition burden","continuous",5851,6701,5851,6694,0,7,1.84925653734404,0.951745518843603,1.93651030773827,1.00900005536521,-0.0889626846958659
"SHARE","Common_score_eligible","hypertension","Hypertension","binary",5851,6701,5851,6697,0,4,0.651341650999829,0.476586324238561,0.656263998805435,0.474989738499817,-0.010345659311662
"SHARE","Common_score_eligible","diabetes","Diabetes","binary",5851,6701,5851,6697,0,4,0.189711160485387,0.392105997325558,0.242645960878005,0.428714757299339,-0.128852079268672
"SHARE","Common_score_eligible","heart_disease","Heart disease","binary",5851,6701,5851,6697,0,4,0.282173987352589,0.450096048036715,0.318052859489324,0.465754903164684,-0.0783394482251824
"SHARE","Common_score_eligible","cancer","Cancer","binary",5851,6701,5851,6695,0,6,0.0998119979490685,0.299774785320821,0.11008215085885,0.313015503657377,-0.0335114850930804
"SHARE","Common_score_eligible","stroke","Stroke","binary",5851,6701,5851,6694,0,7,0.0842591010083746,0.277799738237086,0.114281446071108,0.318176555699791,-0.100519706561138
"SHARE","Common_score_eligible","arthritis","Arthritis","binary",5851,6701,5851,6694,0,7,0.45308494274483,0.497836656145668,0.395727517179564,0.489042919679256,0.116235354396198
"SHARE","Common_score_eligible","lung_disease","Lung disease","binary",5851,6701,5851,6694,0,7,0.0888736968039651,0.284585672036623,0.100388407529131,0.300539628752488,-0.039343480495575
"SHARE","Common_score_eligible","married","Married or partnered","binary",5851,6701,5845,6664,6,37,0.676817792985458,0.467731650790112,0.63250300120048,0.482159558966908,0.0932942222618141
"SHARE","Common_score_eligible","low_education","Low education","binary",5851,6701,5851,6701,0,0,0.600922919159118,0.489750506208041,0.638113714370989,0.480582009922492,-0.07665235268192
"SHARE","Common_score_eligible","poor_srh","Fair or poor self-rated health","binary",5851,6701,5851,6701,0,0,0.480772517518373,0.499672868749387,0.594687360095508,0.490989082472689,-0.229968388879379
"SHARE","Common_score_eligible","adl_any","Any baseline ADL limitation","binary",5851,6701,5851,6701,0,0,0.136045120492224,0.342865771769322,0.236681092374272,0.425076601963079,-0.26060345008062
"SHARE","Common_score_eligible","iadl_any","Any baseline IADL limitation","binary",5851,6701,5851,6701,0,0,0.099470176038284,0.299317844823922,0.249664229219519,0.432850969581935,-0.403613943594199
"SHARE","Common_score_eligible","walk_difficulty","Walking difficulty","binary",5851,6701,5851,6701,0,0,0.0198256708254999,0.139412823714713,0.0740188031637069,0.261821026267261,-0.258375902918064
"SHARE","Common_score_eligible","fatigue","Fatigue","binary",5851,6701,2915,3031,2936,3670,0.28885077186964,0.453306183781505,0.418673705047839,0.493423103606868,-0.274009768640101
"SHARE","Common_score_eligible","bmi_continuous","BMI","continuous",5851,6701,5710,6363,141,338,27.0548623374017,4.25083342924716,26.8633584611084,4.61403376658791,0.0431689149166155
"SHARE","Common_score_eligible","grip","Grip strength","continuous",5851,6701,5366,5452,485,1249,26.5294446515095,10.5075736919568,24.5280630961115,10.1662271800943,0.193588863498976
"SHARE","Common_score_eligible","fi_n_observed","Observed complete-FI items","continuous",5851,6701,5851,6701,0,0,49.9567595282858,0.285866552052305,49.8242053424862,0.834777107926255,0.212451065134379
"SHARE","Known_alive_common","age","Age, years","continuous",5851,2629,5851,2629,0,0,73.0358913006324,5.88947290353863,74.2107265119817,6.54370790979101,-0.188722759527088
"SHARE","Known_alive_common","female","Female","binary",5851,2629,5851,2629,0,0,0.572551700564006,0.494750529056623,0.557626473944466,0.496762574325157,0.0301058974172654
"SHARE","Known_alive_common","fi_complete","Baseline complete FI","continuous",5851,2629,5851,2629,0,0,0.204988572060265,0.127900285725555,0.2407255708753,0.158968191075572,-0.247704081271811
"SHARE","Known_alive_common","chronic_count","Seven-condition burden","continuous",5851,2629,5851,2627,0,2,1.84925653734404,0.951745518843603,1.92272554244385,0.997581478483483,-0.0753580115270296
"SHARE","Known_alive_common","hypertension","Hypertension","binary",5851,2629,5851,2628,0,1,0.651341650999829,0.476586324238561,0.681126331811263,0.466128661657722,-0.0631852655585453
"SHARE","Known_alive_common","diabetes","Diabetes","binary",5851,2629,5851,2629,0,0,0.189711160485387,0.392105997325558,0.249524534043363,0.432820167550204,-0.144838796399945
"SHARE","Known_alive_common","heart_disease","Heart disease","binary",5851,2629,5851,2628,0,1,0.282173987352589,0.450096048036715,0.30441400304414,0.4602463705127,-0.0488577328681967
"SHARE","Known_alive_common","cancer","Cancer","binary",5851,2629,5851,2627,0,2,0.0998119979490685,0.299774785320821,0.118005329272935,0.322675852812608,-0.0584175808673078
"SHARE","Known_alive_common","stroke","Stroke","binary",5851,2629,5851,2627,0,2,0.0842591010083746,0.277799738237086,0.103159497525695,0.304224994010029,-0.0648802196912117
"SHARE","Known_alive_common","arthritis","Arthritis","binary",5851,2629,5851,2627,0,2,0.45308494274483,0.497836656145668,0.383707651313285,0.486380654899901,0.14097007117487
"SHARE","Known_alive_common","lung_disease","Lung disease","binary",5851,2629,5851,2627,0,2,0.0888736968039651,0.284585672036623,0.0837457175485345,0.2770588251423,0.0182589479788134
"SHARE","Known_alive_common","married","Married or partnered","binary",5851,2629,5845,2606,6,23,0.676817792985458,0.467731650790112,0.706446661550269,0.455477095246328,-0.0641810615361866
"SHARE","Known_alive_common","low_education","Low education","binary",5851,2629,5851,2629,0,0,0.600922919159118,0.489750506208041,0.551160136934196,0.497470374810078,0.100810794773535
"SHARE","Known_alive_common","poor_srh","Fair or poor self-rated health","binary",5851,2629,5851,2629,0,0,0.480772517518373,0.499672868749387,0.575884366679346,0.494302034270053,-0.191373968155149
"SHARE","Known_alive_common","adl_any","Any baseline ADL limitation","binary",5851,2629,5851,2629,0,0,0.136045120492224,0.342865771769322,0.178014454165082,0.382597683754669,-0.115530372311997
"SHARE","Known_alive_common","iadl_any","Any baseline IADL limitation","binary",5851,2629,5851,2629,0,0,0.099470176038284,0.299317844823922,0.213769494104222,0.410043963337646,-0.318403981000471
"SHARE","Known_alive_common","walk_difficulty","Walking difficulty","binary",5851,2629,5851,2629,0,0,0.0198256708254999,0.139412823714713,0.0490680867249905,0.216051301066953,-0.160835236448654
"SHARE","Known_alive_common","fatigue","Fatigue","binary",5851,2629,2915,1097,2936,1532,0.28885077186964,0.453306183781505,0.365542388331814,0.481801574876816,-0.163951229878054
"SHARE","Known_alive_common","bmi_continuous","BMI","continuous",5851,2629,5710,2446,141,183,27.0548623374017,4.25083342924716,26.9669576799575,4.37580645010379,0.0203776756360834
"SHARE","Known_alive_common","grip","Grip strength","continuous",5851,2629,5366,2193,485,436,26.5294446515095,10.5075736919568,25.1217510259918,10.2323930243859,0.135735004163258
"SHARE","Known_alive_common","fi_n_observed","Observed complete-FI items","continuous",5851,2629,5851,2629,0,0,49.9567595282858,0.285866552052305,49.820844427539,0.777983217278102,0.23190570351998
"CHARLS","All_baseline","age","Age, years","continuous",2930,1091,2930,1091,0,0,70.8126279863481,4.90037772683449,73.9981668194317,6.31860485222551,-0.563399924649861
"CHARLS","All_baseline","female","Female","binary",2930,1091,2930,1091,0,0,0.521501706484642,0.499622729804949,0.514207149404216,0.500027328779959,0.014594220087923
"CHARLS","All_baseline","fi_complete","Baseline complete FI","continuous",2930,1091,2930,1091,0,0,0.268529598240761,0.156180857843025,0.322806340489022,0.179912923434274,-0.322183497081807
"CHARLS","All_baseline","chronic_count","Seven-condition burden","continuous",2930,1091,2724,1011,206,80,1.94566813509545,0.972247828804369,2.06132542037587,1.03989614101397,-0.11489433991023
"CHARLS","All_baseline","hypertension","Hypertension","binary",2930,1091,2882,1069,48,22,0.573213046495489,0.494696639093906,0.595884003741815,0.4909498262049,-0.0460018764199537
"CHARLS","All_baseline","diabetes","Diabetes","binary",2930,1091,2856,1064,74,27,0.15266106442577,0.359723466426435,0.174812030075188,0.379984851911291,-0.059868627070387
"CHARLS","All_baseline","heart_disease","Heart disease","binary",2930,1091,2868,1061,62,30,0.306834030683403,0.461260330810512,0.345900094250707,0.475885138958051,-0.0833623138882609
"CHARLS","All_baseline","cancer","Cancer","binary",2930,1091,2883,1069,47,22,0.019077349982657,0.136820677900288,0.0308699719363891,0.17304632026432,-0.0755992238103376
"CHARLS","All_baseline","stroke","Stroke","binary",2930,1091,2883,1072,47,19,0.0652098508498092,0.246938610430581,0.0914179104477612,0.28833700840604,-0.0976320476637232
"CHARLS","All_baseline","arthritis","Arthritis","binary",2930,1091,2886,1074,44,17,0.651767151767152,0.476492815218951,0.611731843575419,0.487583174514719,0.0830487635443734
"CHARLS","All_baseline","lung_disease","Lung disease","binary",2930,1091,2885,1072,45,19,0.2,0.400069342117189,0.233208955223881,0.423071514345106,-0.0806569040910354
"CHARLS","All_baseline","married","Married or partnered","binary",2930,1091,2930,1091,0,0,0.762457337883959,0.425650069046578,0.66269477543538,0.473006853879218,0.221718271360164
"CHARLS","All_baseline","low_education","Low education","binary",2930,1091,2930,1091,0,0,0.927645051194539,0.259118941339208,0.93858845096242,0.240193779213616,-0.0438023994480201
"CHARLS","All_baseline","poor_srh","Fair or poor self-rated health","binary",2930,1091,2930,1088,0,3,0.829351535836177,0.376265710977116,0.829044117647059,0.376643538372245,0.000816614089085081
"CHARLS","All_baseline","adl_any","Any baseline ADL limitation","binary",2930,1091,2930,1091,0,0,0.303754266211604,0.459956320410369,0.387717690192484,0.487453048361065,-0.177173851678695
"CHARLS","All_baseline","iadl_any","Any baseline IADL limitation","binary",2930,1091,2930,1091,0,0,0.267576791808874,0.442771230225511,0.390467461044913,0.488078860370171,-0.263727443420784
"CHARLS","All_baseline","walk_difficulty","Walking difficulty","binary",2930,1091,2928,1085,2,6,0.118852459016393,0.323670096683255,0.223963133640553,0.417089899037929,-0.281561217518571
"CHARLS","All_baseline","fatigue","Fatigue","binary",2930,1091,2891,1044,39,47,0.361812521618817,0.480608071585271,0.375478927203065,0.484478409604953,-0.0283213907851192
"CHARLS","All_baseline","bmi_continuous","BMI","continuous",2930,1091,2553,823,377,268,23.7189059718296,4.25200810037692,22.9681047358946,4.38025888341751,0.173933078569542
"CHARLS","All_baseline","grip","Grip strength","continuous",2930,1091,2534,824,396,267,23.1211365424655,9.30418864610533,19.924453867726,9.50686644718402,0.339853041451942
"CHARLS","All_baseline","fi_n_observed","Observed complete-FI items","continuous",2930,1091,2930,1091,0,0,38.4467576791809,1.0672495381264,37.9202566452796,1.46458571282788,0.410875719315273
"CHARLS","Common_score_eligible","age","Age, years","continuous",2930,1016,2930,1016,0,0,70.8126279863481,4.90037772683449,74.0954724409449,6.33449693363217,-0.579698715748844
"CHARLS","Common_score_eligible","female","Female","binary",2930,1016,2930,1016,0,0,0.521501706484642,0.499622729804949,0.50492125984252,0.500222013469416,0.0331660365779208
"CHARLS","Common_score_eligible","fi_complete","Baseline complete FI","continuous",2930,1016,2930,1016,0,0,0.268529598240761,0.156180857843025,0.322739319872681,0.18273196158822,-0.318926432993594
"CHARLS","Common_score_eligible","chronic_count","Seven-condition burden","continuous",2930,1016,2724,942,206,74,1.94566813509545,0.972247828804369,2.06050955414013,1.04395988305198,-0.113846253172698
"CHARLS","Common_score_eligible","hypertension","Hypertension","binary",2930,1016,2882,994,48,22,0.573213046495489,0.494696639093906,0.591549295774648,0.491794721833685,-0.0371745170228057
"CHARLS","Common_score_eligible","diabetes","Diabetes","binary",2930,1016,2856,990,74,26,0.15266106442577,0.359723466426435,0.175757575757576,0.380806155978238,-0.0623530947407459
"CHARLS","Common_score_eligible","heart_disease","Heart disease","binary",2930,1016,2868,990,62,26,0.306834030683403,0.461260330810512,0.339393939393939,0.473742960563163,-0.0696404125812937
"CHARLS","Common_score_eligible","cancer","Cancer","binary",2930,1016,2883,995,47,21,0.019077349982657,0.136820677900288,0.0321608040201005,0.176515724732455,-0.0828484153351177
"CHARLS","Common_score_eligible","stroke","Stroke","binary",2930,1016,2883,997,47,19,0.0652098508498092,0.246938610430581,0.0922768304914744,0.289561591472018,-0.100585096385962
"CHARLS","Common_score_eligible","arthritis","Arthritis","binary",2930,1016,2886,999,44,17,0.651767151767152,0.476492815218951,0.60960960960961,0.48808216125979,0.0874053351796933
"CHARLS","Common_score_eligible","lung_disease","Lung disease","binary",2930,1016,2885,997,45,19,0.2,0.400069342117189,0.236710130391174,0.425276202746135,-0.0889155381645339
"CHARLS","Common_score_eligible","married","Married or partnered","binary",2930,1016,2930,1016,0,0,0.762457337883959,0.425650069046578,0.670275590551181,0.47034451563071,0.2055085516268
"CHARLS","Common_score_eligible","low_education","Low education","binary",2930,1016,2930,1016,0,0,0.927645051194539,0.259118941339208,0.936023622047244,0.244831369398305,-0.0332382197458962
"CHARLS","Common_score_eligible","poor_srh","Fair or poor self-rated health","binary",2930,1016,2930,1016,0,0,0.829351535836177,0.376265710977116,0.827755905511811,0.37777842107917,0.00423218494963619
"CHARLS","Common_score_eligible","adl_any","Any baseline ADL limitation","binary",2930,1016,2930,1016,0,0,0.303754266211604,0.459956320410369,0.388779527559055,0.487713158263162,-0.17936383096212
"CHARLS","Common_score_eligible","iadl_any","Any baseline IADL limitation","binary",2930,1016,2930,1016,0,0,0.267576791808874,0.442771230225511,0.385826771653543,0.487029707990014,-0.254067810544924
"CHARLS","Common_score_eligible","walk_difficulty","Walking difficulty","binary",2930,1016,2928,1011,2,5,0.118852459016393,0.323670096683255,0.22650840751731,0.41877895901466,-0.287651672093821
"CHARLS","Common_score_eligible","fatigue","Fatigue","binary",2930,1016,2891,974,39,42,0.361812521618817,0.480608071585271,0.379876796714579,0.485605316430892,-0.0373913955649493
"CHARLS","Common_score_eligible","bmi_continuous","BMI","continuous",2930,1016,2553,759,377,257,23.7189059718296,4.25200810037692,22.9774009871463,4.42633019902015,0.170851932661608
"CHARLS","Common_score_eligible","grip","Grip strength","continuous",2930,1016,2534,761,396,255,23.1211365424655,9.30418864610533,20.0093955133654,9.58741053952571,0.329394178045178
"CHARLS","Common_score_eligible","fi_n_observed","Observed complete-FI items","continuous",2930,1016,2930,1016,0,0,38.4467576791809,1.0672495381264,38.0187007874016,1.4116491718112,0.342074907122507
"CHARLS","Known_alive_common","age","Age, years","continuous",2930,414,2930,414,0,0,70.8126279863481,4.90037772683449,75.0724637681159,6.61237853176543,-0.731971326825926
"CHARLS","Known_alive_common","female","Female","binary",2930,414,2930,414,0,0,0.521501706484642,0.499622729804949,0.599033816425121,0.490687153521386,-0.156575139380524
"CHARLS","Known_alive_common","fi_complete","Baseline complete FI","continuous",2930,414,2930,414,0,0,0.268529598240761,0.156180857843025,0.324173358997051,0.173660167764396,-0.336924695244447
"CHARLS","Known_alive_common","chronic_count","Seven-condition burden","continuous",2930,414,2724,381,206,33,1.94566813509545,0.972247828804369,1.93175853018373,0.984385624299929,0.0142176218655476
"CHARLS","Known_alive_common","hypertension","Hypertension","binary",2930,414,2882,407,48,7,0.573213046495489,0.494696639093906,0.57985257985258,0.494189865875423,-0.0134283003193503
"CHARLS","Known_alive_common","diabetes","Diabetes","binary",2930,414,2856,404,74,10,0.15266106442577,0.359723466426435,0.148514851485149,0.356050533504949,0.011585104667886
"CHARLS","Known_alive_common","heart_disease","Heart disease","binary",2930,414,2868,403,62,11,0.306834030683403,0.461260330810512,0.297766749379653,0.457844805427363,0.0197305364503516
"CHARLS","Known_alive_common","cancer","Cancer","binary",2930,414,2883,407,47,7,0.019077349982657,0.136820677900288,0.0294840294840295,0.169367060253741,-0.0675950118501061
"CHARLS","Known_alive_common","stroke","Stroke","binary",2930,414,2883,406,47,8,0.0652098508498092,0.246938610430581,0.0862068965517241,0.281015612327987,-0.0793759876863835
"CHARLS","Known_alive_common","arthritis","Arthritis","binary",2930,414,2886,405,44,9,0.651767151767152,0.476492815218951,0.627160493827161,0.484158028390732,0.0512275085577758
"CHARLS","Known_alive_common","lung_disease","Lung disease","binary",2930,414,2885,406,45,8,0.2,0.400069342117189,0.182266009852217,0.386539938590785,0.0450830369275897
"CHARLS","Known_alive_common","married","Married or partnered","binary",2930,414,2930,414,0,0,0.762457337883959,0.425650069046578,0.664251207729469,0.472822952583801,0.21830605743974
"CHARLS","Known_alive_common","low_education","Low education","binary",2930,414,2930,414,0,0,0.927645051194539,0.259118941339208,0.961352657004831,0.192986233887085,-0.147543855113141
"CHARLS","Known_alive_common","poor_srh","Fair or poor self-rated health","binary",2930,414,2930,414,0,0,0.829351535836177,0.376265710977116,0.789855072463768,0.407904321332365,0.100652546736711
"CHARLS","Known_alive_common","adl_any","Any baseline ADL limitation","binary",2930,414,2930,414,0,0,0.303754266211604,0.459956320410369,0.384057971014493,0.48696018752474,-0.169542024461869
"CHARLS","Known_alive_common","iadl_any","Any baseline IADL limitation","binary",2930,414,2930,414,0,0,0.267576791808874,0.442771230225511,0.456521739130435,0.498708723171581,-0.400672010381662
"CHARLS","Known_alive_common","walk_difficulty","Walking difficulty","binary",2930,414,2928,413,2,1,0.118852459016393,0.323670096683255,0.232445520581114,0.422903825579573,-0.301651889627193
"CHARLS","Known_alive_common","fatigue","Fatigue","binary",2930,414,2891,393,39,21,0.361812521618817,0.480608071585271,0.384223918575064,0.487031272031526,-0.0463207771813002
"CHARLS","Known_alive_common","bmi_continuous","BMI","continuous",2930,414,2553,332,377,82,23.7189059718296,4.25200810037692,23.0047502928916,4.40560872286074,0.164951469605104
"CHARLS","Known_alive_common","grip","Grip strength","continuous",2930,414,2534,337,396,77,23.1211365424655,9.30418864610533,18.6737388570514,8.79461076083655,0.491263078282277
"CHARLS","Known_alive_common","fi_n_observed","Observed complete-FI items","continuous",2930,414,2930,414,0,0,38.4467576791809,1.0672495381264,37.8768115942029,1.57670495850069,0.42334415012415
"MHAS","All_baseline","age","Age, years","continuous",3989,1838,3989,1838,0,0,73.1318626222111,5.86261638501213,76.557127312296,7.3947524256158,-0.513317121070577
"MHAS","All_baseline","female","Female","binary",3989,1838,3989,1838,0,0,0.596640762095763,0.490633171810532,0.557671381936888,0.496798040057146,0.0789292868472994
"MHAS","All_baseline","fi_complete","Baseline complete FI","continuous",3989,1838,3989,1838,0,0,0.314081898679421,0.165909474099858,0.381185396006911,0.192929178546111,-0.372947966578131
"MHAS","All_baseline","chronic_count","Seven-condition burden","continuous",3989,1838,0,0,3989,1838,,,,,
"MHAS","All_baseline","hypertension","Hypertension","binary",3989,1838,3989,1838,0,0,0.838806718475808,0.367755233450425,0.838955386289445,0.367672129702653,-0.000404303185157727
"MHAS","All_baseline","diabetes","Diabetes","binary",3989,1838,3984,1838,5,0,0.359186746987952,0.479822275727449,0.423830250272035,0.494298596358016,-0.132707076031174
"MHAS","All_baseline","heart_disease","Heart disease","binary",3989,1838,3989,1838,0,0,0.18751566808724,0.390373853253003,0.220892274211099,0.414960916413106,-0.0828501715158449
"MHAS","All_baseline","cancer","Cancer","binary",3989,1838,3989,1836,0,2,0.0599147656054149,0.237358610725064,0.0735294117647059,0.261074628281449,-0.054568033105138
"MHAS","All_baseline","stroke","Stroke","binary",3989,1838,3989,1838,0,0,0.0503885685635498,0.2187728481942,0.0908596300326442,0.287487607632898,-0.158429685713379
"MHAS","All_baseline","arthritis","Arthritis","binary",3989,1838,3989,1838,0,0,0.427425419904738,0.49476691245331,0.453754080522307,0.497992210941177,-0.0530411074563942
"MHAS","All_baseline","lung_disease","Lung disease","binary",3989,1838,0,0,3989,1838,,,,,
"MHAS","All_baseline","married","Married or partnered","binary",3989,1838,3989,1838,0,0,0.606417648533467,0.488605293101421,0.536452665941241,0.498805143565754,0.141706523290628
"MHAS","All_baseline","low_education","Low education","binary",3989,1838,3956,1817,33,21,0.899646107178969,0.300509262043568,0.905338470005504,0.292827452201183,-0.0191860226216093
"MHAS","All_baseline","poor_srh","Fair or poor self-rated health","binary",3989,1838,3989,1838,0,0,0.72048132364001,0.448818988477433,0.733949945593036,0.442010995187481,-0.0302374839219458
"MHAS","All_baseline","adl_any","Any baseline ADL limitation","binary",3989,1838,3989,1838,0,0,0.197041865129105,0.397814079221704,0.329162132752992,0.47003683572422,-0.303427977214678
"MHAS","All_baseline","iadl_any","Any baseline IADL limitation","binary",3989,1838,3989,1838,0,0,0.130107796440211,0.336464170195518,0.297062023939064,0.457088449056524,-0.415998195992912
"MHAS","All_baseline","walk_difficulty","Walking difficulty","binary",3989,1838,3987,1835,2,3,0.0857787810383747,0.280072233212393,0.209809264305177,0.407283359090971,-0.354865479811424
"MHAS","All_baseline","fatigue","Fatigue","binary",3989,1838,3986,1837,3,1,0.204214751630707,0.403177216055732,0.250952640174197,0.433679369680077,-0.111624559771546
"MHAS","All_baseline","bmi_continuous","BMI","continuous",3989,1838,3511,1519,478,319,27.5532751444897,5.07367400610496,26.8610043129713,5.09686739346857,0.136132188891617
"MHAS","All_baseline","grip","Grip strength","continuous",3989,1838,0,0,3989,1838,,,,,
"MHAS","All_baseline","fi_n_observed","Observed complete-FI items","continuous",3989,1838,3989,1838,0,0,42.7370268237654,0.530215683042379,42.1420021762786,1.33947589096947,0.584126574232126
"MHAS","Common_score_eligible","age","Age, years","continuous",3989,1444,3989,1444,0,0,73.1318626222111,5.86261638501213,76.6973684210526,7.34586357834882,-0.536509178075612
"MHAS","Common_score_eligible","female","Female","binary",3989,1444,3989,1444,0,0,0.596640762095763,0.490633171810532,0.532548476454294,0.499112324719116,0.129507906862154
"MHAS","Common_score_eligible","fi_complete","Baseline complete FI","continuous",3989,1444,3989,1444,0,0,0.314081898679421,0.165909474099858,0.388956323246308,0.194366213053234,-0.41436017774124
"MHAS","Common_score_eligible","chronic_count","Seven-condition burden","continuous",3989,1444,0,0,3989,1444,,,,,
"MHAS","Common_score_eligible","hypertension","Hypertension","binary",3989,1444,3989,1444,0,0,0.838806718475808,0.367755233450425,0.825484764542936,0.379683422735602,0.0356424108303795
"MHAS","Common_score_eligible","diabetes","Diabetes","binary",3989,1444,3984,1444,5,0,0.359186746987952,0.479822275727449,0.429362880886427,0.495156732538827,-0.143936341590433
"MHAS","Common_score_eligible","heart_disease","Heart disease","binary",3989,1444,3989,1444,0,0,0.18751566808724,0.390373853253003,0.222299168975069,0.415935158367317,-0.0862350165093701
"MHAS","Common_score_eligible","cancer","Cancer","binary",3989,1444,3989,1442,0,2,0.0599147656054149,0.237358610725064,0.0742024965325936,0.262191073127797,-0.0571318976326403
"MHAS","Common_score_eligible","stroke","Stroke","binary",3989,1444,3989,1444,0,0,0.0503885685635498,0.2187728481942,0.0914127423822715,0.288295007053279,-0.160309659817763
"MHAS","Common_score_eligible","arthritis","Arthritis","binary",3989,1444,3989,1444,0,0,0.427425419904738,0.49476691245331,0.451523545706371,0.497816889050453,-0.0485561259413657
"MHAS","Common_score_eligible","lung_disease","Lung disease","binary",3989,1444,0,0,3989,1444,,,,,
"MHAS","Common_score_eligible","married","Married or partnered","binary",3989,1444,3989,1444,0,0,0.606417648533467,0.488605293101421,0.547783933518006,0.497883885599176,0.118868250943752
"MHAS","Common_score_eligible","low_education","Low education","binary",3989,1444,3956,1426,33,18,0.899646107178969,0.300509262043568,0.902524544179523,0.296708152006877,-0.00963929929941672
"MHAS","Common_score_eligible","poor_srh","Fair or poor self-rated health","binary",3989,1444,3989,1444,0,0,0.72048132364001,0.448818988477433,0.729916897506925,0.444156320639517,-0.0211326005261899
"MHAS","Common_score_eligible","adl_any","Any baseline ADL limitation","binary",3989,1444,3989,1444,0,0,0.197041865129105,0.397814079221704,0.342105263157895,0.47457899787625,-0.331284233552627
"MHAS","Common_score_eligible","iadl_any","Any baseline IADL limitation","binary",3989,1444,3989,1444,0,0,0.130107796440211,0.336464170195518,0.312326869806094,0.463602888319122,-0.44986482826068
"MHAS","Common_score_eligible","walk_difficulty","Walking difficulty","binary",3989,1444,3987,1444,2,0,0.0857787810383747,0.280072233212393,0.215373961218837,0.41122393760743,-0.368363217062282
"MHAS","Common_score_eligible","fatigue","Fatigue","binary",3989,1444,3986,1444,3,0,0.204214751630707,0.403177216055732,0.262465373961219,0.440126630228913,-0.138016183264818
"MHAS","Common_score_eligible","bmi_continuous","BMI","continuous",3989,1444,3511,1199,478,245,27.5532751444897,5.07367400610496,26.7111255639816,5.01172196780435,0.167000620417189
"MHAS","Common_score_eligible","grip","Grip strength","continuous",3989,1444,0,0,3989,1444,,,,,
"MHAS","Common_score_eligible","fi_n_observed","Observed complete-FI items","continuous",3989,1444,3989,1444,0,0,42.7370268237654,0.530215683042379,42.6523545706371,0.63697678756772,0.144483895151296
"MHAS","Known_alive_common","age","Age, years","continuous",3989,568,3989,568,0,0,73.1318626222111,5.86261638501213,76.2693661971831,7.22793265964271,-0.476767870956353
"MHAS","Known_alive_common","female","Female","binary",3989,568,3989,568,0,0,0.596640762095763,0.490633171810532,0.575704225352113,0.494671284348338,0.042497241915193
"MHAS","Known_alive_common","fi_complete","Baseline complete FI","continuous",3989,568,3989,568,0,0,0.314081898679421,0.165909474099858,0.363229038066454,0.188681433100562,-0.276634866361944
"MHAS","Known_alive_common","chronic_count","Seven-condition burden","continuous",3989,568,0,0,3989,568,,,,,
"MHAS","Known_alive_common","hypertension","Hypertension","binary",3989,568,3989,568,0,0,0.838806718475808,0.367755233450425,0.822183098591549,0.382695565520482,0.0442942469285386
"MHAS","Known_alive_common","diabetes","Diabetes","binary",3989,568,3984,568,5,0,0.359186746987952,0.479822275727449,0.35387323943662,0.478591921463018,0.01108811448874
"MHAS","Known_alive_common","heart_disease","Heart disease","binary",3989,568,3989,568,0,0,0.18751566808724,0.390373853253003,0.190140845070423,0.392758051035562,-0.00670427242975867
"MHAS","Known_alive_common","cancer","Cancer","binary",3989,568,3989,568,0,0,0.0599147656054149,0.237358610725064,0.0651408450704225,0.246991737512178,-0.0215754821671849
"MHAS","Known_alive_common","stroke","Stroke","binary",3989,568,3989,568,0,0,0.0503885685635498,0.2187728481942,0.0774647887323944,0.267563140270383,-0.110791657971705
"MHAS","Known_alive_common","arthritis","Arthritis","binary",3989,568,3989,568,0,0,0.427425419904738,0.49476691245331,0.447183098591549,0.497640806264436,-0.0398174973240034
"MHAS","Known_alive_common","lung_disease","Lung disease","binary",3989,568,0,0,3989,568,,,,,
"MHAS","Known_alive_common","married","Married or partnered","binary",3989,568,3989,568,0,0,0.606417648533467,0.488605293101421,0.565140845070423,0.496175476605273,0.0838269495268326
"MHAS","Known_alive_common","low_education","Low education","binary",3989,568,3956,561,33,7,0.899646107178969,0.300509262043568,0.882352941176471,0.322477280810068,0.055482497075785
"MHAS","Known_alive_common","poor_srh","Fair or poor self-rated health","binary",3989,568,3989,568,0,0,0.72048132364001,0.448818988477433,0.704225352112676,0.456792473218354,0.0358991513951975
"MHAS","Known_alive_common","adl_any","Any baseline ADL limitation","binary",3989,568,3989,568,0,0,0.197041865129105,0.397814079221704,0.299295774647887,0.458353233449387,-0.238269404621788
"MHAS","Known_alive_common","iadl_any","Any baseline IADL limitation","binary",3989,568,3989,568,0,0,0.130107796440211,0.336464170195518,0.272887323943662,0.44583604516553,-0.361508914612549
"MHAS","Known_alive_common","walk_difficulty","Walking difficulty","binary",3989,568,3987,568,2,0,0.0857787810383747,0.280072233212393,0.169014084507042,0.375094692071178,-0.251457863149546
"MHAS","Known_alive_common","fatigue","Fatigue","binary",3989,568,3986,568,3,0,0.204214751630707,0.403177216055732,0.248239436619718,0.432372233804932,-0.105314736640832
"MHAS","Known_alive_common","bmi_continuous","BMI","continuous",3989,568,3511,472,478,96,27.5532751444897,5.07367400610496,26.9981812737906,5.00506453796529,0.110148905481035
"MHAS","Known_alive_common","grip","Grip strength","continuous",3989,568,0,0,3989,568,,,,,
"MHAS","Known_alive_common","fi_n_observed","Observed complete-FI items","continuous",3989,568,3989,568,0,0,42.7370268237654,0.530215683042379,42.6461267605634,0.622720150645394,0.157179406653971
