"cohort","source","followup_status","death_year","n","before_followup_start"
"ELSA","ELSA_UK/UKDA-5050-stata/stata/stata13_se/elsa_endoflife_hcap2_w10.dta",1,2022,6,FALSE
"ELSA","ELSA_UK/UKDA-5050-stata/stata/stata13_se/elsa_endoflife_hcap2_w10.dta",1,2023,5,FALSE
"ELSA","ELSA_UK/UKDA-5050-stata/stata/stata13_se/elsa_endoflife_hcap2_w10.dta",9,2018,3,TRUE
"ELSA","ELSA_UK/UKDA-5050-stata/stata/stata13_se/elsa_endoflife_hcap2_w10.dta",9,2019,18,TRUE
"ELSA","ELSA_UK/UKDA-5050-stata/stata/stata13_se/elsa_endoflife_hcap2_w10.dta",9,2020,31,TRUE
"ELSA","ELSA_UK/UKDA-5050-stata/stata/stata13_se/elsa_endoflife_hcap2_w10.dta",9,2021,29,FALSE
"ELSA","ELSA_UK/UKDA-5050-stata/stata/stata13_se/elsa_endoflife_hcap2_w10.dta",9,2022,17,FALSE
"ELSA","ELSA_UK/UKDA-5050-stata/stata/stata13_se/elsa_endoflife_hcap2_w10.dta",9,2023,4,FALSE
"SHARE","SHARE_Europe/GH_SHARE_EOL_g.dta",1,2011,105,FALSE
"SHARE","SHARE_Europe/GH_SHARE_EOL_g.dta",1,2012,228,FALSE
"SHARE","SHARE_Europe/GH_SHARE_EOL_g.dta",1,2013,216,FALSE
"SHARE","SHARE_Europe/GH_SHARE_EOL_g.dta",1,2014,218,FALSE
"SHARE","SHARE_Europe/GH_SHARE_EOL_g.dta",1,2015,213,FALSE
"SHARE","SHARE_Europe/GH_SHARE_EOL_g.dta",1,2016,242,FALSE
"SHARE","SHARE_Europe/GH_SHARE_EOL_g.dta",1,2017,198,FALSE
"SHARE","SHARE_Europe/GH_SHARE_EOL_g.dta",1,2018,166,FALSE
"SHARE","SHARE_Europe/GH_SHARE_EOL_g.dta",1,2019,160,FALSE
"SHARE","SHARE_Europe/GH_SHARE_EOL_g.dta",1,2020,166,FALSE
"SHARE","SHARE_Europe/GH_SHARE_EOL_g.dta",1,2021,166,FALSE
"SHARE","SHARE_Europe/GH_SHARE_EOL_g.dta",1,2022,33,FALSE
"SHARE","SHARE_Europe/GH_SHARE_EOL_g.dta",4,2011,8,FALSE
"SHARE","SHARE_Europe/GH_SHARE_EOL_g.dta",4,2012,61,FALSE
"SHARE","SHARE_Europe/GH_SHARE_EOL_g.dta",4,2013,96,FALSE
"SHARE","SHARE_Europe/GH_SHARE_EOL_g.dta",4,2014,93,FALSE
"SHARE","SHARE_Europe/GH_SHARE_EOL_g.dta",4,2015,76,FALSE
"SHARE","SHARE_Europe/GH_SHARE_EOL_g.dta",4,2016,69,FALSE
"SHARE","SHARE_Europe/GH_SHARE_EOL_g.dta",4,2017,69,FALSE
"SHARE","SHARE_Europe/GH_SHARE_EOL_g.dta",4,2018,49,FALSE
"SHARE","SHARE_Europe/GH_SHARE_EOL_g.dta",4,2019,57,FALSE
"SHARE","SHARE_Europe/GH_SHARE_EOL_g.dta",4,2020,50,FALSE
"SHARE","SHARE_Europe/GH_SHARE_EOL_g.dta",4,2021,33,FALSE
"SHARE","SHARE_Europe/GH_SHARE_EOL_g.dta",4,2022,15,FALSE
"SHARE","SHARE_Europe/GH_SHARE_EOL_g.dta",5,2006,1,TRUE
"SHARE","SHARE_Europe/GH_SHARE_EOL_g.dta",5,2007,1,TRUE
"SHARE","SHARE_Europe/GH_SHARE_EOL_g.dta",5,2008,37,TRUE
"SHARE","SHARE_Europe/GH_SHARE_EOL_g.dta",5,2009,224,TRUE
"SHARE","SHARE_Europe/GH_SHARE_EOL_g.dta",5,2010,344,FALSE
"SHARE","SHARE_Europe/GH_SHARE_EOL_g.dta",5,2011,140,FALSE
"SHARE","SHARE_Europe/GH_SHARE_EOL_g.dta",6,2006,4,TRUE
"SHARE","SHARE_Europe/GH_SHARE_EOL_g.dta",6,2007,222,TRUE
"SHARE","SHARE_Europe/GH_SHARE_EOL_g.dta",6,2008,323,TRUE
"SHARE","SHARE_Europe/GH_SHARE_EOL_g.dta",6,2009,83,TRUE
"SHARE","SHARE_Europe/GH_SHARE_EOL_g.dta",9,2006,1,TRUE
"SHARE","SHARE_Europe/GH_SHARE_EOL_g.dta",9,2008,1,TRUE
"SHARE","SHARE_Europe/GH_SHARE_EOL_g.dta",9,2009,1,TRUE
"SHARE","SHARE_Europe/GH_SHARE_EOL_g.dta",9,2011,44,FALSE
"SHARE","SHARE_Europe/GH_SHARE_EOL_g.dta",9,2012,6,FALSE
"SHARE","SHARE_Europe/GH_SHARE_EOL_g.dta",10,2009,1,TRUE
"SHARE","SHARE_Europe/GH_SHARE_EOL_g.dta",10,2010,1,FALSE
"SHARE","SHARE_Europe/GH_SHARE_EOL_g.dta",10,2011,86,FALSE
"SHARE","SHARE_Europe/GH_SHARE_EOL_g.dta",10,2012,97,FALSE
"SHARE","SHARE_Europe/GH_SHARE_EOL_g.dta",10,2013,84,FALSE
"SHARE","SHARE_Europe/GH_SHARE_EOL_g.dta",10,2014,34,FALSE
"SHARE","SHARE_Europe/GH_SHARE_EOL_g.dta",10,2015,32,FALSE
"SHARE","SHARE_Europe/GH_SHARE_EOL_g.dta",10,2016,53,FALSE
"SHARE","SHARE_Europe/GH_SHARE_EOL_g.dta",10,2017,43,FALSE
"SHARE","SHARE_Europe/GH_SHARE_EOL_g.dta",10,2018,32,FALSE
"SHARE","SHARE_Europe/GH_SHARE_EOL_g.dta",10,2019,39,FALSE
"SHARE","SHARE_Europe/GH_SHARE_EOL_g.dta",10,2020,16,FALSE
"SHARE","SHARE_Europe/GH_SHARE_EOL_g.dta",10,2021,40,FALSE
"SHARE","SHARE_Europe/GH_SHARE_EOL_g.dta",10,2022,4,FALSE
