"cohort","source","variable","variable_label","code","value_label"
"HRS","HRS_USA/randhrs1992_2022v1.dta","r15iwstat","r15iwstat:w15 r interview status",0,"0.inap."
"HRS","HRS_USA/randhrs1992_2022v1.dta","r15iwstat","r15iwstat:w15 r interview status",1,"1.resp,alive"
"HRS","HRS_USA/randhrs1992_2022v1.dta","r15iwstat","r15iwstat:w15 r interview status",2,"2.resp,died after iw"
"HRS","HRS_USA/randhrs1992_2022v1.dta","r15iwstat","r15iwstat:w15 r interview status",3,"3.resp(proxy),died"
"HRS","HRS_USA/randhrs1992_2022v1.dta","r15iwstat","r15iwstat:w15 r interview status",4,"4.nr,alive"
"HRS","HRS_USA/randhrs1992_2022v1.dta","r15iwstat","r15iwstat:w15 r interview status",5,"5.nr,died this wv"
"HRS","HRS_USA/randhrs1992_2022v1.dta","r15iwstat","r15iwstat:w15 r interview status",6,"6.nr,died prev wv"
"HRS","HRS_USA/randhrs1992_2022v1.dta","r15iwstat","r15iwstat:w15 r interview status",7,"7.nr,dropped from samp"
"HRS","HRS_USA/randhrs1992_2022v1.dta","r15iwstat","r15iwstat:w15 r interview status",9,"9.nr,dk if alive or died"
"ELSA","ELSA_UK/UKDA-5050-stata/stata/stata13_se/gh_elsa_h.dta","r10iwstat","r10iwstat:w10 r interview status",-22,".v:SP NR"
"ELSA","ELSA_UK/UKDA-5050-stata/stata/stata13_se/gh_elsa_h.dta","r10iwstat","r10iwstat:w10 r interview status",-21,".u:Unmar"
"ELSA","ELSA_UK/UKDA-5050-stata/stata/stata13_se/gh_elsa_h.dta","r10iwstat","r10iwstat:w10 r interview status",0,"0.inap."
"ELSA","ELSA_UK/UKDA-5050-stata/stata/stata13_se/gh_elsa_h.dta","r10iwstat","r10iwstat:w10 r interview status",1,"1.resp, alive"
"ELSA","ELSA_UK/UKDA-5050-stata/stata/stata13_se/gh_elsa_h.dta","r10iwstat","r10iwstat:w10 r interview status",3,"3.nr, died before wv1"
"ELSA","ELSA_UK/UKDA-5050-stata/stata/stata13_se/gh_elsa_h.dta","r10iwstat","r10iwstat:w10 r interview status",4,"4.nr, alive"
"ELSA","ELSA_UK/UKDA-5050-stata/stata/stata13_se/gh_elsa_h.dta","r10iwstat","r10iwstat:w10 r interview status",5,"5.nr, died this wv"
"ELSA","ELSA_UK/UKDA-5050-stata/stata/stata13_se/gh_elsa_h.dta","r10iwstat","r10iwstat:w10 r interview status",6,"6.nr, died prev wv"
"ELSA","ELSA_UK/UKDA-5050-stata/stata/stata13_se/gh_elsa_h.dta","r10iwstat","r10iwstat:w10 r interview status",7,"7.nr, dropped from samp"
"ELSA","ELSA_UK/UKDA-5050-stata/stata/stata13_se/gh_elsa_h.dta","r10iwstat","r10iwstat:w10 r interview status",9,"9.nr, dk if alive or died"
"SHARE","SHARE_Europe/GH_SHARE_g.dta","r4iwstat","r4iwstat:w4 r interview status",0,"0.inap."
"SHARE","SHARE_Europe/GH_SHARE_g.dta","r4iwstat","r4iwstat:w4 r interview status",1,"1.resp, alive"
"SHARE","SHARE_Europe/GH_SHARE_g.dta","r4iwstat","r4iwstat:w4 r interview status",4,"4.nr, alive"
"SHARE","SHARE_Europe/GH_SHARE_g.dta","r4iwstat","r4iwstat:w4 r interview status",5,"5.nr, died this wv"
"SHARE","SHARE_Europe/GH_SHARE_g.dta","r4iwstat","r4iwstat:w4 r interview status",6,"6.nr, died prev wv"
"SHARE","SHARE_Europe/GH_SHARE_g.dta","r4iwstat","r4iwstat:w4 r interview status",7,"7.nr, dropped from samp"
"SHARE","SHARE_Europe/GH_SHARE_g.dta","r4iwstat","r4iwstat:w4 r interview status",9,"9.nr, dk if alive or died"
"SHARE","SHARE_Europe/GH_SHARE_g.dta","r4iwstat","r4iwstat:w4 r interview status",10,"10.nr, cntry not in wv"
"CHARLS","CHARLS_China/H_CHARLS_D_Data.dta","r4iwstat","r4iwstat:w4 r interview status",0,"0.inap."
"CHARLS","CHARLS_China/H_CHARLS_D_Data.dta","r4iwstat","r4iwstat:w4 r interview status",1,"1.resp, alive"
"CHARLS","CHARLS_China/H_CHARLS_D_Data.dta","r4iwstat","r4iwstat:w4 r interview status",4,"4.nr, alive"
"CHARLS","CHARLS_China/H_CHARLS_D_Data.dta","r4iwstat","r4iwstat:w4 r interview status",5,"5.nr, died this wv"
"CHARLS","CHARLS_China/H_CHARLS_D_Data.dta","r4iwstat","r4iwstat:w4 r interview status",6,"6.nr, died prev wv"
"CHARLS","CHARLS_China/H_CHARLS_D_Data.dta","r4iwstat","r4iwstat:w4 r interview status",7,"7.nr, dropped from samp"
"CHARLS","CHARLS_China/H_CHARLS_D_Data.dta","r4iwstat","r4iwstat:w4 r interview status",9,"9.nr, dk if alive or died"
"MHAS","MHAS_Mexico/H_MHAS_d.dta","r6iwstat","r6iwstat: w6 R Interview Status",0,"0.Inap"
"MHAS","MHAS_Mexico/H_MHAS_d.dta","r6iwstat","r6iwstat: w6 R Interview Status",1,"1.Resp, alive"
"MHAS","MHAS_Mexico/H_MHAS_d.dta","r6iwstat","r6iwstat: w6 R Interview Status",4,"4.NR, alive"
"MHAS","MHAS_Mexico/H_MHAS_d.dta","r6iwstat","r6iwstat: w6 R Interview Status",5,"5.NR, died this wave"
"MHAS","MHAS_Mexico/H_MHAS_d.dta","r6iwstat","r6iwstat: w6 R Interview Status",6,"6.NR, died prev wave"
"MHAS","MHAS_Mexico/H_MHAS_d.dta","r6iwstat","r6iwstat: w6 R Interview Status",7,"7.NR, dropped from sample"
"MHAS","MHAS_Mexico/H_MHAS_d.dta","r6iwstat","r6iwstat: w6 R Interview Status",9,"9.NR, dk if alive or died"
