"cohort","metric","target","target_n","observed_n","unweighted","IPW","difference","IPW_CI_low","IPW_CI_high","bootstrap_success_n","bootstrap_B"
"HRS","FI6_AUROC","Known-alive common-score sample in countries with follow-up observations",7317,6510,0.867568794485605,0.869702892943417,0.00213409845781198,0.861357324411134,0.877990487877024,200,200
"HRS","Full_FI_AUROC","Known-alive common-score sample in countries with follow-up observations",7317,6510,0.918320233440032,0.919426994781353,0.00110676134132126,0.913330350935085,0.926241093569216,200,200
"HRS","FI6_rank_correlation","Known-alive common-score sample in countries with follow-up observations",7317,6510,0.737575576740682,0.743391931064166,0.00581635432348337,0.732703511161473,0.756063022357845,200,200
"HRS","Full_FI_rank_correlation","Known-alive common-score sample in countries with follow-up observations",7317,6510,0.843193901948476,0.846247979553786,0.00305407760530985,0.837840223821258,0.854768613638453,200,200
"ELSA","FI6_AUROC","Known-alive common-score sample in countries with follow-up observations",2650,2581,0.853075163250559,0.854946691825004,0.0018715285744445,0.837043537444043,0.86944417295442,200,200
"ELSA","Full_FI_AUROC","Known-alive common-score sample in countries with follow-up observations",2650,2581,0.888319685791002,0.889909602609718,0.00158991681871579,0.875777898637633,0.90253316808228,200,200
"ELSA","FI6_rank_correlation","Known-alive common-score sample in countries with follow-up observations",2650,2581,0.672613547739957,0.677628661035081,0.00501511329512416,0.651731055498208,0.69834206910568,200,200
"ELSA","Full_FI_rank_correlation","Known-alive common-score sample in countries with follow-up observations",2650,2581,0.756600375202262,0.760657910295583,0.00405753509332107,0.736736008797519,0.777868566679133,200,200
"SHARE","FI6_AUROC","Known-alive common-score sample in countries with follow-up observations",7587,5851,0.81045831567608,0.811767987463386,0.0013096717873059,0.801087621592022,0.822030849181566,200,200
"SHARE","Full_FI_AUROC","Known-alive common-score sample in countries with follow-up observations",7587,5851,0.848751053680717,0.850320451949318,0.00156939826860103,0.839952731151013,0.86047038153173,200,200
"SHARE","FI6_rank_correlation","Known-alive common-score sample in countries with follow-up observations",7587,5851,0.623227827058598,0.626976103050136,0.00374827599153804,0.610487329639248,0.643979790224641,200,200
"SHARE","Full_FI_rank_correlation","Known-alive common-score sample in countries with follow-up observations",7587,5851,0.699970681863901,0.703205658923272,0.00323497705937037,0.689161123310173,0.719059080714564,200,200
"CHARLS","FI6_AUROC","Known-alive common-score sample in countries with follow-up observations",3344,2930,0.796915568041303,0.799548467282809,0.00263289924150623,0.784344064127068,0.814806989342088,200,200
"CHARLS","Full_FI_AUROC","Known-alive common-score sample in countries with follow-up observations",3344,2930,0.842425789086345,0.842842262048888,0.00041647296254288,0.830536233345065,0.857546226454178,200,200
"CHARLS","FI6_rank_correlation","Known-alive common-score sample in countries with follow-up observations",3344,2930,0.62068661496495,0.625668609765967,0.00498199480101724,0.603084963025775,0.644861227918912,200,200
"CHARLS","Full_FI_rank_correlation","Known-alive common-score sample in countries with follow-up observations",3344,2930,0.712729858189038,0.714357248048703,0.00162738985966471,0.694682439134891,0.732923183701888,200,200
"MHAS","FI6_AUROC","Known-alive common-score sample in countries with follow-up observations",4557,3989,0.793167042471344,0.797224081877667,0.00405703940632307,0.780876472612656,0.810698681709637,200,200
"MHAS","Full_FI_AUROC","Known-alive common-score sample in countries with follow-up observations",4557,3989,0.843773826233116,0.846380969861146,0.00260714362803027,0.83258386992596,0.857434208271691,200,200
"MHAS","FI6_rank_correlation","Known-alive common-score sample in countries with follow-up observations",4557,3989,0.59803635977857,0.605765301971805,0.00772894219323483,0.58167680732441,0.62457641837047,200,200
"MHAS","Full_FI_rank_correlation","Known-alive common-score sample in countries with follow-up observations",4557,3989,0.694783050062077,0.699787870895982,0.00500482083390508,0.68263783830644,0.716911199163793,200,200
