"cohort","variable","target_mean","unweighted_observed_mean","IPW_observed_mean","target_SD","unweighted_standardized_difference","IPW_standardized_difference"
"HRS","age",75.2048653819871,74.9678955453149,75.1897102706863,7.26813926573082,-0.0326039207572087,-0.00208514321846526
"HRS","female",0.595599289326227,0.594470046082949,0.595635577962765,0.490809228059456,-0.00230077834465767,7.39363371018119e-05
"HRS","fi_complete",0.26135842283469,0.255107158273688,0.261008796587208,0.162332825905698,-0.0385089369702293,-0.00215376185027056
"HRS","chronic_count",2.61691950252836,2.59585253456221,2.61597919974189,1.20829698222932,-0.017435256626461,-0.000778205027651465
"HRS","married",0.576354679802956,0.588805166846071,0.576965780773355,0.494169382671232,0.0251947762846301,0.00123662248578882
"HRS","low_education",0.171862182116489,0.160288919625019,0.171489343494008,0.377286409071495,-0.0306750050179428,-0.000988211113668854
"HRS","adl_any",0.18450184501845,0.171889400921659,0.183804123438305,0.38791942489542,-0.0325130511321814,-0.00179862501171077
"HRS","iadl_any",0.166598332649993,0.150230414746544,0.165822694588197,0.372642330186113,-0.0439239361112694,-0.00208145451808563
"HRS","walk_difficulty",0.0823079026524474,0.073140749846343,0.0817073107871037,0.274852033736259,-0.0333530470249348,-0.00218514615729541
"HRS","poor_srh",0.285226185595189,0.272657450076805,0.284719772181882,0.45155295953885,-0.0278344660418575,-0.00112149284510096
"ELSA","age",73.4894339622641,73.3754358775668,73.4746478621719,6.08459938063758,-0.0187355119977298,-0.00243008605288502
"ELSA","female",0.546415094339623,0.547074777218132,0.546554587823994,0.497934936492789,0.00132483750418539,0.000280143999041993
"ELSA","fi_complete",0.185160956669387,0.182662216797608,0.184835212008791,0.130473334519351,-0.0191513452230216,-0.00249663781335871
"ELSA","chronic_count",1.90754716981132,1.90003874467261,1.9070175181734,0.975027766561439,-0.00770072955480296,-0.000543216979127296
"ELSA","married",0.688679245283019,0.687717938783417,0.68827237307174,0.463121019449049,-0.00207571338641721,-0.000878544039660707
"ELSA","low_education",0.233963815789474,0.229632756437315,0.233490599839406,0.42343650455757,-0.0102283560948145,-0.0011175605904885
"ELSA","adl_any",0.176981132075472,0.172801239829523,0.176664129952725,0.381724766426494,-0.0109500158584894,-0.000830446831402352
"ELSA","iadl_any",0.0818867924528302,0.0755521115846571,0.0810119314817273,0.274243918261758,-0.0230987104776078,-0.00319008339965383
"ELSA","walk_difficulty",0.0275471698113208,0.0244091437427354,0.0270452874561042,0.163702278127136,-0.0191691044528305,-0.00306582389053126
"ELSA","poor_srh",0.257735849056604,0.252615265401007,0.25718824262986,0.437470342022021,-0.0117049846897705,-0.00125175668872365
"SHARE","age",73.2703308290497,73.0358913006324,73.2497321837149,6.06890471706002,-0.0386296274776385,-0.00339412897303193
"SHARE","female",0.572426519045736,0.572551700564006,0.571959997176433,0.494759197285666,0.000253015040360603,-0.000942927128716672
"SHARE","fi_complete",0.208350265929752,0.204988572060265,0.208055082000807,0.13009213927562,-0.0258408685429017,-0.00226903739602168
"SHARE","chronic_count",1.84882035059971,1.84925653734404,1.84922795801326,0.949252619421317,0.000459505441870219,0.000429398249960749
"SHARE","married",0.680258643441541,0.676817792985458,0.680674811803089,0.466407040745777,-0.00737735530446068,0.000892285761557606
"SHARE","low_education",0.608013707657836,0.600922919159118,0.607059874037957,0.488225825251707,-0.0145235834156499,-0.00195367301470999
"SHARE","adl_any",0.139712666403058,0.136045120492224,0.139365689283517,0.346711524627252,-0.0105780905748006,-0.00100076604005101
"SHARE","iadl_any",0.109134045077106,0.099470176038284,0.107867740985841,0.311827871584611,-0.0309910367848543,-0.00406090733592633
"SHARE","walk_difficulty",0.0229339659944642,0.0198256708254999,0.0225182371706214,0.149702882605851,-0.0207630949709101,-0.00277702617749419
"SHARE","poor_srh",0.49400289969685,0.480772517518373,0.493754736655627,0.499996985482108,-0.0264609238908109,-0.000496329074831628
"CHARLS","age",71.3400119617225,70.8126279863481,71.2718971444686,5.33015303521932,-0.0989434959727497,-0.0127791485167094
"CHARLS","female",0.5311004784689,0.521501706484642,0.530224567171008,0.499106455613498,-0.0192319131045082,-0.00175495886306459
"CHARLS","fi_complete",0.275418508812861,0.268529598240761,0.275198430348779,0.159478521228057,-0.0431964788678301,-0.00137998811618729
"CHARLS","chronic_count",1.943961352657,1.94566813509545,1.94458664796162,0.973596213085675,0.00175307012856359,0.000642253221829757
"CHARLS","married",0.750299043062201,0.762457337883959,0.752700311076192,0.432904644968541,0.0280853877708835,0.00554687514190474
"CHARLS","low_education",0.931818181818182,0.927645051194539,0.931745113585204,0.252095344373245,-0.0165537790236377,-0.00028984364292639
"CHARLS","adl_any",0.313696172248804,0.303754266211604,0.313865652787621,0.464063879513286,-0.0214235722194687,0.00036520950304339
"CHARLS","iadl_any",0.290968899521531,0.267576791808874,0.289643845227753,0.454277131127306,-0.0514930338989527,-0.0029168412913279
"CHARLS","walk_difficulty",0.132894343011075,0.118852459016393,0.13261943908381,0.339511321807762,-0.0413591037845621,-0.000809704742101102
"CHARLS","poor_srh",0.824461722488038,0.829351535836177,0.826703096697271,0.380483747972207,0.0128515695458729,0.00589085400146108
"MHAS","age",73.5229317533465,73.1318626222111,73.4819252338144,6.13687979333501,-0.0637244241870513,-0.00668198187239046
"MHAS","female",0.594031160851437,0.596640762095763,0.594357859296534,0.491132439142123,0.005313436939503,0.000665194190119779
"MHAS","fi_complete",0.320207765515462,0.314081898679421,0.319529488131544,0.169671514148032,-0.0361042739955481,-0.00399759138900443
"MHAS","chronic_count",,,,,,
"MHAS","married",0.601272767171385,0.606417648533467,0.602081598264017,0.489690155291374,0.0105064014591452,0.00165172014158905
"MHAS","low_education",0.897498339605933,0.899646107178969,0.897457436906868,0.303340470312623,0.00708038584769775,-0.000134840890247643
"MHAS","adl_any",0.209787140662717,0.197041865129105,0.208432643743836,0.407201280312306,-0.0312996941557663,-0.00332635722029506
"MHAS","iadl_any",0.14790432301953,0.130107796440211,0.146133989280955,0.355044076665241,-0.0501248373060439,-0.00498623651238741
"MHAS","walk_difficulty",0.0961580680570801,0.0857787810383747,0.095150807500975,0.294840259628951,-0.0352030860092427,-0.00341629246078106
"MHAS","poor_srh",0.718455123985078,0.72048132364001,0.718428778942768,0.449801908422147,0.00450464886207306,-5.85703213272969e-05
