"cohort","term","estimate","SE","z","p"
"HRS","(Intercept)",2.48511673382127,0.236668420885263,10.5004154104111,8.60008224631255e-26
"HRS","splines::ns(age, df = 3)1",-0.353072318230833,0.188891619762492,-1.86917936684951,0.0615978638847598
"HRS","splines::ns(age, df = 3)2",-0.521379915199824,0.317749618309439,-1.64085142878781,0.10082825957129
"HRS","splines::ns(age, df = 3)3",-1.07651645802228,0.286255983992923,-3.76067756909805,0.000169453736184041
"HRS","female",0.133012420263502,0.0839654784426572,1.58413222589258,0.11316363226279
"HRS","splines::ns(fi_complete, df = 3)1",0.235702064581571,0.238982621741649,0.986272821278092,0.323999253047811
"HRS","splines::ns(fi_complete, df = 3)2",-0.42658269867899,0.519801561472225,-0.820664519496223,0.411837385957905
"HRS","splines::ns(fi_complete, df = 3)3",-0.207885141041108,0.40682497942823,-0.510994043023806,0.609355228010225
"HRS","chronic_count",-0.0218742555333808,0.0372700708081774,-0.586912100220143,0.557262742704909
"HRS","married",0.285487542790893,0.0835422029864184,3.4172853071316,0.000632489581769236
"HRS","married_missing",-1.03218928588274,0.815951930128175,-1.26501237115844,0.205866893186128
"HRS","low_education",-0.432098585501334,0.0917912044642065,-4.7074072948877,2.50887315230297e-06
"HRS","low_education_missing",10.1428039684122,187.151977005841,0.0541955480817372,0.956779367589873
"HRS","adl_any",-0.0654225625510139,0.141162711082207,-0.463454987860884,0.643038271851244
"HRS","iadl_any",-0.536171608268131,0.115710537340226,-4.63373190197549,3.59132035932142e-06
"HRS","walk_difficulty",-0.208166507350331,0.163357267323169,-1.2743020911247,0.202556375709317
"HRS","walk_difficulty_missing",-0.622167290297216,1.23895722681246,-0.502170112763219,0.615547864438761
"HRS","poor_srh",-0.20012559763341,0.0974128831708107,-2.05440585597385,0.0399364267630753
"ELSA","(Intercept)",4.92183785090155,0.81796127478542,6.01720155051683,1.77458077908532e-09
"ELSA","splines::ns(age, df = 3)1",-0.161850445986979,0.54593707435355,-0.296463555215825,0.766876095343903
"ELSA","splines::ns(age, df = 3)2",-1.06446346867445,1.00806864534977,-1.05594343558331,0.290994058142942
"ELSA","splines::ns(age, df = 3)3",-2.58039402852348,0.450257849302483,-5.73092514105173,9.98843439294756e-09
"ELSA","female",0.21731736248108,0.276978501628147,0.784600108685821,0.432688066318142
"ELSA","splines::ns(fi_complete, df = 3)1",-1.51002181680951,0.828349593757648,-1.82292817934465,0.0683142693198353
"ELSA","splines::ns(fi_complete, df = 3)2",0.321368627207148,1.7089161179532,0.188054067622732,0.850834267342702
"ELSA","splines::ns(fi_complete, df = 3)3",0.955283378446872,1.53647846362859,0.621735612350106,0.534115730597959
"ELSA","chronic_count",-0.0139225255490497,0.136004788104919,-0.102367907358595,0.918464656039159
"ELSA","married",-0.875129516486929,0.319906572099146,-2.73557842448985,0.00622707460804065
"ELSA","low_education",-0.365074751346628,0.285753591277563,-1.27758587289991,0.201395484324298
"ELSA","low_education_missing",-0.0172773699981348,0.475898596131823,-0.036304729912145,0.971039378503156
"ELSA","adl_any",0.360907997609166,0.38630645161403,0.934253093887646,0.350173353873129
"ELSA","iadl_any",-1.2351992744173,0.390316379961155,-3.16461039769897,0.00155290737263117
"ELSA","walk_difficulty",-1.24962185272185,0.520887347873734,-2.39902515932248,0.0164387851567158
"ELSA","poor_srh",-0.178876340513713,0.32863267881571,-0.544304787820638,0.586231752787426
"SHARE","(Intercept)",1.23511164897935,0.206194838821581,5.99002213652925,2.09812477706378e-09
"SHARE","splines::ns(age, df = 3)1",-0.110733430691882,0.162333541187612,-0.682135249941387,0.495153433022176
"SHARE","splines::ns(age, df = 3)2",-0.67857782038413,0.269621575518623,-2.51677863345643,0.0118433213683227
"SHARE","splines::ns(age, df = 3)3",-1.48400720912033,0.348884150732609,-4.2535816144245,2.10378211729535e-05
"SHARE","female",0.0654746929562637,0.0617776326307441,1.05984464227721,0.289215283475685
"SHARE","splines::ns(fi_complete, df = 3)1",-0.497844150320541,0.199829363500274,-2.49134632468494,0.0127260006040866
"SHARE","splines::ns(fi_complete, df = 3)2",-0.50095437913703,0.42589821154385,-1.17623029531189,0.239502861419403
"SHARE","splines::ns(fi_complete, df = 3)3",-0.516144204248659,0.489045593087102,-1.0554112163459,0.291237295281249
"SHARE","chronic_count",0.105880568869959,0.034337067497743,3.08356468929441,0.00204536636916186
"SHARE","married",-0.202068606108613,0.0676150241265295,-2.98851636480197,0.0028033548727222
"SHARE","married_missing",-0.541704348740003,0.728593683697572,-0.743493061854288,0.457183220535485
"SHARE","low_education",-0.262830254656489,0.0661656790786499,-3.97230495199887,7.1180513894829e-05
"SHARE","adl_any",0.229464056308277,0.102355494264294,2.24183428508268,0.0249720844851879
"SHARE","iadl_any",-0.172427357828516,0.111775160454826,-1.54262679764349,0.122921352242111
"SHARE","walk_difficulty",-0.264999183980913,0.204040682277995,-1.29875660590011,0.194027471062478
"SHARE","poor_srh",-0.229858984461124,0.0680890518756416,-3.37585820523599,0.000735858328813051
"SHARE","countryBelgium",0.240088303987968,0.150198009362298,1.59847860172928,0.109936503923469
"SHARE","countryCzech Republic",1.14667379736242,0.199379854716121,5.75120189045712,8.86112201287886e-09
"SHARE","countryDenmark",0.0135431331895504,0.156385649442488,0.0866008693114194,0.930988774887661
"SHARE","countryFrance",0.413067243209829,0.155760124957873,2.65194473438916,0.00800296399801256
"SHARE","countryGermany",-0.336450150713098,0.153082161173439,-2.1978403501366,0.0279604848883604
"SHARE","countryItaly",0.557893992148263,0.155141923955031,3.59602342117384,0.000323118720702917
"SHARE","countryNetherlands",0.349771703847118,0.166883731427823,2.09590054617393,0.0360910142659327
"SHARE","countryPoland",1.11233879538493,0.187781969650779,5.92356549168997,3.15035181115466e-09
"SHARE","countrySpain",0.562220152733537,0.158258777074029,3.5525369469432,0.000381535434491253
"SHARE","countrySweden",-0.127422967990097,0.151768253049948,-0.839589080254886,0.401138823897048
"SHARE","countrySwitzerland",0.840230490105559,0.209176796734051,4.01684366155503,5.89828254513141e-05
"CHARLS","(Intercept)",3.27046400057764,0.440718274771319,7.42075876539187,1.16451250810902e-13
"CHARLS","splines::ns(age, df = 3)1",-2.13109945529831,0.3820064349295,-5.578700410352,2.42322177306209e-08
"CHARLS","splines::ns(age, df = 3)2",-3.16705514284187,0.655853595945369,-4.82890566190579,1.37285424016977e-06
"CHARLS","splines::ns(age, df = 3)3",-4.35220382657605,1.04440220695495,-4.16717218480922,3.08401550081774e-05
"CHARLS","female",-0.118095412819043,0.120899846640396,-0.976803661052652,0.328666363237824
"CHARLS","splines::ns(fi_complete, df = 3)1",-0.769213717461214,0.33771408188269,-2.27770696789721,0.0227440423139351
"CHARLS","splines::ns(fi_complete, df = 3)2",-1.04433404688735,0.739137922409255,-1.41290822081391,0.157682711620473
"CHARLS","splines::ns(fi_complete, df = 3)3",-0.691238493207683,0.5242290778312,-1.31858098384665,0.187309234534692
"CHARLS","chronic_count",0.0776982292057792,0.06526402082423,1.19052164154944,0.233841429162756
"CHARLS","chronic_count_missing",0.0990688200841813,0.207737378954776,0.476894531849025,0.633437225976295
"CHARLS","married",-0.0860820648999063,0.130525760289946,-0.6595024975046,0.509573142836308
"CHARLS","low_education",-0.433244114341627,0.276665466421133,-1.565949375417,0.117360469284991
"CHARLS","adl_any",0.264681938720403,0.159679299587892,1.65758454228886,0.0974013517968277
"CHARLS","iadl_any",-0.551029590946022,0.131850707305035,-4.17919328768726,2.92544971613972e-05
"CHARLS","walk_difficulty",-0.293186406136454,0.172642556725345,-1.69822789755646,0.0894647571359347
"CHARLS","walk_difficulty_missing",-1.38236884817749,1.23400079818436,-1.1202333501011,0.262614335665701
"CHARLS","poor_srh",0.375543042991428,0.150484980183418,2.49555166591176,0.0125761439402641
"MHAS","(Intercept)",2.18944191811139,0.298907569025009,7.32481256748706,2.39232841760034e-13
"MHAS","splines::ns(age, df = 3)1",-0.698844383402188,0.244924342482127,-2.8533071736354,0.0043266776900186
"MHAS","splines::ns(age, df = 3)2",-2.02173967515139,0.436565053223569,-4.63101583652423,3.63876036950847e-06
"MHAS","splines::ns(age, df = 3)3",-2.70883122349382,0.463659551979659,-5.84228495224155,5.14896325469322e-09
"MHAS","female",0.109563411688261,0.103391151779846,1.05969814439787,0.289281947263704
"MHAS","splines::ns(fi_complete, df = 3)1",-0.193184810455903,0.243469301578596,-0.793466811640482,0.427505898170052
"MHAS","splines::ns(fi_complete, df = 3)2",-0.379480066709346,0.58314488442088,-0.650747484625894,0.515209505186811
"MHAS","splines::ns(fi_complete, df = 3)3",-0.641616072371801,0.465756982994401,-1.37757692487353,0.168333949366655
"MHAS","married",-0.0633342886588672,0.102700194069945,-0.61669103191502,0.537438537606731
"MHAS","low_education",0.346719298999591,0.150253865658639,2.30755659749415,0.0210238108910576
"MHAS","low_education_missing",-0.566950656725823,0.429305751087847,-1.32062208644815,0.186627404710528
"MHAS","adl_any",-0.0390410036058224,0.141623623820423,-0.275667311375438,0.782803604847677
"MHAS","iadl_any",-0.491317558186717,0.145136159755155,-3.38521812217969,0.000711217142816626
"MHAS","walk_difficulty",-0.030268147829094,0.171072020287004,-0.176932193694292,0.859561650630738
"MHAS","walk_difficulty_missing",11.1654111220109,221.1935855902,0.050478005916034,0.95974147579345
"MHAS","poor_srh",0.141943687390882,0.112890181801932,1.25736078306548,0.208623023172941
