"cohort","endpoint","metric","n","events","estimate","CI_low","CI_high","bootstrap_B","bootstrap_success_n"
"HRS","Incident limitation in shared five ADL tasks","FI6_AUROC",5422,587,0.767586046519822,0.748610782494013,0.785296180470423,200,200
"HRS","Incident limitation in shared five ADL tasks","Full_FI_AUROC",5422,587,0.784484760292374,0.767374601777658,0.802640309716053,200,200
"HRS","Incident limitation in shared five ADL tasks","AUROC_difference",5422,587,-0.0168987137725521,-0.0277189468468914,-0.00516775197276566,200,200
"HRS","Incident limitation in shared five ADL tasks","Above_chance_AUROC_retention",5422,587,0.940598878635239,0.903319395446615,0.981303292634662,200,200
"ELSA","Incident limitation in shared five ADL tasks","FI6_AUROC",2181,355,0.737956435215896,0.708711691852779,0.762561229458072,200,200
"ELSA","Incident limitation in shared five ADL tasks","Full_FI_AUROC",2181,355,0.754626444317603,0.729547881354552,0.777955429055944,200,200
"ELSA","Incident limitation in shared five ADL tasks","AUROC_difference",2181,355,-0.0166700091017077,-0.0339463307505406,0.000433587195207538,200,200
"ELSA","Incident limitation in shared five ADL tasks","Above_chance_AUROC_retention",2181,355,0.934531508907556,0.866624276634196,1.00178483801771,200,200
"SHARE","Incident limitation in shared five ADL tasks","FI6_AUROC",5130,833,0.685253761732759,0.66502903463196,0.70447687557147,200,200
"SHARE","Incident limitation in shared five ADL tasks","Full_FI_AUROC",5130,833,0.704034557737454,0.68412980616188,0.721090597218912,200,200
"SHARE","Incident limitation in shared five ADL tasks","AUROC_difference",5130,833,-0.0187807960046946,-0.0318104551229598,-0.00695453788636672,200,200
"SHARE","Incident limitation in shared five ADL tasks","Above_chance_AUROC_retention",5130,833,0.907952867333086,0.845350563328858,0.967162436716042,200,200
"CHARLS","Incident limitation in shared five ADL tasks","FI6_AUROC",2288,464,0.680262921581972,0.655174969458872,0.705559918352257,200,200
"CHARLS","Incident limitation in shared five ADL tasks","Full_FI_AUROC",2288,464,0.70547985669994,0.684498214302005,0.73420099550259,200,200
"CHARLS","Incident limitation in shared five ADL tasks","AUROC_difference",2288,464,-0.0252169351179673,-0.0463632518732665,-0.00684441897750075,200,200
"CHARLS","Incident limitation in shared five ADL tasks","Above_chance_AUROC_retention",2288,464,0.877277824099365,0.784892271918917,0.964109772990871,200,200
"MHAS","Incident limitation in shared five ADL tasks","FI6_AUROC",3467,763,0.667099903448704,0.649042873162808,0.687182418200467,200,200
"MHAS","Incident limitation in shared five ADL tasks","Full_FI_AUROC",3467,763,0.70114853389377,0.682642877596811,0.722650240855836,200,200
"MHAS","Incident limitation in shared five ADL tasks","AUROC_difference",3467,763,-0.0340486304450666,-0.0482187731505375,-0.0223471853169546,200,200
"MHAS","Incident limitation in shared five ADL tasks","Above_chance_AUROC_retention",3467,763,0.830728915662651,0.759795583151176,0.885932964823175,200,200
