"source","variable","variable_label","code","value_label"
"SHARE_Europe/GH_SHARE_g.dta","country","Country identifier",11,"Austria"
"SHARE_Europe/GH_SHARE_g.dta","country","Country identifier",12,"Germany"
"SHARE_Europe/GH_SHARE_g.dta","country","Country identifier",13,"Sweden"
"SHARE_Europe/GH_SHARE_g.dta","country","Country identifier",14,"Netherlands"
"SHARE_Europe/GH_SHARE_g.dta","country","Country identifier",15,"Spain"
"SHARE_Europe/GH_SHARE_g.dta","country","Country identifier",16,"Italy"
"SHARE_Europe/GH_SHARE_g.dta","country","Country identifier",17,"France"
"SHARE_Europe/GH_SHARE_g.dta","country","Country identifier",18,"Denmark"
"SHARE_Europe/GH_SHARE_g.dta","country","Country identifier",19,"Greece"
"SHARE_Europe/GH_SHARE_g.dta","country","Country identifier",20,"Switzerland"
"SHARE_Europe/GH_SHARE_g.dta","country","Country identifier",23,"Belgium"
"SHARE_Europe/GH_SHARE_g.dta","country","Country identifier",25,"Israel"
"SHARE_Europe/GH_SHARE_g.dta","country","Country identifier",28,"Czech Republic"
"SHARE_Europe/GH_SHARE_g.dta","country","Country identifier",29,"Poland"
"SHARE_Europe/GH_SHARE_g.dta","country","Country identifier",30,"Ireland"
"SHARE_Europe/GH_SHARE_g.dta","country","Country identifier",31,"Luxembourg"
"SHARE_Europe/GH_SHARE_g.dta","country","Country identifier",32,"Hungary"
"SHARE_Europe/GH_SHARE_g.dta","country","Country identifier",33,"Portugal"
"SHARE_Europe/GH_SHARE_g.dta","country","Country identifier",34,"Slovenia"
"SHARE_Europe/GH_SHARE_g.dta","country","Country identifier",35,"Estonia"
"SHARE_Europe/GH_SHARE_g.dta","country","Country identifier",47,"Croatia"
"SHARE_Europe/GH_SHARE_g.dta","country","Country identifier",48,"Lithuania"
"SHARE_Europe/GH_SHARE_g.dta","country","Country identifier",51,"Bulgaria"
"SHARE_Europe/GH_SHARE_g.dta","country","Country identifier",53,"Cyprus"
"SHARE_Europe/GH_SHARE_g.dta","country","Country identifier",55,"Finland"
"SHARE_Europe/GH_SHARE_g.dta","country","Country identifier",57,"Latvia"
"SHARE_Europe/GH_SHARE_g.dta","country","Country identifier",59,"Malta"
"SHARE_Europe/GH_SHARE_g.dta","country","Country identifier",61,"Romania"
"SHARE_Europe/GH_SHARE_g.dta","country","Country identifier",63,"Slovakia"
"SHARE_Europe/GH_SHARE_g.dta","country","Country identifier",,".d:DK"
"SHARE_Europe/GH_SHARE_g.dta","country","Country identifier",,".m:Missing"
"SHARE_Europe/GH_SHARE_g.dta","country","Country identifier",,".r:Refuse"
"SHARE_Europe/GH_SHARE_g.dta","country","Country identifier",,".u:Unmar"
"SHARE_Europe/GH_SHARE_g.dta","country","Country identifier",,".v:SP NR"
