"source","variable","label","value_labels"
"ELSA_UK/UKDA-5050-stata/stata/stata13_se/elsa_endoflife_hcap2_w10.dta","idauniq","Cross-wave identifier","Refused -9; Don't know -8; Not applicable -1"
"ELSA_UK/UKDA-5050-stata/stata/stata13_se/elsa_endoflife_hcap2_w10.dta","survsp","Whether deceased had a surviving spouse/partner at time of death","Refused -9; Don't know -8; Schedule not applicable -2; Not applicable -1; Yes 1; No 2"
"ELSA_UK/UKDA-5050-stata/stata/stata13_se/elsa_endoflife_hcap2_w10.dta","eilong","Length of time that deceased had been ill before they died","Refused -9; Don't know -8; Schedule not applicable -2; Not applicable -1; Was not ill, died suddenly 1; Less than 24 hours 2; One day or more, but less than one week 3; One week or more but less than one month 4; One month or more but less than 6 months 5; 6 months or more but less than a year 6; One year or more 7"
"ELSA_UK/UKDA-5050-stata/stata/stata13_se/elsa_endoflife_hcap2_w10.dta","eisuddm","Whether death was unexpected (merged)","Refused -9; Don't know -8; Not applicable -1; Yes 1; No 2"
"ELSA_UK/UKDA-5050-stata/stata/stata13_se/elsa_endoflife_hcap2_w10.dta","eiexptm","Whether death was expected or unexpected (merged)","Refused -9; Don't know -8; Not applicable -1; Expected 1; Unexpected 2; Other (please specify at next question) 95; Other specific answer not in codeframe 906; None of the above 907; Don't know 908; Prefer not to answer 909; Vague or irrelevant answer 920; Editor unable to code 930"
"ELSA_UK/UKDA-5050-stata/stata/stata13_se/elsa_endoflife_hcap2_w10.dta","eineur1","Whether deceased had condition when they died: Alzheimer's disease","Refused -9; Don't know -8; Schedule not applicable -2; Not applicable -1; Not mentioned 0; Mentioned 1"
"ELSA_UK/UKDA-5050-stata/stata/stata13_se/elsa_endoflife_hcap2_w10.dta","eineur2","Whether deceased had condition when they died: Dementia","Refused -9; Don't know -8; Schedule not applicable -2; Not applicable -1; Not mentioned 0; Mentioned 1"
"ELSA_UK/UKDA-5050-stata/stata/stata13_se/elsa_endoflife_hcap2_w10.dta","eineur3","Whether deceased had condition when they died: Organic brain syndrome, senility","Refused -9; Don't know -8; Schedule not applicable -2; Not applicable -1; Not mentioned 0; Mentioned 1"
"ELSA_UK/UKDA-5050-stata/stata/stata13_se/elsa_endoflife_hcap2_w10.dta","eineur4","Whether deceased had condition when they died: Mild Cognitive Impairment","Refused -9; Don't know -8; Schedule not applicable -2; Not applicable -1; Not mentioned 0; Mentioned 1"
"ELSA_UK/UKDA-5050-stata/stata/stata13_se/elsa_endoflife_hcap2_w10.dta","eineur5","Whether deceased had condition when they died: Parkinson's Disease","Refused -9; Don't know -8; Schedule not applicable -2; Not applicable -1; Not mentioned 0; Mentioned 1"
"ELSA_UK/UKDA-5050-stata/stata/stata13_se/elsa_endoflife_hcap2_w10.dta","eineur95","Whether deceased had condition when they died: Any other brain condition (please","Refused -9; Don't know -8; Schedule not applicable -2; Not applicable -1; Not mentioned 0; Mentioned 1"
"ELSA_UK/UKDA-5050-stata/stata/stata13_se/elsa_endoflife_hcap2_w10.dta","eineur96","Whether deceased had condition when they died: None of the above","Refused -9; Don't know -8; Schedule not applicable -2; Not applicable -1; Not mentioned 0; Mentioned 1"
"ELSA_UK/UKDA-5050-stata/stata/stata13_se/elsa_endoflife_hcap2_w10.dta","eineurm1","Whether deceased had condition when they died: Alzheimer's disease (merged)","Refused -9; Don't know -8; Not applicable -1; Not Mentioned 0; Mentioned 1"
"ELSA_UK/UKDA-5050-stata/stata/stata13_se/elsa_endoflife_hcap2_w10.dta","eineurm2","Whether deceased had condition when they died: Dementia (merged)","Refused -9; Don't know -8; Not applicable -1; Not Mentioned 0; Mentioned 1"
"ELSA_UK/UKDA-5050-stata/stata/stata13_se/elsa_endoflife_hcap2_w10.dta","eineurm3","Whether deceased had condition when they died: Organic brain syndrome, senility","Refused -9; Don't know -8; Not applicable -1; Not Mentioned 0; Mentioned 1"
"ELSA_UK/UKDA-5050-stata/stata/stata13_se/elsa_endoflife_hcap2_w10.dta","eineurm4","Whether deceased had condition when they died: Mild Cognitive Impairment (merged","Refused -9; Don't know -8; Not applicable -1; Not Mentioned 0; Mentioned 1"
"ELSA_UK/UKDA-5050-stata/stata/stata13_se/elsa_endoflife_hcap2_w10.dta","eineurm5","Whether deceased had condition when they died: Parkinson's Disease (merged)","Refused -9; Don't know -8; Not applicable -1; Not Mentioned 0; Mentioned 1"
"ELSA_UK/UKDA-5050-stata/stata/stata13_se/elsa_endoflife_hcap2_w10.dta","eineurm95","Whether deceased had condition when they died: Any other brain condition (merged","Refused -9; Don't know -8; Not applicable -1; Not Mentioned 0; Mentioned 1"
"ELSA_UK/UKDA-5050-stata/stata/stata13_se/elsa_endoflife_hcap2_w10.dta","eidatey","Year of death","Refused -9; Don't know -8; Not applicable -1"
"ELSA_UK/UKDA-5050-stata/stata/stata13_se/elsa_endoflife_hcap2_w10.dta","eiplac","Place of death","Refused -9; Don't know -8; Schedule not applicable -2; Not applicable -1; At home 1; At another person's home 2; In hospital 3; In a hospice 4; In a nursing home 5; In a residential home 6; In a mixed nursing/residential home 7; In sheltered housing 8; In an ambulance/en route to hospital/en route to hospice etc 9; Other (please specify) 95"
"ELSA_UK/UKDA-5050-stata/stata/stata13_se/elsa_endoflife_hcap2_w10.dta","eiplacoh","In whose home the deceased died in","Refused -9; Don't know -8; Schedule not applicable -2; Not applicable -1; Relative 1; Non-relative 2"
"ELSA_UK/UKDA-5050-stata/stata/stata13_se/elsa_endoflife_hcap2_w10.dta","eiplcl","How long the deceased stayed in their place of death","Refused -9; Don't know -8; Schedule not applicable -2; Not applicable -1; One day or more, but less than one week 1; One week or more but less than one month 2; One month or more but less than 3 months 3; 3 months or more but less than 6 months 4; 6 months or more but less than a year 5; A year or more 6"
"ELSA_UK/UKDA-5050-stata/stata/stata13_se/elsa_endoflife_hcap2_w10.dta","eiplcliy6","Where deceased said they would like to die: Did not mind where he/she died","Refused -9; Don't know -8; Schedule not applicable -2; Not applicable -1; Not mentioned 0; Mentioned 1"
"ELSA_UK/UKDA-5050-stata/stata/stata13_se/elsa_endoflife_hcap2_w10.dta","eimhff","How long the deceased had felt like this when they died","Refused -9; Don't know -8; Schedule not applicable -2; Not applicable -1; one month or less 1; more than one month, but less than one year 2; between one and two years 3; over two years 4"
"ELSA_UK/UKDA-5050-stata/stata/stata13_se/elsa_endoflife_hcap2_w10.dta","eiotsym","@/In the 3 months before AXEiNam died, did heshe develop any other health proble","Refusal -9; Don't Know -8; Schedule not applicable -2; Item not applicable -1; Yes 1; No 2"
"ELSA_UK/UKDA-5050-stata/stata/stata13_se/elsa_endoflife_hcap2_w10.dta","dveidates","(D) Season of death (recoded for non-disclosure)","Refused -9; Don't know -8; Not applicable -1; Winter (Dec to Feb) 1; Spring (March to May) 2; Summer (June to Aug) 3; Autumn (Sept to Nov) 4"
"ELSA_UK/UKDA-5050-stata/stata/stata13_se/elsa_endoflife_hcap2_w10.dta","dveicaus","(D) Main cause of deceased's death (recoded for non-disclosure)","Refused -9; Don't know -8; Not applicable -1; Cancer 1; CVD 2; Respiratory 3; Other (incl benign/uncertain neoplasms) 4; External causes (injuries, suicides, accidents) 5; Irrelevant response 96"
"ELSA_UK/UKDA-5050-stata/stata/stata13_se/wave_10_elsa_data_eul_v4.dta","idauniq","Cross-wave identifier","Refused -9; Don't know -8; Not applicable -1"
"ELSA_UK/UKDA-5050-stata/stata/stata13_se/wave_10_elsa_data_eul_v4.dta","idahhw10","Wave 10 household identifier","Refused -9; Don't know -8; Not applicable -1"
"ELSA_UK/UKDA-5050-stata/stata/stata13_se/wave_10_elsa_data_eul_v4.dta","dimad","Age (or estimated age) at death of mother of respondent","Refused -9; Don't know -8; Not applicable -1"
"ELSA_UK/UKDA-5050-stata/stata/stata13_se/wave_10_elsa_data_eul_v4.dta","dimdyr","Year mother died","Refused -9; Don't know -8; Not applicable -1"
"ELSA_UK/UKDA-5050-stata/stata/stata13_se/wave_10_elsa_data_eul_v4.dta","dicdnm","Cause of death of mother of respondent","Refused -9; Don't know -8; Not applicable -1; Cancer 1; Heart Attack 2; Stroke 3; Other cardiovascular related illness 4; Respiratory disease 5"
"ELSA_UK/UKDA-5050-stata/stata/stata13_se/wave_10_elsa_data_eul_v4.dta","difad","Age (or estimated age) at death of father of respondent","Refused -9; Don't know -8; Not applicable -1"
"ELSA_UK/UKDA-5050-stata/stata/stata13_se/wave_10_elsa_data_eul_v4.dta","difdyr","Year father died","Refused -9; Don't know -8; Not applicable -1"
"ELSA_UK/UKDA-5050-stata/stata/stata13_se/wave_10_elsa_data_eul_v4.dta","dicdnf","Cause of death of father of respondent","Refused -9; Don't know -8; Not applicable -1; Cancer 1; Heart Attack 2; Stroke 3; Other cardiovascular related illness 4; Respiratory disease 5"
"ELSA_UK/UKDA-5050-stata/stata/stata13_se/wave_10_elsa_data_eul_v4.dta","wprrmli","Reasons for retiring: life event: (re)married/moved house/spouse died (merged)","Refused -9; Don't know -8; Not applicable -1; Not mentioned 0; Mentioned 1"
"ELSA_UK/UKDA-5050-stata/stata/stata13_se/wave_10_elsa_data_eul_v4.dta","ialiya","Life insurance lump sum pay out on death (respondent)","Refused -9; Don't know -8; Not applicable -1"
"ELSA_UK/UKDA-5050-stata/stata/stata13_se/wave_10_elsa_data_eul_v4.dta","ialipa","Life insurance lump sum pay out on death (partner)","Refused -9; Don't know -8; Not applicable -1"
"ELSA_UK/UKDA-5050-stata/stata/stata13_se/wave_10_elsa_data_eul_v4.dta","scdead","How well 'adventurous' describes respondent (self-reported)","Refused -9; Don't know -8; Self-completion instrument not completed -2; Not applicable -1"
"SHARE_Europe/GH_SHARE_EOL_g.dta","mergeid","Person identifier (fix across modules and waves)",""
"SHARE_Europe/GH_SHARE_EOL_g.dta","country","Country identifier","Austria 11; Germany 12; Sweden 13; Netherlands 14; Spain 15; Italy 16; France 17; Denmark 18; Greece 19; Switzerland 20; Belgium 23; Israel 25; Czech Republic 28; Poland 29; Ireland 30; Luxembourg 31; Hungary 32; Portugal 33; Slovenia 34; Estonia 35; Croatia 47; Lithuania 48; Bulgaria 51; Cyprus 53; Finland 55; Latvia 57; Malta 59; Romania 61; Slovakia 63; .d:dk NA; .m:missing NA; .r:refuse NA; .u:Unmar NA; .v:SP NR NA"
"SHARE_Europe/GH_SHARE_EOL_g.dta","raxmonth","raxmonth: r death month in eol ivw",""
"SHARE_Europe/GH_SHARE_EOL_g.dta","raxyear","raxyear: r death year in eol ivw",""
"SHARE_Europe/GH_SHARE_EOL_g.dta","radage","radage: r age at death",""
"SHARE_Europe/GH_SHARE_EOL_g.dta","radagef","radagef: r flag age at death","0.reported age used 0; 1.month & year used 1; 2.only year used 2; .d:dk NA; .m:missing NA; .r:refuse NA"
"SHARE_Europe/GH_SHARE_EOL_g.dta","radtoivwm","radtoivwm: r time between death and eol ivw, months",""
"SHARE_Europe/GH_SHARE_EOL_g.dta","radtoivwy","radtoivwy: r time between death and eol ivw, years",""
"SHARE_Europe/GH_SHARE_EOL_g.dta","radtoivwf","radtoivwf: r flag time between death and eol ivw","1.month & year used 1; 2.only year used 2; .d:dk NA; .m:missing NA; .r:refuse NA"
"SHARE_Europe/GH_SHARE_EOL_g.dta","radloc_s","radloc_s: r specific death location","1.own home 1; 2.another person's home 2; 3.hospital 3; 4.nursing home 4; 5.hospice 5; 6.residential home/sheltered housing 6; 7.in transit/other 7; .d:dk NA; .m:missing NA; .r:refuse NA"
"SHARE_Europe/GH_SHARE_EOL_g.dta","radloc","radloc: r death location","1.private home 1; 2.hospital 2; 3.nursing home 3; 4.hospice 4; 5.other 5; .d:dk NA; .m:missing NA; .r:refuse NA"
"SHARE_Europe/GH_SHARE_EOL_g.dta","radlocs","radlocs: r death location, simplified","1.private home 1; 2.hospital or institution 2; 3.other 3; .d:dk NA; .m:missing NA; .r:refuse NA"
"SHARE_Europe/GH_SHARE_EOL_g.dta","racod_s","racod_s: disease that caused r's death","1.cancer 1; 2.heart attack 2; 3.stroke 3; 4.other cardiovascular related illness 4; 5.respiratory disease 5; 6.disease of the digestive system 6; 7.severe infectious disease 7; 8.accident 8; 9.parasitic diseases 9; 10.endocrine, nutritional, metabolic dz 10; 11.mental and behavioral disorders 11; 12.dz of nervous system 12; 13.dz of skin, subcutaneous tissue 13; 14.dz of musculoskeletal system, connective tissue 14; 15.dz of genitourinary system 15; 16.suicide/self-harm 16; 17.decrepitude/dotage/senility 17; 18.autoimmune disorder/dz 18; 19.multiple morbidities 19; 20.multiple organ failure/failure of vital parts 20; 21.murder/killed in combat 21; 22.consequences of hip fracture 22; 23.died during hospitalisation 23; 24.COVID-19 24; 25.other 25; .d:dk NA; .m:missing NA; .r:refuse NA"
"SHARE_Europe/GH_SHARE_EOL_g.dta","ragcod","ragcod: grouped disease that caused r's death","1.cancer 1; 2.cardiovascular 2; 3.other 3; .c:not a health condition NA; .d:dk NA; .m:missing NA; .n:none NA; .o:other health conditon NA; .r:refuse NA"
"SHARE_Europe/GH_SHARE_EOL_g.dta","raddur","raddur: r duration final illness/death","1.no warning, 1-2 hrs 1; 2.less than 1 day 2; 3.less than 1 week 3; 4.less than 1 month 4; 5.less than 1 year 5; 6.1 year or more 6; .d:dk NA; .m:missing NA; .r:refuse NA"
"SHARE_Europe/GH_SHARE_EOL_g.dta","radmarr","radmarr: r married at death","0.no 0; 1.yes 1; .a:accident caused death NA; .d:dk NA; .i:invalid NA; .m:missing NA; .n:not applicable NA; .q:not asked this wave NA; .r:refuse NA; .s:single stay NA; .t:disputes record NA; .u:unmarried/unpartnered NA; .w:no will NA"
"SHARE_Europe/GH_SHARE_EOL_g.dta","radmarrp","radmarrp: r married/partnered at death","0.no 0; 1.yes 1; .a:accident caused death NA; .d:dk NA; .i:invalid NA; .m:missing NA; .n:not applicable NA; .q:not asked this wave NA; .r:refuse NA; .s:single stay NA; .t:disputes record NA; .u:unmarried/unpartnered NA; .w:no will NA"
"SHARE_Europe/GH_SHARE_EOL_g.dta","raxahown","raxahown: r owned home at death","0.no 0; 1.yes 1; .d:dk NA; .m:missing NA; .r:refuse NA; .x:didn't own home NA"
"SHARE_Europe/GH_SHARE_EOL_g.dta","raxchild","raxchild: r number of living children when r died",""
