"cohort","item","source","baseline","followup","label","rule","domain","screen_overlap","background_overlap","observed_n","eligible_n","availability","value_labels","included","exact_deficit_rule"
"HRS","shlt","HRS_USA/randhrs1992_2022v1.dta","r14shlt","r15shlt","r14shlt:w14 self-report of health","ordinal5","other_health",TRUE,FALSE,8421,8426,0.999406598623309,"1.excellent 1; 2.very good 2; 3.good 3; 4.fair 4; 5.poor 5; .d=dk/na NA; .j=web interview, missing NA; .m=oth missing NA; .r=rf NA; .s=skip NA; .u=unmarried NA; .v=spouse nr NA",TRUE,"Valid 1 to 5; deficit=(value-1)/4"
"HRS","depres","HRS_USA/randhrs1992_2022v1.dta","r14depres","r15depres","r14depres:w14 cesd: felt depressed","binary","affect",FALSE,FALSE,7918,8426,0.939710420128175,"0.no 0; 1.yes 1; .d=dk/na NA; .j=web interview, missing NA; .m=oth missing NA; .q=not asked this wv NA; .r=rf NA; .s=skip,question not asked NA; .t=other NA; .u=unmarried NA; .v=spouse nr NA",TRUE,"Valid 0 or 1; preserve value"
"HRS","effort","HRS_USA/randhrs1992_2022v1.dta","r14effort","r15effort","r14effort:w14 cesd: everything an effort","binary","affect",TRUE,FALSE,7912,8426,0.938998338476145,"0.no 0; 1.yes 1; .d=dk/na NA; .j=web interview, missing NA; .m=oth missing NA; .q=not asked this wv NA; .r=rf NA; .s=skip,question not asked NA; .t=other NA; .u=unmarried NA; .v=spouse nr NA",TRUE,"Valid 0 or 1; preserve value"
"HRS","sleepr","HRS_USA/randhrs1992_2022v1.dta","r14sleepr","r15sleepr","r14sleepr:w14 cesd: sleep was restless","binary","affect",FALSE,FALSE,7919,8426,0.939829100403513,"0.no 0; 1.yes 1; .d=dk/na NA; .j=web interview, missing NA; .m=oth missing NA; .q=not asked this wv NA; .r=rf NA; .s=skip,question not asked NA; .t=other NA; .u=unmarried NA; .v=spouse nr NA",TRUE,"Valid 0 or 1; preserve value"
"HRS","whappy","HRS_USA/randhrs1992_2022v1.dta","r14whappy","r15whappy","r14whappy:w14 cesd: was happy","reverse","affect",FALSE,FALSE,7895,8426,0.936980773795395,"0.no 0; 1.yes 1; .d=dk/na NA; .j=web interview, missing NA; .m=oth missing NA; .q=not asked this wv NA; .r=rf NA; .s=skip,question not asked NA; .t=other NA; .u=unmarried NA; .v=spouse nr NA",TRUE,"Valid 0 or 1; deficit=1-value"
"HRS","flone","HRS_USA/randhrs1992_2022v1.dta","r14flone","r15flone","r14flone:w14 cesd: felt lonely","binary","affect",FALSE,FALSE,7919,8426,0.939829100403513,"0.no 0; 1.yes 1; .d=dk/na NA; .j=web interview, missing NA; .m=oth missing NA; .q=not asked this wv NA; .r=rf NA; .s=skip,question not asked NA; .t=other NA; .u=unmarried NA; .v=spouse nr NA",TRUE,"Valid 0 or 1; preserve value"
"HRS","enlife","HRS_USA/randhrs1992_2022v1.dta","r14enlife","r15enlife","r14enlife:w14 cesd: enjoyed life","reverse","affect",FALSE,FALSE,7903,8426,0.937930215998101,"0.no 0; 1.yes 1; .d=dk/na NA; .j=web interview, missing NA; .m=oth missing NA; .q=not asked this wv NA; .r=rf NA; .s=skip,question not asked NA; .t=other NA; .u=unmarried NA; .v=spouse nr NA",TRUE,"Valid 0 or 1; deficit=1-value"
"HRS","fsad","HRS_USA/randhrs1992_2022v1.dta","r14fsad","r15fsad","r14fsad:w14 cesd: felt sad","binary","affect",FALSE,FALSE,7903,8426,0.937930215998101,"0.no 0; 1.yes 1; .d=dk/na NA; .j=web interview, missing NA; .m=oth missing NA; .q=not asked this wv NA; .r=rf NA; .s=skip,question not asked NA; .t=other NA; .u=unmarried NA; .v=spouse nr NA",TRUE,"Valid 0 or 1; preserve value"
"HRS","going","HRS_USA/randhrs1992_2022v1.dta","r14going","r15going","r14going:w14 cesd: could not get going","binary","affect",FALSE,FALSE,7883,8426,0.935556610491336,"0.no 0; 1.yes 1; .d=dk/na NA; .j=web interview, missing NA; .m=oth missing NA; .q=not asked this wv NA; .r=rf NA; .s=skip,question not asked NA; .t=other NA; .u=unmarried NA; .v=spouse nr NA",TRUE,"Valid 0 or 1; preserve value"
"HRS","bmi","HRS_USA/randhrs1992_2022v1.dta","r14bmi","r15bmi","r14bmi:w14 self-reported body mass index=kg/m2","bmi","other_health",FALSE,FALSE,8325,8426,0.988013292190838,"",TRUE,"BMI 10 to 80 valid; <18.5:0.75; 18.5-<25:0; 25-<30:0.25; 30-<35:0.5; 35-<40:0.75; >=40:1"
"HRS","hibpe","HRS_USA/randhrs1992_2022v1.dta","r14hibpe","r15hibpe","r14hibpe:w14 r ever had high blood pressure","binary","disease",FALSE,TRUE,8426,8426,1,"0.no 0; 1.yes 1; .d=dk/na NA; .j=web interview, missing NA; .m=oth missing NA; .q=not asked this wv NA; .r=rf NA; .s=skip,question not asked NA; .t=other NA; .u=unmarried NA; .v=spouse nr NA",TRUE,"Valid 0 or 1; preserve value"
"HRS","diabe","HRS_USA/randhrs1992_2022v1.dta","r14diabe","r15diabe","r14diabe:w14 r ever had diabetes","binary","disease",FALSE,TRUE,8426,8426,1,"0.no 0; 1.yes 1; .d=dk/na NA; .j=web interview, missing NA; .m=oth missing NA; .q=not asked this wv NA; .r=rf NA; .s=skip,question not asked NA; .t=other NA; .u=unmarried NA; .v=spouse nr NA",TRUE,"Valid 0 or 1; preserve value"
"HRS","cancre","HRS_USA/randhrs1992_2022v1.dta","r14cancre","r15cancre","r14cancre:w14 r ever had cancer","binary","disease",FALSE,TRUE,8426,8426,1,"0.no 0; 1.yes 1; .d=dk/na NA; .j=web interview, missing NA; .m=oth missing NA; .q=not asked this wv NA; .r=rf NA; .s=skip,question not asked NA; .t=other NA; .u=unmarried NA; .v=spouse nr NA",TRUE,"Valid 0 or 1; preserve value"
"HRS","lunge","HRS_USA/randhrs1992_2022v1.dta","r14lunge","r15lunge","r14lunge:w14 r ever had lung disease","binary","disease",FALSE,FALSE,8426,8426,1,"0.no 0; 1.yes 1; .d=dk/na NA; .j=web interview, missing NA; .m=oth missing NA; .q=not asked this wv NA; .r=rf NA; .s=skip,question not asked NA; .t=other NA; .u=unmarried NA; .v=spouse nr NA",TRUE,"Valid 0 or 1; preserve value"
"HRS","hearte","HRS_USA/randhrs1992_2022v1.dta","r14hearte","r15hearte","r14hearte:w14 r ever had heart problems","binary","disease",FALSE,TRUE,8426,8426,1,"0.no 0; 1.yes 1; .d=dk/na NA; .j=web interview, missing NA; .m=oth missing NA; .q=not asked this wv NA; .r=rf NA; .s=skip,question not asked NA; .t=other NA; .u=unmarried NA; .v=spouse nr NA",TRUE,"Valid 0 or 1; preserve value"
"HRS","stroke","HRS_USA/randhrs1992_2022v1.dta","r14stroke","r15stroke","r14stroke:w14 r ever had stroke","binary","disease",FALSE,TRUE,8426,8426,1,"0.no 0; 1.yes 1; .d=dk/na NA; .j=web interview, missing NA; .m=oth missing NA; .q=not asked this wv NA; .r=rf NA; .s=skip,question not asked NA; .t=other NA; .u=unmarried NA; .v=spouse nr NA",TRUE,"Valid 0 or 1; preserve value"
"HRS","arthre","HRS_USA/randhrs1992_2022v1.dta","r14arthre","r15arthre","r14arthre:w14 r ever had arthritis","binary","disease",FALSE,TRUE,8426,8426,1,"0.no 0; 1.yes 1; .d=dk/na NA; .j=web interview, missing NA; .m=oth missing NA; .q=not asked this wv NA; .r=rf NA; .s=skip,question not asked NA; .t=other NA; .u=unmarried NA; .v=spouse nr NA",TRUE,"Valid 0 or 1; preserve value"
"HRS","walksa","HRS_USA/randhrs1992_2022v1.dta","r14walksa","r15walksa","r14walksa:w14 r any diff-walk sev blocks","difficulty","mobility",FALSE,FALSE,8345,8426,0.990386897697603,"0.no 0; 1.yes 1; 2.can't do 2; 7.don't do 7; .d=dk NA; .f=no famr NA; .j=web interview, missing NA; .m=oth missing NA; .n=na NA; .q=not asked this wave NA; .r=rf NA; .s=skip NA; .u=unmarried NA; .v=sp nr NA; .x=don't do NA; .y=alternate wave NA; .z=don't do/no if did NA",TRUE,"Valid 0, 1 or 2; deficit=I(value>0)"
"HRS","joga","HRS_USA/randhrs1992_2022v1.dta","r14joga","r15joga","r14joga:w14 r any diff-jog one mile","difficulty","mobility",FALSE,FALSE,7686,8426,0.912176596249703,"0.no 0; 1.yes 1; 2.can't do 2; 7.don't do 7; .d=dk NA; .f=no famr NA; .j=web interview, missing NA; .m=oth missing NA; .n=na NA; .q=not asked this wave NA; .r=rf NA; .s=skip NA; .u=unmarried NA; .v=sp nr NA; .x=don't do NA; .y=alternate wave NA; .z=don't do/no if did NA",TRUE,"Valid 0, 1 or 2; deficit=I(value>0)"
"HRS","walk1a","HRS_USA/randhrs1992_2022v1.dta","r14walk1a","r15walk1a","r14walk1a:w14 r any diff-walk one block","difficulty","mobility",FALSE,FALSE,8359,8426,0.992048421552338,"0.no 0; 1.yes 1; 2.can't do 2; 7.don't do 7; .d=dk NA; .f=no famr NA; .j=web interview, missing NA; .m=oth missing NA; .n=na NA; .q=not asked this wave NA; .r=rf NA; .s=skip NA; .u=unmarried NA; .v=sp nr NA; .x=don't do NA; .y=alternate wave NA; .z=don't do/no if did NA",TRUE,"Valid 0, 1 or 2; deficit=I(value>0)"
"HRS","walkra","HRS_USA/randhrs1992_2022v1.dta","r14walkra","r15walkra","r14walkra:w14 r any diff-walk across room","difficulty","daily_function",TRUE,FALSE,8410,8426,0.998101115594588,"0.no 0; 1.yes 1; 2.can't do 2; 7.don't do 7; .d=dk NA; .f=no famr NA; .j=web interview, missing NA; .m=oth missing NA; .n=na NA; .q=not asked this wave NA; .r=rf NA; .s=skip NA; .u=unmarried NA; .v=sp nr NA; .x=don't do NA; .y=alternate wave NA; .z=don't do/no if did NA",TRUE,"Valid 0, 1 or 2; deficit=I(value>0)"
"HRS","sita","HRS_USA/randhrs1992_2022v1.dta","r14sita","r15sita","r14sita:w14 r any diff-sit for 2 hours","difficulty","mobility",FALSE,FALSE,8370,8426,0.993353904581059,"0.no 0; 1.yes 1; 2.can't do 2; 7.don't do 7; .d=dk NA; .f=no famr NA; .j=web interview, missing NA; .m=oth missing NA; .n=na NA; .q=not asked this wave NA; .r=rf NA; .s=skip NA; .u=unmarried NA; .v=sp nr NA; .x=don't do NA; .y=alternate wave NA; .z=don't do/no if did NA",TRUE,"Valid 0, 1 or 2; deficit=I(value>0)"
"HRS","chaira","HRS_USA/randhrs1992_2022v1.dta","r14chaira","r15chaira","r14chaira:w14 r any diff-get up fr chair","difficulty","mobility",FALSE,FALSE,8404,8426,0.997389033942559,"0.no 0; 1.yes 1; 2.can't do 2; 7.don't do 7; .d=dk NA; .f=no famr NA; .j=web interview, missing NA; .m=oth missing NA; .n=na NA; .q=not asked this wave NA; .r=rf NA; .s=skip NA; .u=unmarried NA; .v=sp nr NA; .x=don't do NA; .y=alternate wave NA; .z=don't do/no if did NA",TRUE,"Valid 0, 1 or 2; deficit=I(value>0)"
"HRS","climsa","HRS_USA/randhrs1992_2022v1.dta","r14climsa","r15climsa","r14climsa:w14 r any diff-clmb sev flt str","difficulty","mobility",FALSE,FALSE,8361,8426,0.992285782103014,"0.no 0; 1.yes 1; 2.can't do 2; 7.don't do 7; .d=dk NA; .f=no famr NA; .j=web interview, missing NA; .m=oth missing NA; .n=na NA; .q=not asked this wave NA; .r=rf NA; .s=skip NA; .u=unmarried NA; .v=sp nr NA; .x=don't do NA; .y=alternate wave NA; .z=don't do/no if did NA",TRUE,"Valid 0, 1 or 2; deficit=I(value>0)"
"HRS","clim1a","HRS_USA/randhrs1992_2022v1.dta","r14clim1a","r15clim1a","r14clim1a:w14 r any diff-clmb 1 flt stair","difficulty","mobility",FALSE,FALSE,8384,8426,0.995015428435794,"0.no 0; 1.yes 1; 2.can't do 2; 7.don't do 7; .d=dk NA; .f=no famr NA; .j=web interview, missing NA; .m=oth missing NA; .n=na NA; .q=not asked this wave NA; .r=rf NA; .s=skip NA; .u=unmarried NA; .v=sp nr NA; .x=don't do NA; .y=alternate wave NA; .z=don't do/no if did NA",TRUE,"Valid 0, 1 or 2; deficit=I(value>0)"
"HRS","stoopa","HRS_USA/randhrs1992_2022v1.dta","r14stoopa","r15stoopa","r14stoopa:w14 r any diff-stoop/kneel/crch","difficulty","mobility",FALSE,FALSE,8337,8426,0.989437455494897,"0.no 0; 1.yes 1; 2.can't do 2; 7.don't do 7; .d=dk NA; .f=no famr NA; .j=web interview, missing NA; .m=oth missing NA; .n=na NA; .q=not asked this wave NA; .r=rf NA; .s=skip NA; .u=unmarried NA; .v=sp nr NA; .x=don't do NA; .y=alternate wave NA; .z=don't do/no if did NA",TRUE,"Valid 0, 1 or 2; deficit=I(value>0)"
"HRS","lifta","HRS_USA/randhrs1992_2022v1.dta","r14lifta","r15lifta","r14lifta:w14 r any diff-lift/carry 10lbs","difficulty","mobility",FALSE,FALSE,8292,8426,0.984096843104676,"0.no 0; 1.yes 1; 2.can't do 2; 7.don't do 7; .d=dk NA; .f=no famr NA; .j=web interview, missing NA; .m=oth missing NA; .n=na NA; .q=not asked this wave NA; .r=rf NA; .s=skip NA; .u=unmarried NA; .v=sp nr NA; .x=don't do NA; .y=alternate wave NA; .z=don't do/no if did NA",TRUE,"Valid 0, 1 or 2; deficit=I(value>0)"
"HRS","dimea","HRS_USA/randhrs1992_2022v1.dta","r14dimea","r15dimea","r14dimea:w14 r any diff-pick up a dime","difficulty","mobility",FALSE,FALSE,8389,8426,0.995608829812485,"0.no 0; 1.yes 1; 2.can't do 2; 7.don't do 7; .d=dk NA; .f=no famr NA; .j=web interview, missing NA; .m=oth missing NA; .n=na NA; .q=not asked this wave NA; .r=rf NA; .s=skip NA; .u=unmarried NA; .v=sp nr NA; .x=don't do NA; .y=alternate wave NA; .z=don't do/no if did NA",TRUE,"Valid 0, 1 or 2; deficit=I(value>0)"
"HRS","armsa","HRS_USA/randhrs1992_2022v1.dta","r14armsa","r15armsa","r14armsa:w14 r any diff-rch/xtnd arms up","difficulty","mobility",FALSE,FALSE,8395,8426,0.996320911464515,"0.no 0; 1.yes 1; 2.can't do 2; 7.don't do 7; .d=dk NA; .f=no famr NA; .j=web interview, missing NA; .m=oth missing NA; .n=na NA; .q=not asked this wave NA; .r=rf NA; .s=skip NA; .u=unmarried NA; .v=sp nr NA; .x=don't do NA; .y=alternate wave NA; .z=don't do/no if did NA",TRUE,"Valid 0, 1 or 2; deficit=I(value>0)"
"HRS","pusha","HRS_USA/randhrs1992_2022v1.dta","r14pusha","r15pusha","r14pusha:w14 r any diff-push/pull lg obj","difficulty","mobility",FALSE,FALSE,8225,8426,0.976145264657014,"0.no 0; 1.yes 1; 2.can't do 2; 7.don't do 7; .d=dk NA; .f=no famr NA; .j=web interview, missing NA; .m=oth missing NA; .n=na NA; .q=not asked this wave NA; .r=rf NA; .s=skip NA; .u=unmarried NA; .v=sp nr NA; .x=don't do NA; .y=alternate wave NA; .z=don't do/no if did NA",TRUE,"Valid 0, 1 or 2; deficit=I(value>0)"
"HRS","dressa","HRS_USA/randhrs1992_2022v1.dta","r14dressa","r15dressa","r14dressa:w14 r any diff-dressing","difficulty","daily_function",TRUE,FALSE,8410,8426,0.998101115594588,"0.no 0; 1.yes 1; 2.can't do 2; 7.don't do 7; .d=dk NA; .f=no famr NA; .j=web interview, missing NA; .m=oth missing NA; .n=na NA; .q=not asked this wave NA; .r=rf NA; .s=skip NA; .u=unmarried NA; .v=sp nr NA; .x=don't do NA; .y=alternate wave NA; .z=don't do/no if did NA",TRUE,"Valid 0, 1 or 2; deficit=I(value>0)"
"HRS","batha","HRS_USA/randhrs1992_2022v1.dta","r14batha","r15batha","r14batha:w14 r any diff-bathing, shower","difficulty","daily_function",TRUE,FALSE,8410,8426,0.998101115594588,"0.no 0; 1.yes 1; 2.can't do 2; 7.don't do 7; .d=dk NA; .f=no famr NA; .j=web interview, missing NA; .m=oth missing NA; .n=na NA; .q=not asked this wave NA; .r=rf NA; .s=skip NA; .u=unmarried NA; .v=sp nr NA; .x=don't do NA; .y=alternate wave NA; .z=don't do/no if did NA",TRUE,"Valid 0, 1 or 2; deficit=I(value>0)"
"HRS","eata","HRS_USA/randhrs1992_2022v1.dta","r14eata","r15eata","r14eata:w14 r any diff-eating","difficulty","daily_function",TRUE,FALSE,8407,8426,0.997745074768573,"0.no 0; 1.yes 1; 2.can't do 2; 7.don't do 7; .d=dk NA; .f=no famr NA; .j=web interview, missing NA; .m=oth missing NA; .n=na NA; .q=not asked this wave NA; .r=rf NA; .s=skip NA; .u=unmarried NA; .v=sp nr NA; .x=don't do NA; .y=alternate wave NA; .z=don't do/no if did NA",TRUE,"Valid 0, 1 or 2; deficit=I(value>0)"
"HRS","beda","HRS_USA/randhrs1992_2022v1.dta","r14beda","r15beda","r14beda:w14 r any diff-get in/out bed","difficulty","daily_function",TRUE,FALSE,8403,8426,0.99727035366722,"0.no 0; 1.yes 1; 2.can't do 2; 7.don't do 7; .d=dk NA; .f=no famr NA; .j=web interview, missing NA; .m=oth missing NA; .n=na NA; .q=not asked this wave NA; .r=rf NA; .s=skip NA; .u=unmarried NA; .v=sp nr NA; .x=don't do NA; .y=alternate wave NA; .z=don't do/no if did NA",TRUE,"Valid 0, 1 or 2; deficit=I(value>0)"
"HRS","mapa","HRS_USA/randhrs1992_2022v1.dta","r14mapa","r15mapa","r14mapa:w14 r any diff-use a map","difficulty","daily_function",TRUE,FALSE,7754,8426,0.920246854972704,"0.no 0; 1.yes 1; 2.can't do 2; 7.don't do 7; .d=dk NA; .f=no famr NA; .j=web interview, missing NA; .m=oth missing NA; .n=na NA; .q=not asked this wave NA; .r=rf NA; .s=skip NA; .u=unmarried NA; .v=sp nr NA; .x=don't do NA; .y=alternate wave NA; .z=don't do/no if did NA",TRUE,"Valid 0, 1 or 2; deficit=I(value>0)"
"HRS","moneya","HRS_USA/randhrs1992_2022v1.dta","r14moneya","r15moneya","r14moneya:w14 r any diff-managing money","difficulty","daily_function",TRUE,FALSE,8157,8426,0.968075005934014,"0.no 0; 1.yes 1; 2.can't do 2; 7.don't do 7; .d=dk NA; .f=no famr NA; .j=web interview, missing NA; .m=oth missing NA; .n=na NA; .q=not asked this wave NA; .r=rf NA; .s=skip NA; .u=unmarried NA; .v=sp nr NA; .x=don't do NA; .y=alternate wave NA; .z=don't do/no if did NA",TRUE,"Valid 0, 1 or 2; deficit=I(value>0)"
"HRS","phonea","HRS_USA/randhrs1992_2022v1.dta","r14phonea","r15phonea","r14phonea:w14 r any diff-use telephone","difficulty","daily_function",TRUE,FALSE,8386,8426,0.99525278898647,"0.no 0; 1.yes 1; 2.can't do 2; 7.don't do 7; .d=dk NA; .f=no famr NA; .j=web interview, missing NA; .m=oth missing NA; .n=na NA; .q=not asked this wave NA; .r=rf NA; .s=skip NA; .u=unmarried NA; .v=sp nr NA; .x=don't do NA; .y=alternate wave NA; .z=don't do/no if did NA",TRUE,"Valid 0, 1 or 2; deficit=I(value>0)"
"HRS","medsa","HRS_USA/randhrs1992_2022v1.dta","r14medsa","r15medsa","r14medsa:w14 r any diff-take medications","difficulty","daily_function",TRUE,FALSE,8394,8426,0.996202231189176,"0.no 0; 1.yes 1; 2.can't do 2; 7.don't do 7; .d=dk NA; .f=no famr NA; .j=web interview, missing NA; .m=oth missing NA; .n=na NA; .q=not asked this wave NA; .r=rf NA; .s=skip NA; .u=unmarried NA; .v=sp nr NA; .x=don't do NA; .y=alternate wave NA; .z=don't do/no if did NA",TRUE,"Valid 0, 1 or 2; deficit=I(value>0)"
"HRS","toilta","HRS_USA/randhrs1992_2022v1.dta","r14toilta","r15toilta","r14toilta:w14 r any diff-using the toilet","difficulty","daily_function",TRUE,FALSE,8399,8426,0.996795632565868,"0.no 0; 1.yes 1; 2.can't do 2; 7.don't do 7; .d=dk NA; .f=no famr NA; .j=web interview, missing NA; .m=oth missing NA; .n=na NA; .q=not asked this wave NA; .r=rf NA; .s=skip NA; .u=unmarried NA; .v=sp nr NA; .x=don't do NA; .y=alternate wave NA; .z=don't do/no if did NA",TRUE,"Valid 0, 1 or 2; deficit=I(value>0)"
"HRS","mealsa","HRS_USA/randhrs1992_2022v1.dta","r14mealsa","r15mealsa","r14mealsa:w14 r any diff-prepare hot meal","difficulty","daily_function",TRUE,FALSE,8168,8426,0.969380488962734,"0.no 0; 1.yes 1; 2.can't do 2; 7.don't do 7; .d=dk NA; .f=no famr NA; .j=web interview, missing NA; .m=oth missing NA; .n=na NA; .q=not asked this wave NA; .r=rf NA; .s=skip NA; .u=unmarried NA; .v=sp nr NA; .x=don't do NA; .y=alternate wave NA; .z=don't do/no if did NA",TRUE,"Valid 0, 1 or 2; deficit=I(value>0)"
"HRS","shopa","HRS_USA/randhrs1992_2022v1.dta","r14shopa","r15shopa","r14shopa:w14 r any diff-shop for grocery","difficulty","daily_function",TRUE,FALSE,8239,8426,0.977806788511749,"0.no 0; 1.yes 1; 2.can't do 2; 7.don't do 7; .d=dk NA; .f=no famr NA; .j=web interview, missing NA; .m=oth missing NA; .n=na NA; .q=not asked this wave NA; .r=rf NA; .s=skip NA; .u=unmarried NA; .v=sp nr NA; .x=don't do NA; .y=alternate wave NA; .z=don't do/no if did NA",TRUE,"Valid 0, 1 or 2; deficit=I(value>0)"
"HRS","sight","HRS_USA/H_HRS_d.dta","r14sight","r15sight","r14sight:w14 r self-rated eyesight","sensory","other_health",FALSE,FALSE,8400,8426,0.996914312841206,"1.excellent 1; 2.very good 2; 3.good 3; 4.fair 4; 5.poor 5; 6.blind 6; .d:DK NA; .m:Missing NA; .o:other NA; .p:proxy NA; .r:Refuse NA; .u:not coupled NA; .v:SP NR NA",TRUE,"Valid 1 to 6; deficit=min((value-1)/4,1)"
"HRS","hearing","HRS_USA/H_HRS_d.dta","r14hearing","r15hearing","r14hearing:w14 r self-rated hearing","sensory","other_health",FALSE,FALSE,8414,8426,0.998575836695941,"1.excellent 1; 2.very good 2; 3.good 3; 4.fair 4; 5.poor 5; 6.blind 6; .d:DK NA; .m:Missing NA; .o:other NA; .p:proxy NA; .r:Refuse NA; .u:not coupled NA; .v:SP NR NA",TRUE,"Valid 1 to 6; deficit=min((value-1)/4,1)"
"HRS","fall","HRS_USA/H_HRS_d.dta","r14fall","r15fall","r14fall:w14 r fallen down last 2 years","binary","other_health",FALSE,FALSE,8399,8426,0.996795632565868,"0.no 0; 1.yes 1; .a:not asked-age NA; .b:both eyes in prev wave NA; .d:DK NA; .g:not asked-gender NA; .h:takes heart meds NA; .j:no job NA; .k:no kids NA; .m:Missing NA; .n:does not drink NA; .o:other NA; .p:proxy NA; .q:not asked this wave NA; .r:Refuse NA; .s:skipped NA; .u:not coupled NA; .v:SP NR NA; .x:does not have condition NA",TRUE,"Valid 0 or 1; preserve value"
"HRS","urinai","HRS_USA/H_HRS_d.dta","r14urinai","r15urinai","r14urinai:w14 r any urinary incontinence past year","binary","other_health",FALSE,FALSE,8393,8426,0.996083550913838,"0.no 0; 1.yes 1; .a:not asked-age NA; .b:both eyes in prev wave NA; .d:DK NA; .g:not asked-gender NA; .h:takes heart meds NA; .j:no job NA; .k:no kids NA; .m:Missing NA; .n:does not drink NA; .o:other NA; .p:proxy NA; .q:not asked this wave NA; .r:Refuse NA; .s:skipped NA; .u:not coupled NA; .v:SP NR NA; .x:does not have condition NA",TRUE,"Valid 0 or 1; preserve value"
"HRS","painfr","HRS_USA/H_HRS_d.dta","r14painfr","r15painfr","r14painfr:w14 r frequent problems with pain","binary","other_health",FALSE,FALSE,8409,8426,0.99798243531925,"0.no 0; 1.yes 1; .a:not asked-age NA; .b:both eyes in prev wave NA; .d:DK NA; .g:not asked-gender NA; .h:takes heart meds NA; .j:no job NA; .k:no kids NA; .m:Missing NA; .n:does not drink NA; .o:other NA; .p:proxy NA; .q:not asked this wave NA; .r:Refuse NA; .s:skipped NA; .u:not coupled NA; .v:SP NR NA; .x:does not have condition NA",TRUE,"Valid 0 or 1; preserve value"
"ELSA","shlt","ELSA_UK/UKDA-5050-stata/stata/stata13_se/gh_elsa_h.dta","r9shlt","r10shlt","r9shlt:w9 R self-report of health","ordinal5","other_health",TRUE,FALSE,4206,4470,0.940939597315436,".v:SP NR -22; .u:Unmar -21; .r:Refuse -18; .p:proxy -16; .m:Missing -13; .d:DK -4; 1.Excellent 1; 2.Very good 2; 3.Good 3; 4.Fair 4; 5.Poor 5",TRUE,"Valid 1 to 5; deficit=(value-1)/4"
"ELSA","walkra","ELSA_UK/UKDA-5050-stata/stata/stata13_se/gh_elsa_h.dta","r9walkra","r10walkra","r9walkra:w9 R Some Diff-Walk across room","difficulty","daily_function",TRUE,FALSE,4467,4470,0.999328859060403,".v:SP NR -22; .u:Unmar -21; .r:Refuse -18; .p:proxy -16; .m:Missing -13; .d:DK -4; 0.No 0; 1.Yes 1",TRUE,"Valid 0, 1 or 2; deficit=I(value>0)"
"ELSA","dressa","ELSA_UK/UKDA-5050-stata/stata/stata13_se/gh_elsa_h.dta","r9dressa","r10dressa","r9dressa:w9 R Some Diff-Dressing","difficulty","daily_function",TRUE,FALSE,4467,4470,0.999328859060403,".v:SP NR -22; .u:Unmar -21; .r:Refuse -18; .p:proxy -16; .m:Missing -13; .d:DK -4; 0.No 0; 1.Yes 1",TRUE,"Valid 0, 1 or 2; deficit=I(value>0)"
"ELSA","batha","ELSA_UK/UKDA-5050-stata/stata/stata13_se/gh_elsa_h.dta","r9batha","r10batha","r9batha:w9 R Some Diff-Bathing, shower","difficulty","daily_function",TRUE,FALSE,4467,4470,0.999328859060403,".v:SP NR -22; .u:Unmar -21; .r:Refuse -18; .p:proxy -16; .m:Missing -13; .d:DK -4; 0.No 0; 1.Yes 1",TRUE,"Valid 0, 1 or 2; deficit=I(value>0)"
"ELSA","eata","ELSA_UK/UKDA-5050-stata/stata/stata13_se/gh_elsa_h.dta","r9eata","r10eata","r9eata:w9 R Some Diff-Eating","difficulty","daily_function",TRUE,FALSE,4467,4470,0.999328859060403,".v:SP NR -22; .u:Unmar -21; .r:Refuse -18; .p:proxy -16; .m:Missing -13; .d:DK -4; 0.No 0; 1.Yes 1",TRUE,"Valid 0, 1 or 2; deficit=I(value>0)"
"ELSA","beda","ELSA_UK/UKDA-5050-stata/stata/stata13_se/gh_elsa_h.dta","r9beda","r10beda","r9beda:w9 R Some Diff-Get in/out bed","difficulty","daily_function",TRUE,FALSE,4467,4470,0.999328859060403,".v:SP NR -22; .u:Unmar -21; .r:Refuse -18; .p:proxy -16; .m:Missing -13; .d:DK -4; 0.No 0; 1.Yes 1",TRUE,"Valid 0, 1 or 2; deficit=I(value>0)"
"ELSA","toilta","ELSA_UK/UKDA-5050-stata/stata/stata13_se/gh_elsa_h.dta","r9toilta","r10toilta","r9toilta:w9 R Some Diff-Using the toilet","difficulty","daily_function",TRUE,FALSE,4467,4470,0.999328859060403,".v:SP NR -22; .u:Unmar -21; .r:Refuse -18; .p:proxy -16; .m:Missing -13; .d:DK -4; 0.No 0; 1.Yes 1",TRUE,"Valid 0, 1 or 2; deficit=I(value>0)"
"ELSA","mapa","ELSA_UK/UKDA-5050-stata/stata/stata13_se/gh_elsa_h.dta","r9mapa","r10mapa","r9mapa:w9 R Some Diff-Use a map","difficulty","daily_function",TRUE,FALSE,4467,4470,0.999328859060403,".v:SP NR -22; .u:Unmar -21; .r:Refuse -18; .p:proxy -16; .m:Missing -13; .d:DK -4; 0.No 0; 1.Yes 1",TRUE,"Valid 0, 1 or 2; deficit=I(value>0)"
"ELSA","phonea","ELSA_UK/UKDA-5050-stata/stata/stata13_se/gh_elsa_h.dta","r9phonea","r10phonea","r9phonea:w9 R Some Diff-Use a telephone","difficulty","daily_function",TRUE,FALSE,4467,4470,0.999328859060403,".v:SP NR -22; .u:Unmar -21; .r:Refuse -18; .p:proxy -16; .m:Missing -13; .d:DK -4; 0.No 0; 1.Yes 1",TRUE,"Valid 0, 1 or 2; deficit=I(value>0)"
"ELSA","moneya","ELSA_UK/UKDA-5050-stata/stata/stata13_se/gh_elsa_h.dta","r9moneya","r10moneya","r9moneya:w9 R Some Diff-Managing money","difficulty","daily_function",TRUE,FALSE,4467,4470,0.999328859060403,".v:SP NR -22; .u:Unmar -21; .r:Refuse -18; .p:proxy -16; .m:Missing -13; .d:DK -4; 0.No 0; 1.Yes 1",TRUE,"Valid 0, 1 or 2; deficit=I(value>0)"
"ELSA","medsa","ELSA_UK/UKDA-5050-stata/stata/stata13_se/gh_elsa_h.dta","r9medsa","r10medsa","r9medsa:w9 R Some Diff-Take medications","difficulty","daily_function",TRUE,FALSE,4467,4470,0.999328859060403,".v:SP NR -22; .u:Unmar -21; .r:Refuse -18; .p:proxy -16; .m:Missing -13; .d:DK -4; 0.No 0; 1.Yes 1",TRUE,"Valid 0, 1 or 2; deficit=I(value>0)"
"ELSA","shopa","ELSA_UK/UKDA-5050-stata/stata/stata13_se/gh_elsa_h.dta","r9shopa","r10shopa","r9shopa:w9 R Some Diff-Shop for grocery","difficulty","daily_function",TRUE,FALSE,4467,4470,0.999328859060403,".v:SP NR -22; .u:Unmar -21; .r:Refuse -18; .p:proxy -16; .m:Missing -13; .d:DK -4; 0.No 0; 1.Yes 1",TRUE,"Valid 0, 1 or 2; deficit=I(value>0)"
"ELSA","mealsa","ELSA_UK/UKDA-5050-stata/stata/stata13_se/gh_elsa_h.dta","r9mealsa","r10mealsa","r9mealsa:w9 R Some Diff-Prepare hot meal","difficulty","daily_function",TRUE,FALSE,4467,4470,0.999328859060403,".v:SP NR -22; .u:Unmar -21; .r:Refuse -18; .p:proxy -16; .m:Missing -13; .d:DK -4; 0.No 0; 1.Yes 1",TRUE,"Valid 0, 1 or 2; deficit=I(value>0)"
"ELSA","housewka","ELSA_UK/UKDA-5050-stata/stata/stata13_se/gh_elsa_h.dta","r9housewka","r10housewka","r9housewka:w9 R Some Diff-Doing work around the house or garden","difficulty","daily_function",TRUE,FALSE,4467,4470,0.999328859060403,".v:SP NR -22; .u:Unmar -21; .r:Refuse -18; .p:proxy -16; .m:Missing -13; .d:DK -4; 0.No 0; 1.Yes 1",TRUE,"Valid 0, 1 or 2; deficit=I(value>0)"
"ELSA","walk100a","ELSA_UK/UKDA-5050-stata/stata/stata13_se/gh_elsa_h.dta","r9walk100a","r10walk100a","r9walk100a:w9 R Some Diff-Walk 100y","difficulty","mobility",FALSE,FALSE,4467,4470,0.999328859060403,".v:SP NR -22; .u:Unmar -21; .r:Refuse -18; .p:proxy -16; .m:Missing -13; .d:DK -4; 0.No 0; 1.Yes 1",TRUE,"Valid 0, 1 or 2; deficit=I(value>0)"
"ELSA","sita","ELSA_UK/UKDA-5050-stata/stata/stata13_se/gh_elsa_h.dta","r9sita","r10sita","r9sita:w9 R Some Diff-Sit for 2 hours","difficulty","mobility",FALSE,FALSE,4467,4470,0.999328859060403,".v:SP NR -22; .u:Unmar -21; .r:Refuse -18; .p:proxy -16; .m:Missing -13; .d:DK -4; 0.No 0; 1.Yes 1",TRUE,"Valid 0, 1 or 2; deficit=I(value>0)"
"ELSA","chaira","ELSA_UK/UKDA-5050-stata/stata/stata13_se/gh_elsa_h.dta","r9chaira","r10chaira","r9chaira:w9 R Some Diff-Get up fr chair","difficulty","mobility",FALSE,FALSE,4467,4470,0.999328859060403,".v:SP NR -22; .u:Unmar -21; .r:Refuse -18; .p:proxy -16; .m:Missing -13; .d:DK -4; 0.No 0; 1.Yes 1",TRUE,"Valid 0, 1 or 2; deficit=I(value>0)"
"ELSA","climsa","ELSA_UK/UKDA-5050-stata/stata/stata13_se/gh_elsa_h.dta","r9climsa","r10climsa","r9climsa:w9 R Some Diff-Clmb sev flt str","difficulty","mobility",FALSE,FALSE,4467,4470,0.999328859060403,".v:SP NR -22; .u:Unmar -21; .r:Refuse -18; .p:proxy -16; .m:Missing -13; .d:DK -4; 0.No 0; 1.Yes 1",TRUE,"Valid 0, 1 or 2; deficit=I(value>0)"
"ELSA","clim1a","ELSA_UK/UKDA-5050-stata/stata/stata13_se/gh_elsa_h.dta","r9clim1a","r10clim1a","r9clim1a:w9 R Some Diff-Clmb 1 flt str","difficulty","mobility",FALSE,FALSE,4467,4470,0.999328859060403,".v:SP NR -22; .u:Unmar -21; .r:Refuse -18; .p:proxy -16; .m:Missing -13; .d:DK -4; 0.No 0; 1.Yes 1",TRUE,"Valid 0, 1 or 2; deficit=I(value>0)"
"ELSA","stoopa","ELSA_UK/UKDA-5050-stata/stata/stata13_se/gh_elsa_h.dta","r9stoopa","r10stoopa","r9stoopa:w9 R Some Diff-Stoop/Kneel/Crch","difficulty","mobility",FALSE,FALSE,4467,4470,0.999328859060403,".v:SP NR -22; .u:Unmar -21; .r:Refuse -18; .p:proxy -16; .m:Missing -13; .d:DK -4; 0.No 0; 1.Yes 1",TRUE,"Valid 0, 1 or 2; deficit=I(value>0)"
"ELSA","lifta","ELSA_UK/UKDA-5050-stata/stata/stata13_se/gh_elsa_h.dta","r9lifta","r10lifta","r9lifta:w9 R Some Diff-Lift/carry 10lbs","difficulty","mobility",FALSE,FALSE,4467,4470,0.999328859060403,".v:SP NR -22; .u:Unmar -21; .r:Refuse -18; .p:proxy -16; .m:Missing -13; .d:DK -4; 0.No 0; 1.Yes 1",TRUE,"Valid 0, 1 or 2; deficit=I(value>0)"
"ELSA","dimea","ELSA_UK/UKDA-5050-stata/stata/stata13_se/gh_elsa_h.dta","r9dimea","r10dimea","r9dimea:w9 R Some Diff-Pick up a 5p coin","difficulty","mobility",FALSE,FALSE,4467,4470,0.999328859060403,".v:SP NR -22; .u:Unmar -21; .r:Refuse -18; .p:proxy -16; .m:Missing -13; .d:DK -4; 0.No 0; 1.Yes 1",TRUE,"Valid 0, 1 or 2; deficit=I(value>0)"
"ELSA","armsa","ELSA_UK/UKDA-5050-stata/stata/stata13_se/gh_elsa_h.dta","r9armsa","r10armsa","r9armsa:w9 R Some Diff-Rch/xtnd arms up","difficulty","mobility",FALSE,FALSE,4467,4470,0.999328859060403,".v:SP NR -22; .u:Unmar -21; .r:Refuse -18; .p:proxy -16; .m:Missing -13; .d:DK -4; 0.No 0; 1.Yes 1",TRUE,"Valid 0, 1 or 2; deficit=I(value>0)"
"ELSA","pusha","ELSA_UK/UKDA-5050-stata/stata/stata13_se/gh_elsa_h.dta","r9pusha","r10pusha","r9pusha:w9 R Some Diff-Push/pull lg obj","difficulty","mobility",FALSE,FALSE,4467,4470,0.999328859060403,".v:SP NR -22; .u:Unmar -21; .r:Refuse -18; .p:proxy -16; .m:Missing -13; .d:DK -4; 0.No 0; 1.Yes 1",TRUE,"Valid 0, 1 or 2; deficit=I(value>0)"
"ELSA","hibpe","ELSA_UK/UKDA-5050-stata/stata/stata13_se/gh_elsa_h.dta","r9hibpe","r10hibpe","r9hibpe:w9 R ever had high blood pressure","binary","disease",FALSE,TRUE,4470,4470,1,".v:SP NR -22; .u:Unmar -21; .r:Refuse -18; .m:Missing -13; .d:DK -4; .a:less than age 60 -1; 0.no 0; 1.yes 1",TRUE,"Valid 0 or 1; preserve value"
"ELSA","diabe","ELSA_UK/UKDA-5050-stata/stata/stata13_se/gh_elsa_h.dta","r9diabe","r10diabe","r9diabe:w9 R ever had diabetes","binary","disease",FALSE,TRUE,4470,4470,1,".v:SP NR -22; .u:Unmar -21; .r:Refuse -18; .m:Missing -13; .d:DK -4; .a:less than age 60 -1; 0.no 0; 1.yes 1",TRUE,"Valid 0 or 1; preserve value"
"ELSA","cancre","ELSA_UK/UKDA-5050-stata/stata/stata13_se/gh_elsa_h.dta","r9cancre","r10cancre","r9cancre:w9 R ever had cancer","binary","disease",FALSE,TRUE,4470,4470,1,".v:SP NR -22; .u:Unmar -21; .r:Refuse -18; .m:Missing -13; .d:DK -4; .a:less than age 60 -1; 0.no 0; 1.yes 1",TRUE,"Valid 0 or 1; preserve value"
"ELSA","lunge","ELSA_UK/UKDA-5050-stata/stata/stata13_se/gh_elsa_h.dta","r9lunge","r10lunge","r9lunge:w9 R ever had lung disease","binary","disease",FALSE,FALSE,4470,4470,1,".v:SP NR -22; .u:Unmar -21; .r:Refuse -18; .m:Missing -13; .d:DK -4; .a:less than age 60 -1; 0.no 0; 1.yes 1",TRUE,"Valid 0 or 1; preserve value"
"ELSA","hearte","ELSA_UK/UKDA-5050-stata/stata/stata13_se/gh_elsa_h.dta","r9hearte","r10hearte","r9hearte:w9 R ever had heart problems","binary","disease",FALSE,TRUE,4470,4470,1,".v:SP NR -22; .u:Unmar -21; .r:Refuse -18; .m:Missing -13; .d:DK -4; .a:less than age 60 -1; 0.no 0; 1.yes 1",TRUE,"Valid 0 or 1; preserve value"
"ELSA","stroke","ELSA_UK/UKDA-5050-stata/stata/stata13_se/gh_elsa_h.dta","r9stroke","r10stroke","r9stroke:w9 R ever had stroke","binary","disease",FALSE,TRUE,4470,4470,1,".v:SP NR -22; .u:Unmar -21; .r:Refuse -18; .m:Missing -13; .d:DK -4; .a:less than age 60 -1; 0.no 0; 1.yes 1",TRUE,"Valid 0 or 1; preserve value"
"ELSA","arthre","ELSA_UK/UKDA-5050-stata/stata/stata13_se/gh_elsa_h.dta","r9arthre","r10arthre","r9arthre:w9 R ever had arthritis","binary","disease",FALSE,TRUE,4470,4470,1,".v:SP NR -22; .u:Unmar -21; .r:Refuse -18; .m:Missing -13; .d:DK -4; .a:less than age 60 -1; 0.no 0; 1.yes 1",TRUE,"Valid 0 or 1; preserve value"
"ELSA","sight","ELSA_UK/UKDA-5050-stata/stata/stata13_se/gh_elsa_h.dta","r9sight","r10sight","r9sight:w9 R self-rated eyesight","sensory","other_health",FALSE,FALSE,4468,4470,0.999552572706935,".v:SP NR -22; .u:Unmar -21; .r:Refuse -18; .p:proxy -16; .m:Missing -13; .d:DK -4; 1.excellent 1; 2.very good 2; 3.good 3; 4.fair 4; 5.poor 5; 6.blind 6",TRUE,"Valid 1 to 6; deficit=min((value-1)/4,1)"
"ELSA","hearing","ELSA_UK/UKDA-5050-stata/stata/stata13_se/gh_elsa_h.dta","r9hearing","r10hearing","r9hearing:w9 R self-rated hearing","sensory","other_health",FALSE,FALSE,4469,4470,0.999776286353468,".v:SP NR -22; .u:Unmar -21; .r:Refuse -18; .d:DK -4; 1.excellent 1; 2.very good 2; 3.good 3; 4.fair 4; 5.poor 5",TRUE,"Valid 1 to 6; deficit=min((value-1)/4,1)"
"ELSA","fall","ELSA_UK/UKDA-5050-stata/stata/stata13_se/gh_elsa_h.dta","r9fall","r10fall","r9fall:w9 R fallen down in last 2 years","binary","other_health",FALSE,FALSE,4205,4470,0.940715883668904,".x:does not have condition -24; .v:SP NR -22; .u:Unmar -21; .s:Self-completion instrument not completed -19; .r:Refuse -18; .p:proxy -16; .m:Missing -13; .l:no hysterectomy-life history ivw -12; .g:not asked-gender -7; .d:DK -4; .a:not asked due to age -1; 0.No 0; 1.Yes 1",TRUE,"Valid 0 or 1; preserve value"
"ELSA","painfr","ELSA_UK/UKDA-5050-stata/stata/stata13_se/gh_elsa_h.dta","r9painfr","r10painfr","r9painfr:w9 R frequent problems with pain","binary","other_health",FALSE,FALSE,4206,4470,0.940939597315436,".x:does not have condition -24; .v:SP NR -22; .u:Unmar -21; .s:Self-completion instrument not completed -19; .r:Refuse -18; .p:proxy -16; .m:Missing -13; .l:no hysterectomy-life history ivw -12; .g:not asked-gender -7; .d:DK -4; .a:not asked due to age -1; 0.No 0; 1.Yes 1",TRUE,"Valid 0 or 1; preserve value"
"ELSA","urinai","ELSA_UK/UKDA-5050-stata/stata/stata13_se/gh_elsa_h.dta","r9urinai","r10urinai","r9urinai:w9 R any urinary incontinence","binary","other_health",FALSE,FALSE,3855,4470,0.86241610738255,".x:does not have condition -24; .v:SP NR -22; .u:Unmar -21; .s:Self-completion instrument not completed -19; .r:Refuse -18; .p:proxy -16; .m:Missing -13; .l:no hysterectomy-life history ivw -12; .g:not asked-gender -7; .d:DK -4; .a:not asked due to age -1; 0.No 0; 1.Yes 1",TRUE,"Valid 0 or 1; preserve value"
"ELSA","depres","ELSA_UK/UKDA-5050-stata/stata/stata13_se/gh_elsa_h.dta","r9depres","r10depres","r9depres:w9 r CESD: Felt depressed (0,1)","binary","affect",FALSE,FALSE,4190,4470,0.937360178970917,".v:SP NR -22; .u:Unmar -21; .r:Refuse -18; .p:proxy -16; .m:Missing -13; .d:DK -4; .c:no self-completion -3; 0.no 0; 1.yes 1",TRUE,"Valid 0 or 1; preserve value"
"ELSA","effort","ELSA_UK/UKDA-5050-stata/stata/stata13_se/gh_elsa_h.dta","r9effort","r10effort","r9effort:w9 r CESD: Everything an effort (0,1)","binary","affect",TRUE,FALSE,4190,4470,0.937360178970917,".v:SP NR -22; .u:Unmar -21; .r:Refuse -18; .p:proxy -16; .m:Missing -13; .d:DK -4; .c:no self-completion -3; 0.no 0; 1.yes 1",TRUE,"Valid 0 or 1; preserve value"
"ELSA","sleepr","ELSA_UK/UKDA-5050-stata/stata/stata13_se/gh_elsa_h.dta","r9sleepr","r10sleepr","r9sleepr:w9 r CESD: Sleep was restless (0,1)","binary","affect",FALSE,FALSE,4191,4470,0.93758389261745,".v:SP NR -22; .u:Unmar -21; .r:Refuse -18; .p:proxy -16; .m:Missing -13; .d:DK -4; .c:no self-completion -3; 0.no 0; 1.yes 1",TRUE,"Valid 0 or 1; preserve value"
"ELSA","whappy","ELSA_UK/UKDA-5050-stata/stata/stata13_se/gh_elsa_h.dta","r9whappy","r10whappy","r9whappy:w9 r CESD: Was happy (0,1)","reverse","affect",FALSE,FALSE,4179,4470,0.93489932885906,".v:SP NR -22; .u:Unmar -21; .r:Refuse -18; .p:proxy -16; .m:Missing -13; .d:DK -4; .c:no self-completion -3; 0.no 0; 1.yes 1",TRUE,"Valid 0 or 1; deficit=1-value"
"ELSA","flone","ELSA_UK/UKDA-5050-stata/stata/stata13_se/gh_elsa_h.dta","r9flone","r10flone","r9flone:w9 r CESD: Felt lonely (0,1)","binary","affect",FALSE,FALSE,4189,4470,0.937136465324385,".v:SP NR -22; .u:Unmar -21; .r:Refuse -18; .p:proxy -16; .m:Missing -13; .d:DK -4; .c:no self-completion -3; 0.no 0; 1.yes 1",TRUE,"Valid 0 or 1; preserve value"
"ELSA","fsad","ELSA_UK/UKDA-5050-stata/stata/stata13_se/gh_elsa_h.dta","r9fsad","r10fsad","r9fsad:w9 r CESD: Felt sad (0,1)","binary","affect",FALSE,FALSE,4187,4470,0.93668903803132,".v:SP NR -22; .u:Unmar -21; .r:Refuse -18; .p:proxy -16; .m:Missing -13; .d:DK -4; .c:no self-completion -3; 0.no 0; 1.yes 1",TRUE,"Valid 0 or 1; preserve value"
"ELSA","going","ELSA_UK/UKDA-5050-stata/stata/stata13_se/gh_elsa_h.dta","r9going","r10going","r9going:w9 r CESD: Could not get going (0,1)","binary","affect",FALSE,FALSE,4186,4470,0.936465324384787,".v:SP NR -22; .u:Unmar -21; .r:Refuse -18; .p:proxy -16; .m:Missing -13; .d:DK -4; .c:no self-completion -3; 0.no 0; 1.yes 1",TRUE,"Valid 0 or 1; preserve value"
"ELSA","enlife","ELSA_UK/UKDA-5050-stata/stata/stata13_se/gh_elsa_h.dta","r9enlife","r10enlife","r9enlife:w9 r CESD: Enjoyed life (0,1)","reverse","affect",FALSE,FALSE,4180,4470,0.935123042505593,".v:SP NR -22; .u:Unmar -21; .r:Refuse -18; .p:proxy -16; .m:Missing -13; .d:DK -4; .c:no self-completion -3; 0.no 0; 1.yes 1",TRUE,"Valid 0 or 1; deficit=1-value"
"SHARE","shlt","SHARE_Europe/GH_SHARE_g.dta","r2shlt","r4shlt","r2shlt:w2 R self-report of health","ordinal5","other_health",TRUE,FALSE,12774,12794,0.998436767234641,"1.Excellent 1; 2.Very good 2; 3.Good 3; 4.Fair 4; 5.Poor 5; 6.Blind 6; .c:condensed ivw NA; .d:DK NA; .m:Missing NA; .n:not asked-reivw NA; .p:proxy ivw NA; .q:Not asked NA; .r:Refuse NA; .u:Unmar NA; .v:SP NR NA",TRUE,"Valid 1 to 5; deficit=(value-1)/4"
"SHARE","walkra","SHARE_Europe/GH_SHARE_g.dta","r2walkra","r4walkra","r2walkra:w2 R Some Diff-Walk across room","difficulty","daily_function",TRUE,FALSE,12763,12794,0.997576989213694,"0.No 0; 1.Yes 1; .d:DK NA; .g:Covered by gov ins NA; .m:Missing NA; .n:In NHM NA; .q:Not asked NA; .r:Refuse NA; .u:Unmar NA; .v:SP NR NA",TRUE,"Valid 0, 1 or 2; deficit=I(value>0)"
"SHARE","dressa","SHARE_Europe/GH_SHARE_g.dta","r2dressa","r4dressa","r2dressa:w2 R Some Diff-Dressing","difficulty","daily_function",TRUE,FALSE,12763,12794,0.997576989213694,"0.No 0; 1.Yes 1; .d:DK NA; .g:Covered by gov ins NA; .m:Missing NA; .n:In NHM NA; .q:Not asked NA; .r:Refuse NA; .u:Unmar NA; .v:SP NR NA",TRUE,"Valid 0, 1 or 2; deficit=I(value>0)"
"SHARE","batha","SHARE_Europe/GH_SHARE_g.dta","r2batha","r4batha","r2batha:w2 R Some Diff-Bathing, shower","difficulty","daily_function",TRUE,FALSE,12763,12794,0.997576989213694,"0.No 0; 1.Yes 1; .d:DK NA; .g:Covered by gov ins NA; .m:Missing NA; .n:In NHM NA; .q:Not asked NA; .r:Refuse NA; .u:Unmar NA; .v:SP NR NA",TRUE,"Valid 0, 1 or 2; deficit=I(value>0)"
"SHARE","eata","SHARE_Europe/GH_SHARE_g.dta","r2eata","r4eata","r2eata:w2 R Some Diff-Eating","difficulty","daily_function",TRUE,FALSE,12763,12794,0.997576989213694,"0.No 0; 1.Yes 1; .d:DK NA; .g:Covered by gov ins NA; .m:Missing NA; .n:In NHM NA; .q:Not asked NA; .r:Refuse NA; .u:Unmar NA; .v:SP NR NA",TRUE,"Valid 0, 1 or 2; deficit=I(value>0)"
"SHARE","beda","SHARE_Europe/GH_SHARE_g.dta","r2beda","r4beda","r2beda:w2 R Some Diff-Get in/out bed","difficulty","daily_function",TRUE,FALSE,12763,12794,0.997576989213694,"0.No 0; 1.Yes 1; .d:DK NA; .g:Covered by gov ins NA; .m:Missing NA; .n:In NHM NA; .q:Not asked NA; .r:Refuse NA; .u:Unmar NA; .v:SP NR NA",TRUE,"Valid 0, 1 or 2; deficit=I(value>0)"
"SHARE","toilta","SHARE_Europe/GH_SHARE_g.dta","r2toilta","r4toilta","r2toilta:w2 R Some Diff-Using the toilet","difficulty","daily_function",TRUE,FALSE,12763,12794,0.997576989213694,"0.No 0; 1.Yes 1; .d:DK NA; .g:Covered by gov ins NA; .m:Missing NA; .n:In NHM NA; .q:Not asked NA; .r:Refuse NA; .u:Unmar NA; .v:SP NR NA",TRUE,"Valid 0, 1 or 2; deficit=I(value>0)"
"SHARE","phonea","SHARE_Europe/GH_SHARE_g.dta","r2phonea","r4phonea","r2phonea:w2 R Some Diff-Use telephone","difficulty","daily_function",TRUE,FALSE,12763,12794,0.997576989213694,"0.No 0; 1.Yes 1; .d:DK NA; .g:Covered by gov ins NA; .m:Missing NA; .n:In NHM NA; .q:Not asked NA; .r:Refuse NA; .u:Unmar NA; .v:SP NR NA",TRUE,"Valid 0, 1 or 2; deficit=I(value>0)"
"SHARE","medsa","SHARE_Europe/GH_SHARE_g.dta","r2medsa","r4medsa","r2medsa:w2 R Some Diff-Take medications","difficulty","daily_function",TRUE,FALSE,12763,12794,0.997576989213694,"0.No 0; 1.Yes 1; .d:DK NA; .g:Covered by gov ins NA; .m:Missing NA; .n:In NHM NA; .q:Not asked NA; .r:Refuse NA; .u:Unmar NA; .v:SP NR NA",TRUE,"Valid 0, 1 or 2; deficit=I(value>0)"
"SHARE","moneya","SHARE_Europe/GH_SHARE_g.dta","r2moneya","r4moneya","r2moneya:w2 R Some Diff-Managing money","difficulty","daily_function",TRUE,FALSE,12763,12794,0.997576989213694,"0.No 0; 1.Yes 1; .d:DK NA; .g:Covered by gov ins NA; .m:Missing NA; .n:In NHM NA; .q:Not asked NA; .r:Refuse NA; .u:Unmar NA; .v:SP NR NA",TRUE,"Valid 0, 1 or 2; deficit=I(value>0)"
"SHARE","shopa","SHARE_Europe/GH_SHARE_g.dta","r2shopa","r4shopa","r2shopa:w2 R Some Diff-Shop for grocery","difficulty","daily_function",TRUE,FALSE,12763,12794,0.997576989213694,"0.No 0; 1.Yes 1; .d:DK NA; .g:Covered by gov ins NA; .m:Missing NA; .n:In NHM NA; .q:Not asked NA; .r:Refuse NA; .u:Unmar NA; .v:SP NR NA",TRUE,"Valid 0, 1 or 2; deficit=I(value>0)"
"SHARE","mealsa","SHARE_Europe/GH_SHARE_g.dta","r2mealsa","r4mealsa","r2mealsa:w2 R Some Diff-Prepare hot meal","difficulty","daily_function",TRUE,FALSE,12763,12794,0.997576989213694,"0.No 0; 1.Yes 1; .d:DK NA; .g:Covered by gov ins NA; .m:Missing NA; .n:In NHM NA; .q:Not asked NA; .r:Refuse NA; .u:Unmar NA; .v:SP NR NA",TRUE,"Valid 0, 1 or 2; deficit=I(value>0)"
"SHARE","mapa","SHARE_Europe/GH_SHARE_g.dta","r2mapa","r4mapa","r2mapa:w2 R Some Diff-Use a map","difficulty","daily_function",TRUE,FALSE,12763,12794,0.997576989213694,"0.No 0; 1.Yes 1; .d:DK NA; .g:Covered by gov ins NA; .m:Missing NA; .n:In NHM NA; .q:Not asked NA; .r:Refuse NA; .u:Unmar NA; .v:SP NR NA",TRUE,"Valid 0, 1 or 2; deficit=I(value>0)"
"SHARE","housewka","SHARE_Europe/GH_SHARE_g.dta","r2housewka","r4housewka","r2housewka:w2 R some diff-doing work around house","difficulty","daily_function",TRUE,FALSE,12763,12794,0.997576989213694,"0.No 0; 1.Yes 1; .d:DK NA; .g:Covered by gov ins NA; .m:Missing NA; .n:In NHM NA; .q:Not asked NA; .r:Refuse NA; .u:Unmar NA; .v:SP NR NA",TRUE,"Valid 0, 1 or 2; deficit=I(value>0)"
"SHARE","walk100a","SHARE_Europe/GH_SHARE_g.dta","r2walk100a","r4walk100a","r2walk100a:w2 R Some Diff-Walk 100m","difficulty","mobility",FALSE,FALSE,12774,12794,0.998436767234641,"0.No 0; 1.Yes 1; .d:DK NA; .g:Covered by gov ins NA; .m:Missing NA; .n:In NHM NA; .q:Not asked NA; .r:Refuse NA; .u:Unmar NA; .v:SP NR NA",TRUE,"Valid 0, 1 or 2; deficit=I(value>0)"
"SHARE","sita","SHARE_Europe/GH_SHARE_g.dta","r2sita","r4sita","r2sita:w2 R Some Diff-Sit for 2 hours","difficulty","mobility",FALSE,FALSE,12774,12794,0.998436767234641,"0.No 0; 1.Yes 1; .d:DK NA; .g:Covered by gov ins NA; .m:Missing NA; .n:In NHM NA; .q:Not asked NA; .r:Refuse NA; .u:Unmar NA; .v:SP NR NA",TRUE,"Valid 0, 1 or 2; deficit=I(value>0)"
"SHARE","chaira","SHARE_Europe/GH_SHARE_g.dta","r2chaira","r4chaira","r2chaira:w2 R Some Diff-Get up fr chair","difficulty","mobility",FALSE,FALSE,12774,12794,0.998436767234641,"0.No 0; 1.Yes 1; .d:DK NA; .g:Covered by gov ins NA; .m:Missing NA; .n:In NHM NA; .q:Not asked NA; .r:Refuse NA; .u:Unmar NA; .v:SP NR NA",TRUE,"Valid 0, 1 or 2; deficit=I(value>0)"
"SHARE","climsa","SHARE_Europe/GH_SHARE_g.dta","r2climsa","r4climsa","r2climsa:w2 R Some Diff-Clmb sev flt str","difficulty","mobility",FALSE,FALSE,12774,12794,0.998436767234641,"0.No 0; 1.Yes 1; .d:DK NA; .g:Covered by gov ins NA; .m:Missing NA; .n:In NHM NA; .q:Not asked NA; .r:Refuse NA; .u:Unmar NA; .v:SP NR NA",TRUE,"Valid 0, 1 or 2; deficit=I(value>0)"
"SHARE","clim1a","SHARE_Europe/GH_SHARE_g.dta","r2clim1a","r4clim1a","r2clim1a:w2 R Some Diff-Clmb 1 flt str","difficulty","mobility",FALSE,FALSE,12774,12794,0.998436767234641,"0.No 0; 1.Yes 1; .d:DK NA; .g:Covered by gov ins NA; .m:Missing NA; .n:In NHM NA; .q:Not asked NA; .r:Refuse NA; .u:Unmar NA; .v:SP NR NA",TRUE,"Valid 0, 1 or 2; deficit=I(value>0)"
"SHARE","lifta","SHARE_Europe/GH_SHARE_g.dta","r2lifta","r4lifta","r2lifta:w2 R Some Diff-Lift/carry 10lbs","difficulty","mobility",FALSE,FALSE,12774,12794,0.998436767234641,"0.No 0; 1.Yes 1; .d:DK NA; .g:Covered by gov ins NA; .m:Missing NA; .n:In NHM NA; .q:Not asked NA; .r:Refuse NA; .u:Unmar NA; .v:SP NR NA",TRUE,"Valid 0, 1 or 2; deficit=I(value>0)"
"SHARE","stoopa","SHARE_Europe/GH_SHARE_g.dta","r2stoopa","r4stoopa","r2stoopa:w2 R Some Diff-Stoop/Kneel/Crch","difficulty","mobility",FALSE,FALSE,12774,12794,0.998436767234641,"0.No 0; 1.Yes 1; .d:DK NA; .g:Covered by gov ins NA; .m:Missing NA; .n:In NHM NA; .q:Not asked NA; .r:Refuse NA; .u:Unmar NA; .v:SP NR NA",TRUE,"Valid 0, 1 or 2; deficit=I(value>0)"
"SHARE","armsa","SHARE_Europe/GH_SHARE_g.dta","r2armsa","r4armsa","r2armsa:w2 R Some Diff-Rch/xtnd arms up","difficulty","mobility",FALSE,FALSE,12774,12794,0.998436767234641,"0.No 0; 1.Yes 1; .d:DK NA; .g:Covered by gov ins NA; .m:Missing NA; .n:In NHM NA; .q:Not asked NA; .r:Refuse NA; .u:Unmar NA; .v:SP NR NA",TRUE,"Valid 0, 1 or 2; deficit=I(value>0)"
"SHARE","pusha","SHARE_Europe/GH_SHARE_g.dta","r2pusha","r4pusha","r2pusha:w2 R Some Diff-Push/pull lg obj","difficulty","mobility",FALSE,FALSE,12774,12794,0.998436767234641,"0.No 0; 1.Yes 1; .d:DK NA; .g:Covered by gov ins NA; .m:Missing NA; .n:In NHM NA; .q:Not asked NA; .r:Refuse NA; .u:Unmar NA; .v:SP NR NA",TRUE,"Valid 0, 1 or 2; deficit=I(value>0)"
"SHARE","dimea","SHARE_Europe/GH_SHARE_g.dta","r2dimea","r4dimea","r2dimea:w2 R Some Diff-Pick up a small coin","difficulty","mobility",FALSE,FALSE,12774,12794,0.998436767234641,"0.No 0; 1.Yes 1; .d:DK NA; .g:Covered by gov ins NA; .m:Missing NA; .n:In NHM NA; .q:Not asked NA; .r:Refuse NA; .u:Unmar NA; .v:SP NR NA",TRUE,"Valid 0, 1 or 2; deficit=I(value>0)"
"SHARE","hibpe","SHARE_Europe/GH_SHARE_g.dta","r2hibpe","r4hibpe","r2hibpe:w2 R ever had high blood pressure","binary","disease",FALSE,TRUE,12782,12794,0.999062060340785,"0.no 0; 1.yes 1; .b:baseline ivw NA; .c:condensed ivw NA; .d:DK NA; .m:Missing NA; .q:not asked NA; .r:Refuse NA; .u:Unmar NA; .v:SP NR NA",TRUE,"Valid 0 or 1; preserve value"
"SHARE","diabe","SHARE_Europe/GH_SHARE_g.dta","r2diabe","r4diabe","r2diabe:w2 R ever had diabetes","binary","disease",FALSE,TRUE,12779,12794,0.998827575425981,"0.no 0; 1.yes 1; .b:baseline ivw NA; .c:condensed ivw NA; .d:DK NA; .m:Missing NA; .q:not asked NA; .r:Refuse NA; .u:Unmar NA; .v:SP NR NA",TRUE,"Valid 0 or 1; preserve value"
"SHARE","cancre","SHARE_Europe/GH_SHARE_g.dta","r2cancre","r4cancre","r2cancre:w2 R ever had cancer","binary","disease",FALSE,TRUE,12773,12794,0.998358605596373,"0.no 0; 1.yes 1; .b:baseline ivw NA; .c:condensed ivw NA; .d:DK NA; .m:Missing NA; .q:not asked NA; .r:Refuse NA; .u:Unmar NA; .v:SP NR NA",TRUE,"Valid 0 or 1; preserve value"
"SHARE","lunge","SHARE_Europe/GH_SHARE_g.dta","r2lunge","r4lunge","r2lunge:w2 R ever had lung disease","binary","disease",FALSE,FALSE,12771,12794,0.998202282319837,"0.no 0; 1.yes 1; .b:baseline ivw NA; .c:condensed ivw NA; .d:DK NA; .m:Missing NA; .q:not asked NA; .r:Refuse NA; .u:Unmar NA; .v:SP NR NA",TRUE,"Valid 0 or 1; preserve value"
"SHARE","hearte","SHARE_Europe/GH_SHARE_g.dta","r2hearte","r4hearte","r2hearte:w2 R ever had heart problems","binary","disease",FALSE,TRUE,12777,12794,0.998671252149445,"0.no 0; 1.yes 1; .b:baseline ivw NA; .c:condensed ivw NA; .d:DK NA; .m:Missing NA; .q:not asked NA; .r:Refuse NA; .u:Unmar NA; .v:SP NR NA",TRUE,"Valid 0 or 1; preserve value"
"SHARE","stroke","SHARE_Europe/GH_SHARE_g.dta","r2stroke","r4stroke","r2stroke:w2 R ever had stroke","binary","disease",FALSE,TRUE,12772,12794,0.998280443958105,"0.no 0; 1.yes 1; .b:baseline ivw NA; .c:condensed ivw NA; .d:DK NA; .m:Missing NA; .q:not asked NA; .r:Refuse NA; .u:Unmar NA; .v:SP NR NA",TRUE,"Valid 0 or 1; preserve value"
"SHARE","arthre","SHARE_Europe/GH_SHARE_g.dta","r2arthre","r4arthre","r2arthre:w2 R ever had arthritis","binary","disease",FALSE,TRUE,12776,12794,0.998593090511177,"0.no 0; 1.yes 1; .b:baseline ivw NA; .c:condensed ivw NA; .d:DK NA; .m:Missing NA; .q:not asked NA; .r:Refuse NA; .u:Unmar NA; .v:SP NR NA",TRUE,"Valid 0 or 1; preserve value"
"SHARE","bmi","SHARE_Europe/GH_SHARE_g.dta","r2bmi","r4bmi","r2bmi:w2 R Body Mass Index=kg/m2","bmi","other_health",FALSE,FALSE,12266,12794,0.958730654994529,"",TRUE,"BMI 10 to 80 valid; <18.5:0.75; 18.5-<25:0; 25-<30:0.25; 30-<35:0.5; 35-<40:0.75; >=40:1"
"SHARE","dsight","SHARE_Europe/GH_SHARE_g.dta","r2dsight","r4dsight","r2dsight:w2 R self-rated distance eyesight","sensory","other_health",FALSE,FALSE,12745,12794,0.996170079724871,"1.Excellent 1; 2.Very good 2; 3.Good 3; 4.Fair 4; 5.Poor 5; 6.Blind 6; .c:condensed ivw NA; .d:DK NA; .m:Missing NA; .n:not asked-reivw NA; .p:proxy ivw NA; .q:Not asked NA; .r:Refuse NA; .u:Unmar NA; .v:SP NR NA",TRUE,"Valid 1 to 6; deficit=min((value-1)/4,1)"
"SHARE","nsight","SHARE_Europe/GH_SHARE_g.dta","r2nsight","r4nsight","r2nsight:w2 R self-rated near eyesight","sensory","other_health",FALSE,FALSE,12743,12794,0.996013756448335,"1.Excellent 1; 2.Very good 2; 3.Good 3; 4.Fair 4; 5.Poor 5; 6.Blind 6; .c:condensed ivw NA; .d:DK NA; .m:Missing NA; .n:not asked-reivw NA; .p:proxy ivw NA; .q:Not asked NA; .r:Refuse NA; .u:Unmar NA; .v:SP NR NA",TRUE,"Valid 1 to 6; deficit=min((value-1)/4,1)"
"SHARE","hearing","SHARE_Europe/GH_SHARE_g.dta","r2hearing","r4hearing","r2hearing:w2 R self-rated hearing","sensory","other_health",FALSE,FALSE,12776,12794,0.998593090511177,"1.Excellent 1; 2.Very good 2; 3.Good 3; 4.Fair 4; 5.Poor 5; 6.Blind 6; .c:condensed ivw NA; .d:DK NA; .m:Missing NA; .n:not asked-reivw NA; .p:proxy ivw NA; .q:Not asked NA; .r:Refuse NA; .u:Unmar NA; .v:SP NR NA",TRUE,"Valid 1 to 6; deficit=min((value-1)/4,1)"
"SHARE","fall_s","SHARE_Europe/GH_SHARE_g.dta","r2fall_s","r4fall_s","r2fall_s:w2 R bothered by a fall last 6 mo.","binary","other_health",FALSE,FALSE,12772,12794,0.998280443958105,"0.No 0; 1.Yes 1; .b:blind NA; .c:condensed ivw NA; .d:DK NA; .f:no fall NA; .g:Male NA; .i:invalid NA; .m:Missing NA; .n:Doesn't drink NA; .p:hip injury prior wave NA; .q:Not asked NA; .r:Refuse NA; .s:skipped-no diff NA; .u:Unmar NA; .v:SP NR NA; .w:Previously diagnosed NA; .x:does not have condition NA",TRUE,"Valid 0 or 1; preserve value"
"SHARE","urinai6m","SHARE_Europe/GH_SHARE_g.dta","r2urinai6m","r4urinai6m","r2urinai6m:w2 R any urinary incontinence last 6 mo.","binary","other_health",FALSE,FALSE,12772,12794,0.998280443958105,"0.No 0; 1.Yes 1; .b:blind NA; .c:condensed ivw NA; .d:DK NA; .f:no fall NA; .g:Male NA; .i:invalid NA; .m:Missing NA; .n:Doesn't drink NA; .p:hip injury prior wave NA; .q:Not asked NA; .r:Refuse NA; .s:skipped-no diff NA; .u:Unmar NA; .v:SP NR NA; .w:Previously diagnosed NA; .x:does not have condition NA",TRUE,"Valid 0 or 1; preserve value"
"SHARE","pain_s","SHARE_Europe/GH_SHARE_g.dta","r2pain_s","r4pain_s","r2pain_s:w2 R bothered by joint pain","binary","other_health",FALSE,FALSE,12772,12794,0.998280443958105,"0.No 0; 1.Yes 1; .b:blind NA; .c:condensed ivw NA; .d:DK NA; .f:no fall NA; .g:Male NA; .i:invalid NA; .m:Missing NA; .n:Doesn't drink NA; .p:hip injury prior wave NA; .q:Not asked NA; .r:Refuse NA; .s:skipped-no diff NA; .u:Unmar NA; .v:SP NR NA; .w:Previously diagnosed NA; .x:does not have condition NA",TRUE,"Valid 0 or 1; preserve value"
"SHARE","depress","SHARE_Europe/GH_SHARE_g.dta","r2depress","r4depress","r2depress:w2 EURO-D: R Depression (0,1)","binary","affect",FALSE,FALSE,12530,12794,0.979365327497264,"0.no 0; 1.yes 1; .d:DK NA; .m:Missing NA; .p:Proxy NA; .q:Not asked NA; .r:Refuse NA; .u:Unmar NA; .v:SP NR NA",TRUE,"Valid 0 or 1; preserve value"
"SHARE","pessim","SHARE_Europe/GH_SHARE_g.dta","r2pessim","r4pessim","r2pessim:w2 EURO-D: R Pessimism (0,1)","binary","affect",FALSE,FALSE,12455,12794,0.973503204627169,"0.no 0; 1.yes 1; .d:DK NA; .m:Missing NA; .p:Proxy NA; .q:Not asked NA; .r:Refuse NA; .u:Unmar NA; .v:SP NR NA",TRUE,"Valid 0 or 1; preserve value"
"SHARE","suicid","SHARE_Europe/GH_SHARE_g.dta","r2suicid","r4suicid","r2suicid:w2 EURO-D: R Suicidality (0,1)","binary","affect",FALSE,FALSE,12461,12794,0.973972174456777,"0.no 0; 1.yes 1; .d:DK NA; .m:Missing NA; .p:Proxy NA; .q:Not asked NA; .r:Refuse NA; .u:Unmar NA; .v:SP NR NA",TRUE,"Valid 0 or 1; preserve value"
"SHARE","guilt","SHARE_Europe/GH_SHARE_g.dta","r2guilt","r4guilt","r2guilt:w2 EURO-D: R Guilt (0,1)","binary","affect",FALSE,FALSE,12453,12794,0.973346881350633,"0.no 0; 1.yes 1; .d:DK NA; .m:Missing NA; .p:Proxy NA; .q:Not asked NA; .r:Refuse NA; .u:Unmar NA; .v:SP NR NA",TRUE,"Valid 0 or 1; preserve value"
"SHARE","sleep","SHARE_Europe/GH_SHARE_g.dta","r2sleep","r4sleep","r2sleep:w2 EURO-D: R Sleep (0,1)","binary","affect",FALSE,FALSE,12553,12794,0.981163045177427,"0.no 0; 1.yes 1; .d:DK NA; .m:Missing NA; .p:Proxy NA; .q:Not asked NA; .r:Refuse NA; .u:Unmar NA; .v:SP NR NA",TRUE,"Valid 0 or 1; preserve value"
"SHARE","intrst","SHARE_Europe/GH_SHARE_g.dta","r2intrst","r4intrst","r2intrst:w2 EURO-D: R Interest (0,1)","binary","affect",FALSE,FALSE,12514,12794,0.978114741284977,"0.no 0; 1.yes 1; .d:DK NA; .m:Missing NA; .p:Proxy NA; .q:Not asked NA; .r:Refuse NA; .u:Unmar NA; .v:SP NR NA",TRUE,"Valid 0 or 1; preserve value"
"SHARE","irritb","SHARE_Europe/GH_SHARE_g.dta","r2irritb","r4irritb","r2irritb:w2 EURO-D: R Irritability (0,1)","binary","affect",FALSE,FALSE,12528,12794,0.979209004220728,"0.no 0; 1.yes 1; .d:DK NA; .m:Missing NA; .p:Proxy NA; .q:Not asked NA; .r:Refuse NA; .u:Unmar NA; .v:SP NR NA",TRUE,"Valid 0 or 1; preserve value"
"SHARE","appett","SHARE_Europe/GH_SHARE_g.dta","r2appett","r4appett","r2appett:w2 EURO-D: R Appetite (0,1)","binary","affect",FALSE,FALSE,12567,12794,0.982257308113178,"0.no 0; 1.yes 1; .d:DK NA; .m:Missing NA; .p:Proxy NA; .q:Not asked NA; .r:Refuse NA; .u:Unmar NA; .v:SP NR NA",TRUE,"Valid 0 or 1; preserve value"
"SHARE","fatig","SHARE_Europe/GH_SHARE_g.dta","r2fatig","r4fatig","r2fatig:w2 EURO-D: R Fatigue (0,1)","binary","affect",TRUE,FALSE,12517,12794,0.978349226199781,"0.no 0; 1.yes 1; .d:DK NA; .m:Missing NA; .p:Proxy NA; .q:Not asked NA; .r:Refuse NA; .u:Unmar NA; .v:SP NR NA",TRUE,"Valid 0 or 1; preserve value"
"SHARE","concnt","SHARE_Europe/GH_SHARE_g.dta","r2concnt","r4concnt","r2concnt:w2 EURO-D: R Concentration (0,1)","binary","affect",FALSE,FALSE,12477,12794,0.975222760669064,"0.no 0; 1.yes 1; .d:DK NA; .m:Missing NA; .p:Proxy NA; .q:Not asked NA; .r:Refuse NA; .u:Unmar NA; .v:SP NR NA",TRUE,"Valid 0 or 1; preserve value"
"SHARE","enjoym","SHARE_Europe/GH_SHARE_g.dta","r2enjoym","r4enjoym","r2enjoym:w2 EURO-D: R Enjoyment (0,1)","binary","affect",FALSE,FALSE,12477,12794,0.975222760669064,"0.no 0; 1.yes 1; .d:DK NA; .m:Missing NA; .p:Proxy NA; .q:Not asked NA; .r:Refuse NA; .u:Unmar NA; .v:SP NR NA",TRUE,"Valid 0 or 1; preserve value"
"SHARE","tearfl","SHARE_Europe/GH_SHARE_g.dta","r2tearfl","r4tearfl","r2tearfl:w2 EURO-D: R Tearfulness (0,1)","binary","affect",FALSE,FALSE,12538,12794,0.979990620603408,"0.no 0; 1.yes 1; .d:DK NA; .m:Missing NA; .p:Proxy NA; .q:Not asked NA; .r:Refuse NA; .u:Unmar NA; .v:SP NR NA",TRUE,"Valid 0 or 1; preserve value"
"CHARLS","shlt","CHARLS_China/H_CHARLS_D_Data.dta","r3shlt","NONE","r3shlt:w3 r Self-report of health","ordinal5","other_health",TRUE,FALSE,4089,4473,0.914151576123407,"1.Excellent 1; 2.Very good 2; 3.Good 3; 4.Fair 4; 5.Poor 5; .d:dk NA; .m:missing NA; .p:proxy NA; .r:refuse NA; .s:skip NA; .u:unmar NA; .v:sp nr NA",TRUE,"Valid 1 to 5; deficit=(value-1)/4"
"CHARLS","dressa","CHARLS_China/H_CHARLS_D_Data.dta","r3dressa","r4dressa","r3dressa:w3 r Some Diff-Dressing","difficulty","daily_function",TRUE,FALSE,4457,4473,0.996422982338475,"0.No 0; 1.Yes 1; .a:Healthy and young NA; .d:dk NA; .e:Error NA; .m:missing NA; .n:No phone NA; .p:proxy NA; .r:refuse NA; .s:skip NA; .u:unmar NA; .v:sp nr NA; .w:Not working NA",TRUE,"Valid 0, 1 or 2; deficit=I(value>0)"
"CHARLS","batha","CHARLS_China/H_CHARLS_D_Data.dta","r3batha","r4batha","r3batha:w3 r Some Diff-Bathing, shower","difficulty","daily_function",TRUE,FALSE,4443,4473,0.993293091884641,"0.No 0; 1.Yes 1; .a:Healthy and young NA; .d:dk NA; .e:Error NA; .m:missing NA; .n:No phone NA; .p:proxy NA; .r:refuse NA; .s:skip NA; .u:unmar NA; .v:sp nr NA; .w:Not working NA",TRUE,"Valid 0, 1 or 2; deficit=I(value>0)"
"CHARLS","eata","CHARLS_China/H_CHARLS_D_Data.dta","r3eata","r4eata","r3eata:w3 r Some Diff-Eating","difficulty","daily_function",TRUE,FALSE,4455,4473,0.995975855130785,"0.No 0; 1.Yes 1; .a:Healthy and young NA; .d:dk NA; .e:Error NA; .m:missing NA; .n:No phone NA; .p:proxy NA; .r:refuse NA; .s:skip NA; .u:unmar NA; .v:sp nr NA; .w:Not working NA",TRUE,"Valid 0, 1 or 2; deficit=I(value>0)"
"CHARLS","beda","CHARLS_China/H_CHARLS_D_Data.dta","r3beda","r4beda","r3beda:w3 r Some Diff-Get in/out bed","difficulty","daily_function",TRUE,FALSE,4454,4473,0.995752291526939,"0.No 0; 1.Yes 1; .a:Healthy and young NA; .d:dk NA; .e:Error NA; .m:missing NA; .n:No phone NA; .p:proxy NA; .r:refuse NA; .s:skip NA; .u:unmar NA; .v:sp nr NA; .w:Not working NA",TRUE,"Valid 0, 1 or 2; deficit=I(value>0)"
"CHARLS","toilta","CHARLS_China/H_CHARLS_D_Data.dta","r3toilta","r4toilta","r3toilta:w3 r Some Diff-Using the toilet","difficulty","daily_function",TRUE,FALSE,4455,4473,0.995975855130785,"0.No 0; 1.Yes 1; .a:Healthy and young NA; .d:dk NA; .e:Error NA; .m:missing NA; .n:No phone NA; .p:proxy NA; .r:refuse NA; .s:skip NA; .u:unmar NA; .v:sp nr NA; .w:Not working NA",TRUE,"Valid 0, 1 or 2; deficit=I(value>0)"
"CHARLS","phonea","CHARLS_China/H_CHARLS_D_Data.dta","r3phonea","r4phonea","r3phonea:w3 r Some Diff-Use telephone","difficulty","daily_function",TRUE,FALSE,4000,4473,0.894254415381176,"0.No 0; 1.Yes 1; .a:Healthy and young NA; .d:dk NA; .e:Error NA; .m:missing NA; .n:No phone NA; .p:proxy NA; .r:refuse NA; .s:skip NA; .u:unmar NA; .v:sp nr NA; .w:Not working NA",TRUE,"Valid 0, 1 or 2; deficit=I(value>0)"
"CHARLS","moneya","CHARLS_China/H_CHARLS_D_Data.dta","r3moneya","r4moneya","r3moneya:w3 r Some Diff-Managing money","difficulty","daily_function",TRUE,FALSE,4408,4473,0.985468365750056,"0.No 0; 1.Yes 1; .a:Healthy and young NA; .d:dk NA; .e:Error NA; .m:missing NA; .n:No phone NA; .p:proxy NA; .r:refuse NA; .s:skip NA; .u:unmar NA; .v:sp nr NA; .w:Not working NA",TRUE,"Valid 0, 1 or 2; deficit=I(value>0)"
"CHARLS","medsa","CHARLS_China/H_CHARLS_D_Data.dta","r3medsa","r4medsa","r3medsa:w3 r Some Diff-Take medications","difficulty","daily_function",TRUE,FALSE,4441,4473,0.992845964676951,"0.No 0; 1.Yes 1; .a:Healthy and young NA; .d:dk NA; .e:Error NA; .m:missing NA; .n:No phone NA; .p:proxy NA; .r:refuse NA; .s:skip NA; .u:unmar NA; .v:sp nr NA; .w:Not working NA",TRUE,"Valid 0, 1 or 2; deficit=I(value>0)"
"CHARLS","shopa","CHARLS_China/H_CHARLS_D_Data.dta","r3shopa","r4shopa","r3shopa:w3 r Some Diff-Shop for grocery","difficulty","daily_function",TRUE,FALSE,4415,4473,0.987033310976973,"0.No 0; 1.Yes 1; .a:Healthy and young NA; .d:dk NA; .e:Error NA; .m:missing NA; .n:No phone NA; .p:proxy NA; .r:refuse NA; .s:skip NA; .u:unmar NA; .v:sp nr NA; .w:Not working NA",TRUE,"Valid 0, 1 or 2; deficit=I(value>0)"
"CHARLS","mealsa","CHARLS_China/H_CHARLS_D_Data.dta","r3mealsa","r4mealsa","r3mealsa:w3 r Some Diff-Prepare hot meal","difficulty","daily_function",TRUE,FALSE,4429,4473,0.990163201430807,"0.No 0; 1.Yes 1; .a:Healthy and young NA; .d:dk NA; .e:Error NA; .m:missing NA; .n:No phone NA; .p:proxy NA; .r:refuse NA; .s:skip NA; .u:unmar NA; .v:sp nr NA; .w:Not working NA",TRUE,"Valid 0, 1 or 2; deficit=I(value>0)"
"CHARLS","housewka","CHARLS_China/H_CHARLS_D_Data.dta","r3housewka","r4housewka","r3housewka:w3 r Some Diff-cleaning house","difficulty","daily_function",TRUE,FALSE,4443,4473,0.993293091884641,"0.No 0; 1.Yes 1; .a:Healthy and young NA; .d:dk NA; .e:Error NA; .m:missing NA; .n:No phone NA; .p:proxy NA; .r:refuse NA; .s:skip NA; .u:unmar NA; .v:sp nr NA; .w:Not working NA",TRUE,"Valid 0, 1 or 2; deficit=I(value>0)"
"CHARLS","joga","CHARLS_China/H_CHARLS_D_Data.dta","r3joga","r4joga","r3joga:w3 r Some Diff-Jog 1km","difficulty","mobility",FALSE,FALSE,4392,4473,0.981891348088531,"0.No 0; 1.Yes 1; .a:Healthy and young NA; .d:dk NA; .m:missing NA; .p:proxy NA; .r:refuse NA; .s:skip NA; .u:unmar NA; .v:sp nr NA",TRUE,"Valid 0, 1 or 2; deficit=I(value>0)"
"CHARLS","walk1kma","CHARLS_China/H_CHARLS_D_Data.dta","r3walk1kma","r4walk1kma","r3walk1kma:w3 r Some Diff-Walk 1km","difficulty","mobility",FALSE,FALSE,4447,4473,0.994187346300022,"0.No 0; 1.Yes 1; .a:Healthy and young NA; .d:dk NA; .m:missing NA; .p:proxy NA; .r:refuse NA; .s:skip NA; .u:unmar NA; .v:sp nr NA",TRUE,"Valid 0, 1 or 2; deficit=I(value>0)"
"CHARLS","walk100a","CHARLS_China/H_CHARLS_D_Data.dta","r3walk100a","r4walk100a","r3walk100m:w3 r Some Diff-Walk 100m","difficulty","mobility",TRUE,FALSE,4450,4473,0.994858037111558,"0.No 0; 1.Yes 1; .a:Healthy and young NA; .d:dk NA; .m:missing NA; .p:proxy NA; .r:refuse NA; .s:skip NA; .u:unmar NA; .v:sp nr NA",TRUE,"Valid 0, 1 or 2; deficit=I(value>0)"
"CHARLS","chaira","CHARLS_China/H_CHARLS_D_Data.dta","r3chaira","r4chaira","r3chaira:w3 r Some Diff-Get up fr chair","difficulty","mobility",FALSE,FALSE,4455,4473,0.995975855130785,"0.No 0; 1.Yes 1; .a:Healthy and young NA; .d:dk NA; .m:missing NA; .p:proxy NA; .r:refuse NA; .s:skip NA; .u:unmar NA; .v:sp nr NA",TRUE,"Valid 0, 1 or 2; deficit=I(value>0)"
"CHARLS","climsa","CHARLS_China/H_CHARLS_D_Data.dta","r3climsa","r4climsa","r3climsa:w3 r Some Diff-Clmb sev flt str","difficulty","mobility",FALSE,FALSE,4388,4473,0.98099709367315,"0.No 0; 1.Yes 1; .a:Healthy and young NA; .d:dk NA; .m:missing NA; .p:proxy NA; .r:refuse NA; .s:skip NA; .u:unmar NA; .v:sp nr NA",TRUE,"Valid 0, 1 or 2; deficit=I(value>0)"
"CHARLS","stoopa","CHARLS_China/H_CHARLS_D_Data.dta","r3stoopa","r4stoopa","r3stoopa:w3 r Some Diff-Stoop/Kneel/Crch","difficulty","mobility",FALSE,FALSE,4451,4473,0.995081600715404,"0.No 0; 1.Yes 1; .a:Healthy and young NA; .d:dk NA; .m:missing NA; .p:proxy NA; .r:refuse NA; .s:skip NA; .u:unmar NA; .v:sp nr NA",TRUE,"Valid 0, 1 or 2; deficit=I(value>0)"
"CHARLS","lifta","CHARLS_China/H_CHARLS_D_Data.dta","r3lifta","r4lifta","r3lifta:w3 r Some Diff-Lift/carry 10jin","difficulty","mobility",FALSE,FALSE,4440,4473,0.992622401073105,"0.No 0; 1.Yes 1; .a:Healthy and young NA; .d:dk NA; .m:missing NA; .p:proxy NA; .r:refuse NA; .s:skip NA; .u:unmar NA; .v:sp nr NA",TRUE,"Valid 0, 1 or 2; deficit=I(value>0)"
"CHARLS","dimea","CHARLS_China/H_CHARLS_D_Data.dta","r3dimea","r4dimea","r3dimea:w3 r Some Diff-Pick up a small coin","difficulty","mobility",FALSE,FALSE,4442,4473,0.993069528280796,"0.No 0; 1.Yes 1; .a:Healthy and young NA; .d:dk NA; .m:missing NA; .p:proxy NA; .r:refuse NA; .s:skip NA; .u:unmar NA; .v:sp nr NA",TRUE,"Valid 0, 1 or 2; deficit=I(value>0)"
"CHARLS","armsa","CHARLS_China/H_CHARLS_D_Data.dta","r3armsa","r4armsa","r3armsa:w3 r Some Diff-Rch/xtnd arms up","difficulty","mobility",FALSE,FALSE,4448,4473,0.994410909903868,"0.No 0; 1.Yes 1; .a:Healthy and young NA; .d:dk NA; .m:missing NA; .p:proxy NA; .r:refuse NA; .s:skip NA; .u:unmar NA; .v:sp nr NA",TRUE,"Valid 0, 1 or 2; deficit=I(value>0)"
"CHARLS","hibpe","CHARLS_China/H_CHARLS_D_Data.dta","r3hibpe","r4hibpe","r3hibpe:w3 r Ever had high blood pressure","binary","disease",FALSE,TRUE,4379,4473,0.978985021238542,"0.No 0; 1.Yes 1; .d:dk NA; .m:missing NA; .p:proxy NA; .r:refuse NA; .s:skip NA; .u:unmar NA; .v:sp nr NA; .x:Joined panel in w3 NA",TRUE,"Valid 0 or 1; preserve value"
"CHARLS","diabe","CHARLS_China/H_CHARLS_D_Data.dta","r3diabe","r4diabe","r3diabe:w3 r ever had diabetes","binary","disease",FALSE,TRUE,4327,4473,0.967359713838587,"0.No 0; 1.Yes 1; .d:dk NA; .m:missing NA; .p:proxy NA; .r:refuse NA; .s:skip NA; .u:unmar NA; .v:sp nr NA; .x:Joined panel in w3 NA",TRUE,"Valid 0 or 1; preserve value"
"CHARLS","cancre","CHARLS_China/H_CHARLS_D_Data.dta","r3cancre","r4cancre","r3cancre:w3 r ever had cancer","binary","disease",FALSE,TRUE,4366,4473,0.976078694388554,"0.No 0; 1.Yes 1; .d:dk NA; .m:missing NA; .p:proxy NA; .r:refuse NA; .s:skip NA; .u:unmar NA; .v:sp nr NA; .x:Joined panel in w3 NA",TRUE,"Valid 0 or 1; preserve value"
"CHARLS","lunge","CHARLS_China/H_CHARLS_D_Data.dta","r3lunge","r4lunge","r3lunge:w3 r ever had lung disease","binary","disease",FALSE,FALSE,4372,4473,0.977420076011625,"0.No 0; 1.Yes 1; .d:dk NA; .m:missing NA; .p:proxy NA; .r:refuse NA; .s:skip NA; .u:unmar NA; .v:sp nr NA; .x:Joined panel in w3 NA",TRUE,"Valid 0 or 1; preserve value"
"CHARLS","hearte","CHARLS_China/H_CHARLS_D_Data.dta","r3hearte","r4hearte","r3hearte:w3 r ever had heart problem","binary","disease",FALSE,TRUE,4348,4473,0.972054549519338,"0.No 0; 1.Yes 1; .d:dk NA; .m:missing NA; .p:proxy NA; .r:refuse NA; .s:skip NA; .u:unmar NA; .v:sp nr NA; .x:Joined panel in w3 NA",TRUE,"Valid 0 or 1; preserve value"
"CHARLS","stroke","CHARLS_China/H_CHARLS_D_Data.dta","r3stroke","r4stroke","r3stroke:w3 r ever had stroke","binary","disease",FALSE,TRUE,4372,4473,0.977420076011625,"0.No 0; 1.Yes 1; .d:dk NA; .m:missing NA; .p:proxy NA; .r:refuse NA; .s:skip NA; .u:unmar NA; .v:sp nr NA; .x:Joined panel in w3 NA",TRUE,"Valid 0 or 1; preserve value"
"CHARLS","arthre","CHARLS_China/H_CHARLS_D_Data.dta","r3arthre","r4arthre","r3arthre:w3 r ever had arthritis","binary","disease",FALSE,TRUE,4388,4473,0.98099709367315,"0.No 0; 1.Yes 1; .d:dk NA; .m:missing NA; .p:proxy NA; .r:refuse NA; .s:skip NA; .u:unmar NA; .v:sp nr NA; .x:Joined panel in w3 NA",TRUE,"Valid 0 or 1; preserve value"
"CHARLS","mbmi","CHARLS_China/H_CHARLS_D_Data.dta","r3mbmi","NONE","r3mbmi:w3 r measured Body Mass Index (kg/m2)","bmi","other_health",FALSE,FALSE,3578,4473,0.799910574558462,"",TRUE,"BMI 10 to 80 valid; <18.5:0.75; 18.5-<25:0; 25-<30:0.25; 30-<35:0.5; 35-<40:0.75; >=40:1"
"CHARLS","depresl","CHARLS_China/H_CHARLS_D_Data.dta","r3depresl","r4depresl","r3depresl:w3 r CESD: Felt depressed","ordinal4","affect",FALSE,FALSE,3937,4473,0.880169908338922,"1.Rarely or none of the time < 1 day 1; 2.Some or a little of the time 1-2 days 2; 3.Occasionally or a moderate amount of 3-4 days 3; 4.Most or all of the time 5-7 days 4; .d:dk NA; .m:missing NA; .p:proxy NA; .r:refuse NA; .s:skip NA; .u:unmar NA; .v:sp nr NA",TRUE,"Valid 1 to 4; deficit=(value-1)/3"
"CHARLS","effortl","CHARLS_China/H_CHARLS_D_Data.dta","r3effortl","r4effortl","r3effortl:w3 r CESD: Everything an effort","ordinal4","affect",TRUE,FALSE,3946,4473,0.88218198077353,"1.Rarely or none of the time < 1 day 1; 2.Some or a little of the time 1-2 days 2; 3.Occasionally or a moderate amount of 3-4 days 3; 4.Most or all of the time 5-7 days 4; .d:dk NA; .m:missing NA; .p:proxy NA; .r:refuse NA; .s:skip NA; .u:unmar NA; .v:sp nr NA",TRUE,"Valid 1 to 4; deficit=(value-1)/3"
"CHARLS","sleeprl","CHARLS_China/H_CHARLS_D_Data.dta","r3sleeprl","r4sleeprl","r3sleeprl:w3 r CESD: Sleep was restless","ordinal4","affect",FALSE,FALSE,4027,4473,0.900290632684999,"1.Rarely or none of the time < 1 day 1; 2.Some or a little of the time 1-2 days 2; 3.Occasionally or a moderate amount of 3-4 days 3; 4.Most or all of the time 5-7 days 4; .d:dk NA; .m:missing NA; .p:proxy NA; .r:refuse NA; .s:skip NA; .u:unmar NA; .v:sp nr NA",TRUE,"Valid 1 to 4; deficit=(value-1)/3"
"CHARLS","whappyl","CHARLS_China/H_CHARLS_D_Data.dta","r3whappyl","r4whappyl","r3whappyl:w3 r CESD: Was happy","reverse4","affect",FALSE,FALSE,3977,4473,0.889112452492734,"1.Rarely or none of the time < 1 day 1; 2.Some or a little of the time 1-2 days 2; 3.Occasionally or a moderate amount of 3-4 days 3; 4.Most or all of the time 5-7 days 4; .d:dk NA; .m:missing NA; .p:proxy NA; .r:refuse NA; .s:skip NA; .u:unmar NA; .v:sp nr NA",TRUE,"Valid 1 to 4; deficit=1-(value-1)/3"
"CHARLS","flonel","CHARLS_China/H_CHARLS_D_Data.dta","r3flonel","r4flonel","r3flonel:w3 r CESD: Felt lonely","ordinal4","affect",FALSE,FALSE,3968,4473,0.887100380058127,"1.Rarely or none of the time < 1 day 1; 2.Some or a little of the time 1-2 days 2; 3.Occasionally or a moderate amount of 3-4 days 3; 4.Most or all of the time 5-7 days 4; .d:dk NA; .m:missing NA; .p:proxy NA; .r:refuse NA; .s:skip NA; .u:unmar NA; .v:sp nr NA",TRUE,"Valid 1 to 4; deficit=(value-1)/3"
"CHARLS","botherl","CHARLS_China/H_CHARLS_D_Data.dta","r3botherl","r4botherl","r3botherl:w3 r CESD: Bothered by little things","ordinal4","affect",FALSE,FALSE,3955,4473,0.884194053208138,"1.Rarely or none of the time < 1 day 1; 2.Some or a little of the time 1-2 days 2; 3.Occasionally or a moderate amount of 3-4 days 3; 4.Most or all of the time 5-7 days 4; .d:dk NA; .m:missing NA; .p:proxy NA; .r:refuse NA; .s:skip NA; .u:unmar NA; .v:sp nr NA",TRUE,"Valid 1 to 4; deficit=(value-1)/3"
"CHARLS","goingl","CHARLS_China/H_CHARLS_D_Data.dta","r3goingl","r4goingl","r3goingl:w3 r CESD: Could not get going","ordinal4","affect",FALSE,FALSE,3931,4473,0.878828526715851,"1.Rarely or none of the time < 1 day 1; 2.Some or a little of the time 1-2 days 2; 3.Occasionally or a moderate amount of 3-4 days 3; 4.Most or all of the time 5-7 days 4; .d:dk NA; .m:missing NA; .p:proxy NA; .r:refuse NA; .s:skip NA; .u:unmar NA; .v:sp nr NA",TRUE,"Valid 1 to 4; deficit=(value-1)/3"
"CHARLS","mindtsl","CHARLS_China/H_CHARLS_D_Data.dta","r3mindtsl","r4mindtsl","r3mindtsl:w3 r CESD: Had trouble keeping mind on what is doing","ordinal4","affect",FALSE,FALSE,3855,4473,0.861837692823608,"1.Rarely or none of the time < 1 day 1; 2.Some or a little of the time 1-2 days 2; 3.Occasionally or a moderate amount of 3-4 days 3; 4.Most or all of the time 5-7 days 4; .d:dk NA; .m:missing NA; .p:proxy NA; .r:refuse NA; .s:skip NA; .u:unmar NA; .v:sp nr NA",TRUE,"Valid 1 to 4; deficit=(value-1)/3"
"CHARLS","fhopel","CHARLS_China/H_CHARLS_D_Data.dta","r3fhopel","r4fhopel","r3fhopel:w3 r CESD: Feel hopeful about the future","reverse4","affect",FALSE,FALSE,3774,4473,0.84372904091214,"1.Rarely or none of the time < 1 day 1; 2.Some or a little of the time 1-2 days 2; 3.Occasionally or a moderate amount of 3-4 days 3; 4.Most or all of the time 5-7 days 4; .d:dk NA; .m:missing NA; .p:proxy NA; .r:refuse NA; .s:skip NA; .u:unmar NA; .v:sp nr NA",TRUE,"Valid 1 to 4; deficit=1-(value-1)/3"
"CHARLS","fearll","CHARLS_China/H_CHARLS_D_Data.dta","r3fearll","r4fearll","r3fearll:w3 r CESD: Feel fearful","ordinal4","affect",FALSE,FALSE,4012,4473,0.896937178627319,"1.Rarely or none of the time < 1 day 1; 2.Some or a little of the time 1-2 days 2; 3.Occasionally or a moderate amount of 3-4 days 3; 4.Most or all of the time 5-7 days 4; .d:dk NA; .m:missing NA; .p:proxy NA; .r:refuse NA; .s:skip NA; .u:unmar NA; .v:sp nr NA",TRUE,"Valid 1 to 4; deficit=(value-1)/3"
"MHAS","shlt","MHAS_Mexico/H_MHAS_d.dta","r5shlt","r6shlt","r5shlt: w5 R Self-report of health","ordinal5","other_health",TRUE,FALSE,5848,6607,0.885121840472226,"1.Excellent 1; 2.Very good 2; 3.Good 3; 4.Fair 4; 5.Poor 5; .d:DK NA; .i:Invalid NA; .m:Missing NA; .p:proxy ivw NA; .r:Refuse NA; .s:Skip NA; .u:Unmar NA; .v:SP NR NA",TRUE,"Valid 1 to 5; deficit=(value-1)/4"
"MHAS","walkra","MHAS_Mexico/H_MHAS_d.dta","r5walkra","r6walkra","r5walkra: w5 R Some difficulty-Walking across room","difficulty","daily_function",TRUE,FALSE,6573,6607,0.994853942787952,"0.No 0; 1.Yes 1; .d:DK NA; .i:Invalid NA; .m:Missing NA; .p:proxy ivw NA; .r:Refuse NA; .s:Skip NA; .u:Unmar NA; .v:SP NR NA; .x:Doesn't do NA",TRUE,"Valid 0, 1 or 2; deficit=I(value>0)"
"MHAS","dressa","MHAS_Mexico/H_MHAS_d.dta","r5dressa","r6dressa","r5dressa: w5 R Some difficulty-Dressing","difficulty","daily_function",TRUE,FALSE,5837,6607,0.883456939609505,"0.No 0; 1.Yes 1; .d:DK NA; .i:Invalid NA; .m:Missing NA; .p:proxy ivw NA; .r:Refuse NA; .s:Skip NA; .u:Unmar NA; .v:SP NR NA; .x:Doesn't do NA",TRUE,"Valid 0, 1 or 2; deficit=I(value>0)"
"MHAS","batha","MHAS_Mexico/H_MHAS_d.dta","r5batha","r6batha","r5batha: w5 R Some difficulty-Bathing or showering","difficulty","daily_function",TRUE,FALSE,6578,6607,0.995610715907371,"0.No 0; 1.Yes 1; .d:DK NA; .i:Invalid NA; .m:Missing NA; .p:proxy ivw NA; .r:Refuse NA; .s:Skip NA; .u:Unmar NA; .v:SP NR NA; .x:Doesn't do NA",TRUE,"Valid 0, 1 or 2; deficit=I(value>0)"
"MHAS","eata","MHAS_Mexico/H_MHAS_d.dta","r5eata","r6eata","r5eata: w5 R Some difficulty-Eating","difficulty","daily_function",TRUE,FALSE,6575,6607,0.99515665203572,"0.No 0; 1.Yes 1; .d:DK NA; .i:Invalid NA; .m:Missing NA; .p:proxy ivw NA; .r:Refuse NA; .s:Skip NA; .u:Unmar NA; .v:SP NR NA; .x:Doesn't do NA",TRUE,"Valid 0, 1 or 2; deficit=I(value>0)"
"MHAS","beda","MHAS_Mexico/H_MHAS_d.dta","r5beda","r6beda","r5beda: w5 R Some difficulty-Getting in/out of bed","difficulty","daily_function",TRUE,FALSE,6577,6607,0.995459361283487,"0.No 0; 1.Yes 1; .d:DK NA; .i:Invalid NA; .m:Missing NA; .p:proxy ivw NA; .r:Refuse NA; .s:Skip NA; .u:Unmar NA; .v:SP NR NA; .x:Doesn't do NA",TRUE,"Valid 0, 1 or 2; deficit=I(value>0)"
"MHAS","toilta","MHAS_Mexico/H_MHAS_d.dta","r5toilta","r6toilta","r5toilta: w5 R Some difficulty-Using the toilet","difficulty","daily_function",TRUE,FALSE,6570,6607,0.994399878916301,"0.No 0; 1.Yes 1; .d:DK NA; .i:Invalid NA; .m:Missing NA; .p:proxy ivw NA; .r:Refuse NA; .s:Skip NA; .u:Unmar NA; .v:SP NR NA; .x:Doesn't do NA",TRUE,"Valid 0, 1 or 2; deficit=I(value>0)"
"MHAS","moneya","MHAS_Mexico/H_MHAS_d.dta","r5moneya","r6moneya","r5moneya: w5 R Some difficulty-Managing money","difficulty","daily_function",TRUE,FALSE,5812,6607,0.879673074012411,"0.No 0; 1.Yes 1; .d:DK NA; .i:Invalid NA; .m:Missing NA; .p:proxy ivw NA; .r:Refuse NA; .s:Skip NA; .u:Unmar NA; .v:SP NR NA; .x:Doesn't do NA",TRUE,"Valid 0, 1 or 2; deficit=I(value>0)"
"MHAS","medsa","MHAS_Mexico/H_MHAS_d.dta","r5medsa","r6medsa","r5medsa: w5 R Some difficulty-Taking medications","difficulty","daily_function",TRUE,FALSE,5822,6607,0.881186620251249,"0.No 0; 1.Yes 1; .d:DK NA; .i:Invalid NA; .m:Missing NA; .p:proxy ivw NA; .r:Refuse NA; .s:Skip NA; .u:Unmar NA; .v:SP NR NA; .x:Doesn't do NA",TRUE,"Valid 0, 1 or 2; deficit=I(value>0)"
"MHAS","shopa","MHAS_Mexico/H_MHAS_d.dta","r5shopa","r6shopa","r5shopa: w5 R Some difficulty-Shopping for groceries","difficulty","daily_function",TRUE,FALSE,5708,6607,0.8639321931285,"0.No 0; 1.Yes 1; .d:DK NA; .i:Invalid NA; .m:Missing NA; .p:proxy ivw NA; .r:Refuse NA; .s:Skip NA; .u:Unmar NA; .v:SP NR NA; .x:Doesn't do NA",TRUE,"Valid 0, 1 or 2; deficit=I(value>0)"
"MHAS","mealsa","MHAS_Mexico/H_MHAS_d.dta","r5mealsa","r6mealsa","r5mealsa: w5 R Some difficulty-Preparing hot meals","difficulty","daily_function",TRUE,FALSE,5591,6607,0.8462237021341,"0.No 0; 1.Yes 1; .d:DK NA; .i:Invalid NA; .m:Missing NA; .p:proxy ivw NA; .r:Refuse NA; .s:Skip NA; .u:Unmar NA; .v:SP NR NA; .x:Doesn't do NA",TRUE,"Valid 0, 1 or 2; deficit=I(value>0)"
"MHAS","walksa","MHAS_Mexico/H_MHAS_d.dta","r5walksa","r6walksa","r5walksa: w5 R Some difficulty-Walking several blocks","difficulty","mobility",FALSE,FALSE,5790,6607,0.876343272286968,"0.No 0; 1.Yes 1; .d:DK NA; .i:Invalid NA; .m:Missing NA; .p:proxy ivw NA; .r:Refuse NA; .s:Skip NA; .u:Unmar NA; .v:SP NR NA; .x:Doesn't do NA",TRUE,"Valid 0, 1 or 2; deficit=I(value>0)"
"MHAS","joga","MHAS_Mexico/H_MHAS_d.dta","r5joga","r6joga","r5joga: w5 R Some difficulty-Run/Jogging one km","difficulty","mobility",FALSE,FALSE,5353,6607,0.810201301649765,"0.No 0; 1.Yes 1; .d:DK NA; .i:Invalid NA; .m:Missing NA; .p:proxy ivw NA; .r:Refuse NA; .s:Skip NA; .u:Unmar NA; .v:SP NR NA; .x:Doesn't do NA",TRUE,"Valid 0, 1 or 2; deficit=I(value>0)"
"MHAS","walk1a","MHAS_Mexico/H_MHAS_d.dta","r5walk1a","r6walk1a","r5walk1a: w5 R Some difficulty-Walking one block","difficulty","mobility",FALSE,FALSE,5809,6607,0.87921901014076,"0.No 0; 1.Yes 1; .d:DK NA; .i:Invalid NA; .m:Missing NA; .p:proxy ivw NA; .r:Refuse NA; .s:Skip NA; .u:Unmar NA; .v:SP NR NA; .x:Doesn't do NA",TRUE,"Valid 0, 1 or 2; deficit=I(value>0)"
"MHAS","sita","MHAS_Mexico/H_MHAS_d.dta","r5sita","r6sita","r5sita: w5 R Some difficulty-Sitting for 2 hours","difficulty","mobility",FALSE,FALSE,5834,6607,0.883002875737854,"0.No 0; 1.Yes 1; .d:DK NA; .i:Invalid NA; .m:Missing NA; .p:proxy ivw NA; .r:Refuse NA; .s:Skip NA; .u:Unmar NA; .v:SP NR NA; .x:Doesn't do NA",TRUE,"Valid 0, 1 or 2; deficit=I(value>0)"
"MHAS","chaira","MHAS_Mexico/H_MHAS_d.dta","r5chaira","r6chaira","r5chaira: w5 R Some difficulty-Getting up from chair","difficulty","mobility",FALSE,FALSE,5828,6607,0.882094747994551,"0.No 0; 1.Yes 1; .d:DK NA; .i:Invalid NA; .m:Missing NA; .p:proxy ivw NA; .r:Refuse NA; .s:Skip NA; .u:Unmar NA; .v:SP NR NA; .x:Doesn't do NA",TRUE,"Valid 0, 1 or 2; deficit=I(value>0)"
"MHAS","climsa","MHAS_Mexico/H_MHAS_d.dta","r5climsa","r6climsa","r5climsa: w5 R Some difficulty-Climbing sev flts stairs","difficulty","mobility",FALSE,FALSE,5546,6607,0.839412744059331,"0.No 0; 1.Yes 1; .d:DK NA; .i:Invalid NA; .m:Missing NA; .p:proxy ivw NA; .r:Refuse NA; .s:Skip NA; .u:Unmar NA; .v:SP NR NA; .x:Doesn't do NA",TRUE,"Valid 0, 1 or 2; deficit=I(value>0)"
"MHAS","clim1a","MHAS_Mexico/H_MHAS_d.dta","r5clim1a","r6clim1a","r5clim1a: w5 R Some difficulty-Climbing one flt stairs","difficulty","mobility",FALSE,FALSE,5703,6607,0.863175420009081,"0.No 0; 1.Yes 1; .d:DK NA; .i:Invalid NA; .m:Missing NA; .p:proxy ivw NA; .r:Refuse NA; .s:Skip NA; .u:Unmar NA; .v:SP NR NA; .x:Doesn't do NA",TRUE,"Valid 0, 1 or 2; deficit=I(value>0)"
"MHAS","stoopa","MHAS_Mexico/H_MHAS_d.dta","r5stoopa","r6stoopa","r5stoopa: w5 R Some difficulty-Stoop/kneel/crouching","difficulty","mobility",FALSE,FALSE,5783,6607,0.875283789919782,"0.No 0; 1.Yes 1; .d:DK NA; .i:Invalid NA; .m:Missing NA; .p:proxy ivw NA; .r:Refuse NA; .s:Skip NA; .u:Unmar NA; .v:SP NR NA; .x:Doesn't do NA",TRUE,"Valid 0, 1 or 2; deficit=I(value>0)"
"MHAS","lifta","MHAS_Mexico/H_MHAS_d.dta","r5lifta","r6lifta","r5lifta: w5 R Some difficulty-Lift/carrying 5 kgs","difficulty","mobility",FALSE,FALSE,5737,6607,0.868321477221129,"0.No 0; 1.Yes 1; .d:DK NA; .i:Invalid NA; .m:Missing NA; .p:proxy ivw NA; .r:Refuse NA; .s:Skip NA; .u:Unmar NA; .v:SP NR NA; .x:Doesn't do NA",TRUE,"Valid 0, 1 or 2; deficit=I(value>0)"
"MHAS","dimea","MHAS_Mexico/H_MHAS_d.dta","r5dimea","r6dimea","r5dimea: w5 R Some difficulty-Picking up a coin","difficulty","mobility",FALSE,FALSE,5829,6607,0.882246102618435,"0.No 0; 1.Yes 1; .d:DK NA; .i:Invalid NA; .m:Missing NA; .p:proxy ivw NA; .r:Refuse NA; .s:Skip NA; .u:Unmar NA; .v:SP NR NA; .x:Doesn't do NA",TRUE,"Valid 0, 1 or 2; deficit=I(value>0)"
"MHAS","armsa","MHAS_Mexico/H_MHAS_d.dta","r5armsa","r6armsa","r5armsa: w5 R Some difficulty-Reach/extending arms up","difficulty","mobility",FALSE,FALSE,5833,6607,0.88285152111397,"0.No 0; 1.Yes 1; .d:DK NA; .i:Invalid NA; .m:Missing NA; .p:proxy ivw NA; .r:Refuse NA; .s:Skip NA; .u:Unmar NA; .v:SP NR NA; .x:Doesn't do NA",TRUE,"Valid 0, 1 or 2; deficit=I(value>0)"
"MHAS","pusha","MHAS_Mexico/H_MHAS_d.dta","r5pusha","r6pusha","r5pusha: w5 R Some difficulty-Push/pulling large objects","difficulty","mobility",FALSE,FALSE,5710,6607,0.864234902376268,"0.No 0; 1.Yes 1; .d:DK NA; .i:Invalid NA; .m:Missing NA; .p:proxy ivw NA; .r:Refuse NA; .s:Skip NA; .u:Unmar NA; .v:SP NR NA; .x:Doesn't do NA",TRUE,"Valid 0, 1 or 2; deficit=I(value>0)"
"MHAS","hibpe","MHAS_Mexico/H_MHAS_d.dta","r5hibpe","r6hibpe","r5hibpe: w5 R Ever had high blood pressure","binary","disease",FALSE,TRUE,6606,6607,0.999848645376116,"0.no 0; 1.yes 1; .a:age lt 50 NA; .d:DK NA; .g:not asked-gender NA; .i:Invalid NA; .m:Missing NA; .p:proxy ivw NA; .r:Refuse NA; .s:Skip NA; .u:Unmar NA; .v:SP NR NA; .x:does not have condition NA",TRUE,"Valid 0 or 1; preserve value"
"MHAS","diabe","MHAS_Mexico/H_MHAS_d.dta","r5diabe","r6diabe","r5diabe: w5 R Ever had diabetes","binary","disease",FALSE,TRUE,6601,6607,0.999091872256697,"0.no 0; 1.yes 1; .a:age lt 50 NA; .d:DK NA; .g:not asked-gender NA; .i:Invalid NA; .m:Missing NA; .p:proxy ivw NA; .r:Refuse NA; .s:Skip NA; .u:Unmar NA; .v:SP NR NA; .x:does not have condition NA",TRUE,"Valid 0 or 1; preserve value"
"MHAS","cancre","MHAS_Mexico/H_MHAS_d.dta","r5cancre","r6cancre","r5cancre: w5 R Ever had cancer","binary","disease",FALSE,TRUE,6604,6607,0.999545936128349,"0.no 0; 1.yes 1; .a:age lt 50 NA; .d:DK NA; .g:not asked-gender NA; .i:Invalid NA; .m:Missing NA; .p:proxy ivw NA; .r:Refuse NA; .s:Skip NA; .u:Unmar NA; .v:SP NR NA; .x:does not have condition NA",TRUE,"Valid 0 or 1; preserve value"
"MHAS","hearte","MHAS_Mexico/H_MHAS_d.dta","r5hearte","r6hearte","r5hearte: w5 R Ever had heart problems","binary","disease",FALSE,TRUE,6606,6607,0.999848645376116,"0.no 0; 1.yes 1; .a:age lt 50 NA; .d:DK NA; .g:not asked-gender NA; .i:Invalid NA; .m:Missing NA; .p:proxy ivw NA; .r:Refuse NA; .s:Skip NA; .u:Unmar NA; .v:SP NR NA; .x:does not have condition NA",TRUE,"Valid 0 or 1; preserve value"
"MHAS","stroke","MHAS_Mexico/H_MHAS_d.dta","r5stroke","r6stroke","r5stroke: w5 R Ever had stroke","binary","disease",FALSE,TRUE,6605,6607,0.999697290752232,"0.no 0; 1.yes 1; .a:age lt 50 NA; .d:DK NA; .g:not asked-gender NA; .i:Invalid NA; .m:Missing NA; .p:proxy ivw NA; .r:Refuse NA; .s:Skip NA; .u:Unmar NA; .v:SP NR NA; .x:does not have condition NA",TRUE,"Valid 0 or 1; preserve value"
"MHAS","arthre","MHAS_Mexico/H_MHAS_d.dta","r5arthre","r6arthre","r5arthre: w5 R Ever had arthritis","binary","disease",FALSE,TRUE,6603,6607,0.999394581504465,"0.no 0; 1.yes 1; .a:age lt 50 NA; .d:DK NA; .g:not asked-gender NA; .i:Invalid NA; .m:Missing NA; .p:proxy ivw NA; .r:Refuse NA; .s:Skip NA; .u:Unmar NA; .v:SP NR NA; .x:does not have condition NA",TRUE,"Valid 0 or 1; preserve value"
"MHAS","sight","MHAS_Mexico/H_MHAS_d.dta","r5sight","r6sight","r5sight: w5 R Self-rated eyesight","sensory","other_health",FALSE,FALSE,5836,6607,0.883305584985621,"1.Excellent 1; 2.Very good 2; 3.Good 3; 4.Fair 4; 5.Poor 5; 6.Legally Blind 6; .d:DK NA; .i:Invalid NA; .m:Missing NA; .p:proxy ivw NA; .r:Refuse NA; .s:Skip NA; .u:Unmar NA; .v:SP NR NA",TRUE,"Valid 1 to 6; deficit=min((value-1)/4,1)"
"MHAS","hearing","MHAS_Mexico/H_MHAS_d.dta","r5hearing","r6hearing","r5hearing: w5 R Self-rated hearing","sensory","other_health",FALSE,FALSE,5843,6607,0.884365067352808,"1.Excellent 1; 2.Very good 2; 3.Good 3; 4.Fair 4; 5.Poor 5; 6.Legally Deaf 6; .d:DK NA; .i:Invalid NA; .m:Missing NA; .p:proxy ivw NA; .r:Refuse NA; .s:Skip NA; .u:Unmar NA; .v:SP NR NA; .x:no hearing aid NA",TRUE,"Valid 1 to 6; deficit=min((value-1)/4,1)"
"MHAS","fall","MHAS_Mexico/H_MHAS_d.dta","r5fall","r6fall","r5fall: w5 R Fallen down last 2 years","binary","other_health",FALSE,FALSE,6602,6607,0.999243226880581,"0.no 0; 1.yes 1; .a:age lt 50 NA; .d:DK NA; .g:not asked-gender NA; .i:Invalid NA; .m:Missing NA; .p:proxy ivw NA; .r:Refuse NA; .s:Skip NA; .u:Unmar NA; .v:SP NR NA; .x:does not have condition NA",TRUE,"Valid 0 or 1; preserve value"
"MHAS","painfr","MHAS_Mexico/H_MHAS_d.dta","r5painfr","r6painfr","r5painfr: w5 R Frequent problems with pain","binary","other_health",FALSE,FALSE,5846,6607,0.884819131224459,"0.no 0; 1.yes 1; .a:age lt 50 NA; .d:DK NA; .g:not asked-gender NA; .i:Invalid NA; .m:Missing NA; .p:proxy ivw NA; .r:Refuse NA; .s:Skip NA; .u:Unmar NA; .v:SP NR NA; .x:does not have condition NA",TRUE,"Valid 0 or 1; preserve value"
"MHAS","bmi","MHAS_Mexico/H_MHAS_d.dta","r5bmi","r6bmi","r5bmi: w5 R Body Mass Index=kg/m2","bmi","other_health",FALSE,FALSE,5637,6607,0.853186014832753,"",TRUE,"BMI 10 to 80 valid; <18.5:0.75; 18.5-<25:0; 25-<30:0.25; 30-<35:0.5; 35-<40:0.75; >=40:1"
"MHAS","depres","MHAS_Mexico/H_MHAS_d.dta","r5depres","r6depres","r5depres: w5 R CESD-Felt depressed","binary","affect",FALSE,FALSE,5839,6607,0.883759648857273,"0.No 0; 1.Yes 1; .d:DK NA; .i:Invalid NA; .m:Missing NA; .p:proxy ivw NA; .r:Refuse NA; .s:Skip NA; .u:Unmar NA; .v:SP NR NA",TRUE,"Valid 0 or 1; preserve value"
"MHAS","effort","MHAS_Mexico/H_MHAS_d.dta","r5effort","r6effort","r5effort: w5 R CESD-Everything an effort","binary","affect",TRUE,FALSE,5834,6607,0.883002875737854,"0.No 0; 1.Yes 1; .d:DK NA; .i:Invalid NA; .m:Missing NA; .p:proxy ivw NA; .r:Refuse NA; .s:Skip NA; .u:Unmar NA; .v:SP NR NA",TRUE,"Valid 0 or 1; preserve value"
"MHAS","sleepr","MHAS_Mexico/H_MHAS_d.dta","r5sleepr","r6sleepr","r5sleepr: w5 R CESD-Sleep was restless","binary","affect",FALSE,FALSE,5840,6607,0.883911003481156,"0.No 0; 1.Yes 1; .d:DK NA; .i:Invalid NA; .m:Missing NA; .p:proxy ivw NA; .r:Refuse NA; .s:Skip NA; .u:Unmar NA; .v:SP NR NA",TRUE,"Valid 0 or 1; preserve value"
"MHAS","whappy","MHAS_Mexico/H_MHAS_d.dta","r5whappy","r6whappy","r5whappy: w5 R CESD-Felt happy","reverse","affect",FALSE,FALSE,5828,6607,0.882094747994551,"0.No 0; 1.Yes 1; .d:DK NA; .i:Invalid NA; .m:Missing NA; .p:proxy ivw NA; .r:Refuse NA; .s:Skip NA; .u:Unmar NA; .v:SP NR NA",TRUE,"Valid 0 or 1; deficit=1-value"
"MHAS","flone","MHAS_Mexico/H_MHAS_d.dta","r5flone","r6flone","r5flone: w5 R CESD-Felt lonely","binary","affect",FALSE,FALSE,5835,6607,0.883154230361738,"0.No 0; 1.Yes 1; .d:DK NA; .i:Invalid NA; .m:Missing NA; .p:proxy ivw NA; .r:Refuse NA; .s:Skip NA; .u:Unmar NA; .v:SP NR NA",TRUE,"Valid 0 or 1; preserve value"
"MHAS","enlife","MHAS_Mexico/H_MHAS_d.dta","r5enlife","r6enlife","r5enlife: w5 R CESD-Enjoyed life","reverse","affect",FALSE,FALSE,5825,6607,0.8816406841229,"0.No 0; 1.Yes 1; .d:DK NA; .i:Invalid NA; .m:Missing NA; .p:proxy ivw NA; .r:Refuse NA; .s:Skip NA; .u:Unmar NA; .v:SP NR NA",TRUE,"Valid 0 or 1; deficit=1-value"
"MHAS","fsad","MHAS_Mexico/H_MHAS_d.dta","r5fsad","r6fsad","r5fsad: w5 R CESD-Felt sad","binary","affect",FALSE,FALSE,5835,6607,0.883154230361738,"0.No 0; 1.Yes 1; .d:DK NA; .i:Invalid NA; .m:Missing NA; .p:proxy ivw NA; .r:Refuse NA; .s:Skip NA; .u:Unmar NA; .v:SP NR NA",TRUE,"Valid 0 or 1; preserve value"
"MHAS","ftired","MHAS_Mexico/H_MHAS_d.dta","r5ftired","r6ftired","r5ftired: w5 R CESD-Felt tired","binary","affect",TRUE,FALSE,5840,6607,0.883911003481156,"0.No 0; 1.Yes 1; .d:DK NA; .i:Invalid NA; .m:Missing NA; .p:proxy ivw NA; .r:Refuse NA; .s:Skip NA; .u:Unmar NA; .v:SP NR NA",TRUE,"Valid 0 or 1; preserve value"
"MHAS","energ","MHAS_Mexico/H_MHAS_d.dta","r5energ","r6energ","r5energ: w5 R CESD-Had a lot of energy","reverse","affect",FALSE,FALSE,5823,6607,0.881337974875132,"0.No 0; 1.Yes 1; .d:DK NA; .i:Invalid NA; .m:Missing NA; .p:proxy ivw NA; .r:Refuse NA; .s:Skip NA; .u:Unmar NA; .v:SP NR NA",TRUE,"Valid 0 or 1; deficit=1-value"
