"file","bytes"
"code/00_config.R",762
"code/01_recover_baseline.R",12955
"code/02_functions.R",2863
"code/02_prepare_complete_FI.R",8243
"code/03_candidate_bank.R",2333
"code/04_training_phenotypes_SHAP.R",6230
"code/05_universal_SHAP.R",2625
"code/06_locked_scores.R",3576
"code/07_performance.R",3706
"code/08_retention.R",3375
"code/09_paired_comparisons.R",2842
"code/10_overlap_sensitivity.R",1806
"code/11_continuous_agreement.R",9974
"code/12_six_item_benchmarks.R",11469
"code/13_draw_benchmark_figure.R",9664
"code/14_SHARE_country_source.R",1836
"code/15_attrition_IPW.R",15451
"code/16_shared_five_ADL_sensitivity.R",5230
"code/17_draw_confusion_matrix.R",9362
"code/18_draw_framework.R",16032
"code/score_FI6.R",751
"documentation/attrition_scope.md",1802
"documentation/attrition_sensitivity.md",7965
"documentation/continuous_agreement.md",910
"documentation/input_specification.md",5109
"documentation/JGMS_position_and_historical_data.md",2292
"documentation/selection_benchmarks.md",4972
"documentation/supplementary_methods.md",15104
"mappings/ADL_codebook_evidence.csv",1670
"mappings/baseline_variable_metadata.csv",341163
"mappings/candidate16_encoding.csv",13968
"mappings/codebook_release_evidence.csv",610
"mappings/complete_FI_encoding.csv",86093
"mappings/FI6_reader_scoring_table.csv",8588
"mappings/incident_ADL_definition.csv",1700
"mappings/outcome_context_date_labels.csv",22289
"mappings/reference_item_mapping_all_audited.csv",86093
"mappings/source_dataset_labels.csv",561
"mappings/special_missing_codes.csv",2013
"README.md",6268
"results/actual_wave_years.csv",437
"results/approximation/Bland_Altman_binned_source.csv",197150
"results/approximation/FI6_continuous_agreement.csv",3449
"results/approximation/FI6_macro_retention.csv",183
"results/approximation/FI6_paired_prospective_retention.csv",2815
"results/approximation/training_linear_mapping.csv",705
"results/attrition/attrition_stage_by_status.csv",3069
"results/attrition/attrition_stage_counts.csv",401
"results/attrition/baseline_age_status_audit.csv",266
"results/attrition/baseline_country_retention.csv",5746
"results/attrition/baseline_retained_vs_unretained.csv",56394
"results/attrition/endoflife_death_year_linkage_aggregate.csv",3973
"results/attrition/followup_status_source_labels.csv",4699
"results/attrition/IPW_baseline_balance_diagnostics.csv",6693
"results/attrition/IPW_observability_model_coefficients.csv",9631
"results/attrition/IPW_performance_sensitivity.csv",4392
"results/attrition/IPW_SHARE_country_balance_diagnostics.csv",1557
"results/attrition/IPW_target_and_excluded_status_counts.csv",473
"results/attrition/IPW_weight_diagnostics.csv",2726
"results/attrition/preprocessed_death_classification_audit.csv",200
"results/attrition/raw_followup_status_counts.csv",1505
"results/attrition/raw_prepared_followup_status_crosscheck.csv",496
"results/attrition/SHARE_country_source_labels.csv",2615
"results/attrition/SHARE_country_status_stage.csv",14158
"results/attrition/shared_five_ADL_endpoint_comparison.csv",244
"results/attrition/shared_five_ADL_performance_sensitivity.csv",3054
"results/attrition/shared_five_ADL_sample_flow.csv",649
"results/attrition/shared_five_ADL_task_source_coding.csv",4169
"results/attrition/supplementary_mortality_field_inventory.csv",14188
"results/baseline_selection_raw_crosscheck.csv",869
"results/benchmarks/benchmark_computational_QA.csv",332
"results/benchmarks/benchmark_sample_flow.csv",1088
"results/benchmarks/Figure_S3_histogram_bins.csv",1753
"results/benchmarks/Figure_S3_PDF_font_QA.csv",108
"results/benchmarks/Figure_S3_reference_positions.csv",624
"results/benchmarks/Figure_S3_source_data.csv",195375
"results/benchmarks/independent_metric_QA.csv",13039
"results/benchmarks/random_combination_cohort_mean_distribution.csv",268923
"results/benchmarks/random_combination_distribution_summary.csv",7412
"results/benchmarks/random_six_item_combinations.csv",133979
"results/benchmarks/selected_six_item_sets.csv",709
"results/benchmarks/SHAP_vs_simple_correlation_paired_bootstrap.csv",3159
"results/benchmarks/simple_correlation_training_rankings.csv",6068
"results/benchmarks/six_item_benchmark_performance.csv",1259971
"results/benchmarks/training_heldout_separation_audit.csv",525
"results/candidate_question_coverage.csv",3425
"results/CHARLS_ADL_summary_formula_QA.csv",117
"results/code_syntax_QA.csv",518
"results/confusion_matrix/Figure_S1_cell_source_data.csv",1702
"results/confusion_matrix/Figure_S1_classification_metrics.csv",1887
"results/context_coding_audit.csv",2239
"results/eligibility_flag_reconciliation.csv",469
"results/FI_information_retention.csv",54037
"results/FI_item_number_complete_case.csv",79970
"results/FI_item_number_performance.csv",88816
"results/FI_item_stability.csv",40094
"results/FI_item_stability_matrix.csv",19789
"results/FI_optimal_item_number.csv",5788
"results/FI_optimal_item_number_summary.csv",233
"results/FI_reduction_risk_sets.csv",724
"results/FI_reduction_training_choices.csv",9497
"results/FI_universal_SHAP_rankings.csv",3779
"results/FI_universal_vs_phenotype.csv",11459
"results/FI5_SHAP_architecture.csv",487
"results/FI5_SHAP_importance.csv",29934
"results/FI6_fraction_cutoff_QA.csv",390
"results/FI6_locked_threshold_classification.csv",1828
"results/FI6_scoring_QA.txt",99
"results/final_package_QA.txt",550
"results/JGMS_reference_overlap_sensitivity.csv",945
"results/LCA_candidate_model_audit.csv",1943
"results/LCA_conditional_profiles.csv",13667
"results/LCA_fold_training_audit.csv",361
"results/LCA_training_class_sizes.csv",667
"results/package_build_QA.txt",178
"results/portable_preparation_recovery_QA.csv",415
"results/R_package_versions.csv",253
"results/R_sessionInfo.txt",994
"results/reference_coverage.csv",591
"results/reference_item_quality.csv",26259
"results/reference_summary.csv",555
"results/revision_code_syntax_QA.csv",647
