"cohort","item","n","observed","availability","unique_observed"
"HRS","q_shlt",8349,8346,0.999640675530004,5
"HRS","q_chaira",8349,8342,0.999161576236675,2
"HRS","q_climsa",8349,8301,0.994250808480058,2
"HRS","q_stoopa",8349,8279,0.991615762366751,2
"HRS","q_lifta",8349,8238,0.986704994610133,2
"HRS","q_dimea",8349,8331,0.997844053180022,2
"HRS","q_armsa",8349,8335,0.99832315247335,2
"HRS","q_dressa",8349,8345,0.999520900706671,2
"HRS","q_batha",8349,8345,0.999520900706671,2
"HRS","q_eata",8349,8342,0.999161576236675,2
"HRS","q_beda",8349,8339,0.998802251766679,2
"HRS","q_moneya",8349,8112,0.971613366870284,2
"HRS","q_medsa",8349,8331,0.997844053180022,2
"HRS","q_toilta",8349,8338,0.998682476943347,2
"HRS","q_mealsa",8349,8116,0.972092466163612,2
"HRS","q_shopa",8349,8195,0.981554677206851,2
"ELSA","q_shlt",4197,4196,0.999761734572314,5
"ELSA","q_chaira",4197,4197,1,2
"ELSA","q_climsa",4197,4197,1,2
"ELSA","q_stoopa",4197,4197,1,2
"ELSA","q_lifta",4197,4197,1,2
"ELSA","q_dimea",4197,4197,1,2
"ELSA","q_armsa",4197,4197,1,2
"ELSA","q_dressa",4197,4197,1,2
"ELSA","q_batha",4197,4197,1,2
"ELSA","q_eata",4197,4197,1,2
"ELSA","q_beda",4197,4197,1,2
"ELSA","q_moneya",4197,4197,1,2
"ELSA","q_medsa",4197,4197,1,2
"ELSA","q_toilta",4197,4197,1,2
"ELSA","q_mealsa",4197,4197,1,2
"ELSA","q_shopa",4197,4197,1,2
"SHARE","q_shlt",12560,12552,0.999363057324841,5
"SHARE","q_chaira",12560,12560,1,2
"SHARE","q_climsa",12560,12560,1,2
"SHARE","q_stoopa",12560,12560,1,2
"SHARE","q_lifta",12560,12560,1,2
"SHARE","q_dimea",12560,12560,1,2
"SHARE","q_armsa",12560,12560,1,2
"SHARE","q_dressa",12560,12560,1,2
"SHARE","q_batha",12560,12560,1,2
"SHARE","q_eata",12560,12560,1,2
"SHARE","q_beda",12560,12560,1,2
"SHARE","q_moneya",12560,12560,1,2
"SHARE","q_medsa",12560,12560,1,2
"SHARE","q_toilta",12560,12560,1,2
"SHARE","q_mealsa",12560,12560,1,2
"SHARE","q_shopa",12560,12560,1,2
"CHARLS","q_shlt",4021,4018,0.999253916936086,5
"CHARLS","q_chaira",4021,4021,1,2
"CHARLS","q_climsa",4021,3966,0.986321810494902,2
"CHARLS","q_stoopa",4021,4019,0.999502611290724,2
"CHARLS","q_lifta",4021,4011,0.997513056453619,2
"CHARLS","q_dimea",4021,4013,0.998010445162895,2
"CHARLS","q_armsa",4021,4019,0.999502611290724,2
"CHARLS","q_dressa",4021,4021,1,2
"CHARLS","q_batha",4021,4012,0.997761750808257,2
"CHARLS","q_eata",4021,4021,1,2
"CHARLS","q_beda",4021,4020,0.999751305645362,2
"CHARLS","q_moneya",4021,3981,0.990052225814474,2
"CHARLS","q_medsa",4021,4010,0.99726436209898,2
"CHARLS","q_toilta",4021,4021,1,2
"CHARLS","q_mealsa",4021,4000,0.994777418552599,2
"CHARLS","q_shopa",4021,3991,0.992539169360856,2
"MHAS","q_shlt",5827,5827,1,5
"MHAS","q_chaira",5827,5819,0.998627080830616,2
"MHAS","q_climsa",5827,5542,0.951089754590698,2
"MHAS","q_stoopa",5827,5775,0.991076025399005,2
"MHAS","q_lifta",5827,5730,0.98335335507122,2
"MHAS","q_dimea",5827,5818,0.998455465934443,2
"MHAS","q_armsa",5827,5820,0.998798695726789,2
"MHAS","q_dressa",5827,5825,0.999656770207654,2
"MHAS","q_batha",5827,5824,0.999485155311481,2
"MHAS","q_eata",5827,5822,0.999141925519135,2
"MHAS","q_beda",5827,5823,0.999313540415308,2
"MHAS","q_moneya",5827,5798,0.995023168010983,2
"MHAS","q_medsa",5827,5809,0.996910931868886,2
"MHAS","q_toilta",5827,5817,0.99828385103827,2
"MHAS","q_mealsa",5827,5581,0.957782735541445,2
"MHAS","q_shopa",5827,5696,0.977518448601339,2
