"file","parse_ok"
"00_config.R",TRUE
"01_recover_baseline.R",TRUE
"02_functions.R",TRUE
"02_prepare_complete_FI.R",TRUE
"03_candidate_bank.R",TRUE
"04_training_phenotypes_SHAP.R",TRUE
"05_universal_SHAP.R",TRUE
"06_locked_scores.R",TRUE
"07_performance.R",TRUE
"08_retention.R",TRUE
"09_paired_comparisons.R",TRUE
"10_overlap_sensitivity.R",TRUE
"audit_baseline_selection.R",TRUE
"audit_CHARLS_ADL_summary.R",TRUE
"audit_eligibility_flags.R",TRUE
"extract_source_codebooks.R",TRUE
"score_FI6.R",TRUE
