"level","group","item","n_rankings","top3","top5","top8","top3_fraction","top5_fraction","top8_fraction","mean_rank","median_rank","rank_q25","rank_q75"
"phenotype_all","all_29","q_armsa",29,0,1,25,0,0.0344827586206897,0.862068965517241,7.31034482758621,7,7,7
"phenotype_all","all_29","q_batha",29,0,0,6,0,0,0.206896551724138,11.1724137931034,11,10,13
"phenotype_all","all_29","q_beda",29,0,0,0,0,0,0,11.8620689655172,12,10,13
"phenotype_all","all_29","q_chaira",29,6,29,29,0.206896551724138,1,1,4,4,4,5
"phenotype_all","all_29","q_climsa",29,22,28,29,0.758620689655172,0.96551724137931,1,2.62068965517241,2,1,3
"phenotype_all","all_29","q_dimea",29,0,0,0,0,0,0,11.2758620689655,12,10,12
"phenotype_all","all_29","q_dressa",29,0,0,22,0,0,0.758620689655172,8.31034482758621,8,8,8
"phenotype_all","all_29","q_eata",29,0,0,0,0,0,0,15.8620689655172,16,16,16
"phenotype_all","all_29","q_lifta",29,26,29,29,0.896551724137931,1,1,1.89655172413793,2,1,2
"phenotype_all","all_29","q_mealsa",29,0,0,4,0,0,0.137931034482759,9.68965517241379,10,9,11
"phenotype_all","all_29","q_medsa",29,0,0,0,0,0,0,14.8275862068966,15,15,15
"phenotype_all","all_29","q_moneya",29,0,0,2,0,0,0.0689655172413793,11.3793103448276,12,10,13
"phenotype_all","all_29","q_shlt",29,23,29,29,0.793103448275862,1,1,2.68965517241379,3,2,3
"phenotype_all","all_29","q_shopa",29,6,8,29,0.206896551724138,0.275862068965517,1,5.13793103448276,6,5,6
"phenotype_all","all_29","q_stoopa",29,4,21,28,0.137931034482759,0.724137931034483,0.96551724137931,5.06896551724138,5,4,6
"phenotype_all","all_29","q_toilta",29,0,0,0,0,0,0,12.8965517241379,13,12,14
"universal_all","all_5","q_armsa",5,0,0,5,0,0,1,7,7,7,7
"universal_all","all_5","q_batha",5,0,0,0,0,0,0,12.8,14,13,14
"universal_all","all_5","q_beda",5,0,0,0,0,0,0,11,11,11,11
"universal_all","all_5","q_chaira",5,2,5,5,0.4,1,1,3.6,4,3,4
"universal_all","all_5","q_climsa",5,5,5,5,1,1,1,2,2,2,2
"universal_all","all_5","q_dimea",5,0,0,0,0,0,0,10.2,10,9,10
"universal_all","all_5","q_dressa",5,0,0,5,0,0,1,8,8,8,8
"universal_all","all_5","q_eata",5,0,0,0,0,0,0,16,16,16,16
"universal_all","all_5","q_lifta",5,5,5,5,1,1,1,1,1,1,1
"universal_all","all_5","q_mealsa",5,0,0,0,0,0,0,10,10,9,11
"universal_all","all_5","q_medsa",5,0,0,0,0,0,0,15,15,15,15
"universal_all","all_5","q_moneya",5,0,0,0,0,0,0,12.2,12,12,13
"universal_all","all_5","q_shlt",5,3,5,5,0.6,1,1,3.4,3,3,4
"universal_all","all_5","q_shopa",5,0,0,5,0,0,1,6,6,6,6
"universal_all","all_5","q_stoopa",5,0,5,5,0,1,1,5,5,5,5
"universal_all","all_5","q_toilta",5,0,0,0,0,0,0,12.8,13,12,13
"heldout_fold","HRS","q_armsa",6,0,0,6,0,0,1,7.33333333333333,7,7,7.75
"heldout_fold","HRS","q_batha",6,0,0,0,0,0,0,12.1666666666667,12.5,10.5,13.75
"heldout_fold","HRS","q_beda",6,0,0,0,0,0,0,12,12,11,13
"heldout_fold","HRS","q_chaira",6,2,6,6,0.333333333333333,1,1,4,4,3.25,4.75
"heldout_fold","HRS","q_climsa",6,4,6,6,0.666666666666667,1,1,2.5,2,1.25,3.5
"heldout_fold","HRS","q_dimea",6,0,0,0,0,0,0,10.6666666666667,10.5,10,11.75
"heldout_fold","HRS","q_dressa",6,0,0,6,0,0,1,7.66666666666667,8,7.25,8
"heldout_fold","HRS","q_eata",6,0,0,0,0,0,0,16,16,16,16
"heldout_fold","HRS","q_lifta",6,5,6,6,0.833333333333333,1,1,2.5,2,2,2.75
"heldout_fold","HRS","q_mealsa",6,0,0,0,0,0,0,9.33333333333333,9,9,9.75
"heldout_fold","HRS","q_medsa",6,0,0,0,0,0,0,14.8333333333333,15,15,15
"heldout_fold","HRS","q_moneya",6,0,0,0,0,0,0,12.3333333333333,12.5,11.25,13
"heldout_fold","HRS","q_shlt",6,4,6,6,0.666666666666667,1,1,2.66666666666667,3,1.5,3.75
"heldout_fold","HRS","q_shopa",6,1,1,6,0.166666666666667,0.166666666666667,1,5.16666666666667,6,6,6
"heldout_fold","HRS","q_stoopa",6,2,5,6,0.333333333333333,0.833333333333333,1,4.16666666666667,4.5,3.25,5
"heldout_fold","HRS","q_toilta",6,0,0,0,0,0,0,12.6666666666667,12.5,12,13.75
"heldout_fold","ELSA","q_armsa",6,0,1,5,0,0.166666666666667,0.833333333333333,7.16666666666667,7,7,7
"heldout_fold","ELSA","q_batha",6,0,0,1,0,0,0.166666666666667,12,12.5,11.25,13.75
"heldout_fold","ELSA","q_beda",6,0,0,0,0,0,0,12.1666666666667,12,11,13.75
"heldout_fold","ELSA","q_chaira",6,1,6,6,0.166666666666667,1,1,4,4,4,4.75
"heldout_fold","ELSA","q_climsa",6,4,5,6,0.666666666666667,0.833333333333333,1,3.33333333333333,3,2.25,4.5
"heldout_fold","ELSA","q_dimea",6,0,0,0,0,0,0,11,11,9.25,12.75
"heldout_fold","ELSA","q_dressa",6,0,0,5,0,0,0.833333333333333,8,8,8,8
"heldout_fold","ELSA","q_eata",6,0,0,0,0,0,0,16,16,16,16
"heldout_fold","ELSA","q_lifta",6,5,6,6,0.833333333333333,1,1,1.83333333333333,1.5,1,2
"heldout_fold","ELSA","q_mealsa",6,0,0,1,0,0,0.166666666666667,9.33333333333333,9.5,9,10
"heldout_fold","ELSA","q_medsa",6,0,0,0,0,0,0,14.8333333333333,15,15,15
"heldout_fold","ELSA","q_moneya",6,0,0,1,0,0,0.166666666666667,11.5,12,10.5,12.75
"heldout_fold","ELSA","q_shlt",6,4,6,6,0.666666666666667,1,1,2.83333333333333,3,2.25,3.75
"heldout_fold","ELSA","q_shopa",6,2,2,6,0.333333333333333,0.333333333333333,1,4.66666666666667,6,3.75,6
"heldout_fold","ELSA","q_stoopa",6,2,4,5,0.333333333333333,0.666666666666667,0.833333333333333,5,5,3.5,5.75
"heldout_fold","ELSA","q_toilta",6,0,0,0,0,0,0,12.3333333333333,12,11.25,12.75
"heldout_fold","SHARE","q_armsa",5,0,0,5,0,0,1,6.6,6,6,7
"heldout_fold","SHARE","q_batha",5,0,0,0,0,0,0,12,13,10,13
"heldout_fold","SHARE","q_beda",5,0,0,0,0,0,0,11,10,10,12
"heldout_fold","SHARE","q_chaira",5,1,5,5,0.2,1,1,4,4,4,4
"heldout_fold","SHARE","q_climsa",5,4,5,5,0.8,1,1,2,1,1,2
"heldout_fold","SHARE","q_dimea",5,0,0,0,0,0,0,11,12,10,12
"heldout_fold","SHARE","q_dressa",5,0,0,3,0,0,0.6,9,8,8,9
"heldout_fold","SHARE","q_eata",5,0,0,0,0,0,0,15.8,16,16,16
"heldout_fold","SHARE","q_lifta",5,4,5,5,0.8,1,1,2.2,2,1,3
"heldout_fold","SHARE","q_mealsa",5,0,0,2,0,0,0.4,9.4,10,8,11
"heldout_fold","SHARE","q_medsa",5,0,0,0,0,0,0,15,15,15,15
"heldout_fold","SHARE","q_moneya",5,0,0,0,0,0,0,12.2,13,11,14
"heldout_fold","SHARE","q_shlt",5,5,5,5,1,1,1,2.4,2,2,3
"heldout_fold","SHARE","q_shopa",5,1,1,5,0.2,0.2,1,5.8,6,6,7
"heldout_fold","SHARE","q_stoopa",5,0,4,5,0,0.8,1,5.4,5,5,5
"heldout_fold","SHARE","q_toilta",5,0,0,0,0,0,0,12.2,12,11,13
"heldout_fold","CHARLS","q_armsa",6,0,0,5,0,0,0.833333333333333,7.16666666666667,7,7,7
"heldout_fold","CHARLS","q_batha",6,0,0,0,0,0,0,11.8333333333333,11,11,13.25
"heldout_fold","CHARLS","q_beda",6,0,0,0,0,0,0,11.3333333333333,11,10,12.75
"heldout_fold","CHARLS","q_chaira",6,1,6,6,0.166666666666667,1,1,3.83333333333333,4,4,4
"heldout_fold","CHARLS","q_climsa",6,5,6,6,0.833333333333333,1,1,2.66666666666667,2.5,2,3
"heldout_fold","CHARLS","q_dimea",6,0,0,0,0,0,0,10.5,10.5,9,12
"heldout_fold","CHARLS","q_dressa",6,0,0,6,0,0,1,7.66666666666667,8,7.25,8
"heldout_fold","CHARLS","q_eata",6,0,0,0,0,0,0,15.8333333333333,16,16,16
"heldout_fold","CHARLS","q_lifta",6,6,6,6,1,1,1,1.33333333333333,1,1,1.75
"heldout_fold","CHARLS","q_mealsa",6,0,0,0,0,0,0,10.8333333333333,11,10.25,11
"heldout_fold","CHARLS","q_medsa",6,0,0,0,0,0,0,14.8333333333333,15,15,15
"heldout_fold","CHARLS","q_moneya",6,0,0,1,0,0,0.166666666666667,11.1666666666667,11,10,12.75
"heldout_fold","CHARLS","q_shlt",6,5,6,6,0.833333333333333,1,1,3,3,3,3
"heldout_fold","CHARLS","q_shopa",6,1,2,6,0.166666666666667,0.333333333333333,1,5,6,5.25,6
"heldout_fold","CHARLS","q_stoopa",6,0,4,6,0,0.666666666666667,1,5.5,5,5,5.75
"heldout_fold","CHARLS","q_toilta",6,0,0,0,0,0,0,13.5,13,13,13.75
"heldout_fold","MHAS","q_armsa",6,0,0,4,0,0,0.666666666666667,8.16666666666667,7,7,9.25
"heldout_fold","MHAS","q_batha",6,0,0,5,0,0,0.833333333333333,8,8,7.25,8
"heldout_fold","MHAS","q_beda",6,0,0,0,0,0,0,12.6666666666667,12.5,12,13
"heldout_fold","MHAS","q_chaira",6,1,6,6,0.166666666666667,1,1,4.16666666666667,4.5,4,5
"heldout_fold","MHAS","q_climsa",6,5,6,6,0.833333333333333,1,1,2.5,2.5,1.25,3
"heldout_fold","MHAS","q_dimea",6,0,0,0,0,0,0,13.1666666666667,13,13,13.75
"heldout_fold","MHAS","q_dressa",6,0,0,2,0,0,0.333333333333333,9.33333333333333,9,8.25,10.5
"heldout_fold","MHAS","q_eata",6,0,0,0,0,0,0,15.6666666666667,16,16,16
"heldout_fold","MHAS","q_lifta",6,6,6,6,1,1,1,1.66666666666667,1.5,1,2
"heldout_fold","MHAS","q_mealsa",6,0,0,1,0,0,0.166666666666667,9.5,10,9.25,10
"heldout_fold","MHAS","q_medsa",6,0,0,0,0,0,0,14.6666666666667,15,14.25,15
"heldout_fold","MHAS","q_moneya",6,0,0,0,0,0,0,9.83333333333333,9.5,9,10
"heldout_fold","MHAS","q_shlt",6,5,6,6,0.833333333333333,1,1,2.5,2.5,2,3
"heldout_fold","MHAS","q_shopa",6,1,2,6,0.166666666666667,0.333333333333333,1,5.16666666666667,6,4.5,6
"heldout_fold","MHAS","q_stoopa",6,0,4,6,0,0.666666666666667,1,5.33333333333333,5,4.25,5.75
"heldout_fold","MHAS","q_toilta",6,0,0,0,0,0,0,13.6666666666667,13.5,12.25,14.75
"universal_fold","HRS","q_armsa",1,0,0,1,0,0,1,7,7,7,7
"universal_fold","HRS","q_batha",1,0,0,0,0,0,0,13,13,13,13
"universal_fold","HRS","q_beda",1,0,0,0,0,0,0,11,11,11,11
"universal_fold","HRS","q_chaira",1,0,1,1,0,1,1,4,4,4,4
"universal_fold","HRS","q_climsa",1,1,1,1,1,1,1,2,2,2,2
"universal_fold","HRS","q_dimea",1,0,0,0,0,0,0,10,10,10,10
"universal_fold","HRS","q_dressa",1,0,0,1,0,0,1,8,8,8,8
"universal_fold","HRS","q_eata",1,0,0,0,0,0,0,16,16,16,16
"universal_fold","HRS","q_lifta",1,1,1,1,1,1,1,1,1,1,1
"universal_fold","HRS","q_mealsa",1,0,0,0,0,0,0,9,9,9,9
"universal_fold","HRS","q_medsa",1,0,0,0,0,0,0,15,15,15,15
"universal_fold","HRS","q_moneya",1,0,0,0,0,0,0,14,14,14,14
"universal_fold","HRS","q_shlt",1,1,1,1,1,1,1,3,3,3,3
"universal_fold","HRS","q_shopa",1,0,0,1,0,0,1,6,6,6,6
"universal_fold","HRS","q_stoopa",1,0,1,1,0,1,1,5,5,5,5
"universal_fold","HRS","q_toilta",1,0,0,0,0,0,0,12,12,12,12
"universal_fold","ELSA","q_armsa",1,0,0,1,0,0,1,7,7,7,7
"universal_fold","ELSA","q_batha",1,0,0,0,0,0,0,14,14,14,14
"universal_fold","ELSA","q_beda",1,0,0,0,0,0,0,11,11,11,11
"universal_fold","ELSA","q_chaira",1,1,1,1,1,1,1,3,3,3,3
"universal_fold","ELSA","q_climsa",1,1,1,1,1,1,1,2,2,2,2
"universal_fold","ELSA","q_dimea",1,0,0,0,0,0,0,10,10,10,10
"universal_fold","ELSA","q_dressa",1,0,0,1,0,0,1,8,8,8,8
"universal_fold","ELSA","q_eata",1,0,0,0,0,0,0,16,16,16,16
"universal_fold","ELSA","q_lifta",1,1,1,1,1,1,1,1,1,1,1
"universal_fold","ELSA","q_mealsa",1,0,0,0,0,0,0,9,9,9,9
"universal_fold","ELSA","q_medsa",1,0,0,0,0,0,0,15,15,15,15
"universal_fold","ELSA","q_moneya",1,0,0,0,0,0,0,12,12,12,12
"universal_fold","ELSA","q_shlt",1,0,1,1,0,1,1,4,4,4,4
"universal_fold","ELSA","q_shopa",1,0,0,1,0,0,1,6,6,6,6
"universal_fold","ELSA","q_stoopa",1,0,1,1,0,1,1,5,5,5,5
"universal_fold","ELSA","q_toilta",1,0,0,0,0,0,0,13,13,13,13
"universal_fold","SHARE","q_armsa",1,0,0,1,0,0,1,7,7,7,7
"universal_fold","SHARE","q_batha",1,0,0,0,0,0,0,14,14,14,14
"universal_fold","SHARE","q_beda",1,0,0,0,0,0,0,11,11,11,11
"universal_fold","SHARE","q_chaira",1,0,1,1,0,1,1,4,4,4,4
"universal_fold","SHARE","q_climsa",1,1,1,1,1,1,1,2,2,2,2
"universal_fold","SHARE","q_dimea",1,0,0,0,0,0,0,9,9,9,9
"universal_fold","SHARE","q_dressa",1,0,0,1,0,0,1,8,8,8,8
"universal_fold","SHARE","q_eata",1,0,0,0,0,0,0,16,16,16,16
"universal_fold","SHARE","q_lifta",1,1,1,1,1,1,1,1,1,1,1
"universal_fold","SHARE","q_mealsa",1,0,0,0,0,0,0,10,10,10,10
"universal_fold","SHARE","q_medsa",1,0,0,0,0,0,0,15,15,15,15
"universal_fold","SHARE","q_moneya",1,0,0,0,0,0,0,13,13,13,13
"universal_fold","SHARE","q_shlt",1,1,1,1,1,1,1,3,3,3,3
"universal_fold","SHARE","q_shopa",1,0,0,1,0,0,1,6,6,6,6
"universal_fold","SHARE","q_stoopa",1,0,1,1,0,1,1,5,5,5,5
"universal_fold","SHARE","q_toilta",1,0,0,0,0,0,0,12,12,12,12
"universal_fold","CHARLS","q_armsa",1,0,0,1,0,0,1,7,7,7,7
"universal_fold","CHARLS","q_batha",1,0,0,0,0,0,0,14,14,14,14
"universal_fold","CHARLS","q_beda",1,0,0,0,0,0,0,10,10,10,10
"universal_fold","CHARLS","q_chaira",1,0,1,1,0,1,1,4,4,4,4
"universal_fold","CHARLS","q_climsa",1,1,1,1,1,1,1,2,2,2,2
"universal_fold","CHARLS","q_dimea",1,0,0,0,0,0,0,9,9,9,9
"universal_fold","CHARLS","q_dressa",1,0,0,1,0,0,1,8,8,8,8
"universal_fold","CHARLS","q_eata",1,0,0,0,0,0,0,16,16,16,16
"universal_fold","CHARLS","q_lifta",1,1,1,1,1,1,1,1,1,1,1
"universal_fold","CHARLS","q_mealsa",1,0,0,0,0,0,0,11,11,11,11
"universal_fold","CHARLS","q_medsa",1,0,0,0,0,0,0,15,15,15,15
"universal_fold","CHARLS","q_moneya",1,0,0,0,0,0,0,12,12,12,12
"universal_fold","CHARLS","q_shlt",1,1,1,1,1,1,1,3,3,3,3
"universal_fold","CHARLS","q_shopa",1,0,0,1,0,0,1,6,6,6,6
"universal_fold","CHARLS","q_stoopa",1,0,1,1,0,1,1,5,5,5,5
"universal_fold","CHARLS","q_toilta",1,0,0,0,0,0,0,13,13,13,13
"universal_fold","MHAS","q_armsa",1,0,0,1,0,0,1,7,7,7,7
"universal_fold","MHAS","q_batha",1,0,0,0,0,0,0,9,9,9,9
"universal_fold","MHAS","q_beda",1,0,0,0,0,0,0,12,12,12,12
"universal_fold","MHAS","q_chaira",1,1,1,1,1,1,1,3,3,3,3
"universal_fold","MHAS","q_climsa",1,1,1,1,1,1,1,2,2,2,2
"universal_fold","MHAS","q_dimea",1,0,0,0,0,0,0,13,13,13,13
"universal_fold","MHAS","q_dressa",1,0,0,1,0,0,1,8,8,8,8
"universal_fold","MHAS","q_eata",1,0,0,0,0,0,0,16,16,16,16
"universal_fold","MHAS","q_lifta",1,1,1,1,1,1,1,1,1,1,1
"universal_fold","MHAS","q_mealsa",1,0,0,0,0,0,0,11,11,11,11
"universal_fold","MHAS","q_medsa",1,0,0,0,0,0,0,15,15,15,15
"universal_fold","MHAS","q_moneya",1,0,0,0,0,0,0,10,10,10,10
"universal_fold","MHAS","q_shlt",1,0,1,1,0,1,1,4,4,4,4
"universal_fold","MHAS","q_shopa",1,0,0,1,0,0,1,6,6,6,6
"universal_fold","MHAS","q_stoopa",1,0,1,1,0,1,1,5,5,5,5
"universal_fold","MHAS","q_toilta",1,0,0,0,0,0,0,14,14,14,14
"phenotype","HRS_P1","q_armsa",1,0,0,1,0,0,1,8,8,8,8
"phenotype","HRS_P1","q_batha",1,0,0,0,0,0,0,10,10,10,10
"phenotype","HRS_P1","q_beda",1,0,0,0,0,0,0,13,13,13,13
"phenotype","HRS_P1","q_chaira",1,0,1,1,0,1,1,5,5,5,5
"phenotype","HRS_P1","q_climsa",1,0,1,1,0,1,1,4,4,4,4
"phenotype","HRS_P1","q_dimea",1,0,0,0,0,0,0,12,12,12,12
"phenotype","HRS_P1","q_dressa",1,0,0,1,0,0,1,7,7,7,7
"phenotype","HRS_P1","q_eata",1,0,0,0,0,0,0,16,16,16,16
"phenotype","HRS_P1","q_lifta",1,1,1,1,1,1,1,3,3,3,3
"phenotype","HRS_P1","q_mealsa",1,0,0,0,0,0,0,9,9,9,9
"phenotype","HRS_P1","q_medsa",1,0,0,0,0,0,0,15,15,15,15
"phenotype","HRS_P1","q_moneya",1,0,0,0,0,0,0,11,11,11,11
"phenotype","HRS_P1","q_shlt",1,1,1,1,1,1,1,1,1,1,1
"phenotype","HRS_P1","q_shopa",1,0,0,1,0,0,1,6,6,6,6
"phenotype","HRS_P1","q_stoopa",1,1,1,1,1,1,1,2,2,2,2
"phenotype","HRS_P1","q_toilta",1,0,0,0,0,0,0,14,14,14,14
"phenotype","HRS_P2","q_armsa",1,0,0,1,0,0,1,7,7,7,7
"phenotype","HRS_P2","q_batha",1,0,0,0,0,0,0,12,12,12,12
"phenotype","HRS_P2","q_beda",1,0,0,0,0,0,0,15,15,15,15
"phenotype","HRS_P2","q_chaira",1,0,1,1,0,1,1,4,4,4,4
"phenotype","HRS_P2","q_climsa",1,1,1,1,1,1,1,2,2,2,2
"phenotype","HRS_P2","q_dimea",1,0,0,0,0,0,0,10,10,10,10
"phenotype","HRS_P2","q_dressa",1,0,0,1,0,0,1,8,8,8,8
"phenotype","HRS_P2","q_eata",1,0,0,0,0,0,0,16,16,16,16
"phenotype","HRS_P2","q_lifta",1,0,1,1,0,1,1,5,5,5,5
"phenotype","HRS_P2","q_mealsa",1,0,0,0,0,0,0,9,9,9,9
"phenotype","HRS_P2","q_medsa",1,0,0,0,0,0,0,14,14,14,14
"phenotype","HRS_P2","q_moneya",1,0,0,0,0,0,0,13,13,13,13
"phenotype","HRS_P2","q_shlt",1,1,1,1,1,1,1,1,1,1,1
"phenotype","HRS_P2","q_shopa",1,0,0,1,0,0,1,6,6,6,6
"phenotype","HRS_P2","q_stoopa",1,1,1,1,1,1,1,3,3,3,3
"phenotype","HRS_P2","q_toilta",1,0,0,0,0,0,0,11,11,11,11
"phenotype","HRS_P3","q_armsa",1,0,0,1,0,0,1,8,8,8,8
"phenotype","HRS_P3","q_batha",1,0,0,0,0,0,0,10,10,10,10
"phenotype","HRS_P3","q_beda",1,0,0,0,0,0,0,13,13,13,13
"phenotype","HRS_P3","q_chaira",1,0,1,1,0,1,1,5,5,5,5
"phenotype","HRS_P3","q_climsa",1,1,1,1,1,1,1,1,1,1,1
"phenotype","HRS_P3","q_dimea",1,0,0,0,0,0,0,12,12,12,12
"phenotype","HRS_P3","q_dressa",1,0,0,1,0,0,1,7,7,7,7
"phenotype","HRS_P3","q_eata",1,0,0,0,0,0,0,16,16,16,16
"phenotype","HRS_P3","q_lifta",1,1,1,1,1,1,1,2,2,2,2
"phenotype","HRS_P3","q_mealsa",1,0,0,0,0,0,0,9,9,9,9
"phenotype","HRS_P3","q_medsa",1,0,0,0,0,0,0,15,15,15,15
"phenotype","HRS_P3","q_moneya",1,0,0,0,0,0,0,11,11,11,11
"phenotype","HRS_P3","q_shlt",1,1,1,1,1,1,1,3,3,3,3
"phenotype","HRS_P3","q_shopa",1,0,0,1,0,0,1,6,6,6,6
"phenotype","HRS_P3","q_stoopa",1,0,1,1,0,1,1,4,4,4,4
"phenotype","HRS_P3","q_toilta",1,0,0,0,0,0,0,14,14,14,14
"phenotype","HRS_P4","q_armsa",1,0,0,1,0,0,1,7,7,7,7
"phenotype","HRS_P4","q_batha",1,0,0,0,0,0,0,13,13,13,13
"phenotype","HRS_P4","q_beda",1,0,0,0,0,0,0,9,9,9,9
"phenotype","HRS_P4","q_chaira",1,1,1,1,1,1,1,3,3,3,3
"phenotype","HRS_P4","q_climsa",1,0,1,1,0,1,1,5,5,5,5
"phenotype","HRS_P4","q_dimea",1,0,0,0,0,0,0,11,11,11,11
"phenotype","HRS_P4","q_dressa",1,0,0,1,0,0,1,8,8,8,8
"phenotype","HRS_P4","q_eata",1,0,0,0,0,0,0,16,16,16,16
"phenotype","HRS_P4","q_lifta",1,1,1,1,1,1,1,2,2,2,2
"phenotype","HRS_P4","q_mealsa",1,0,0,0,0,0,0,10,10,10,10
"phenotype","HRS_P4","q_medsa",1,0,0,0,0,0,0,15,15,15,15
"phenotype","HRS_P4","q_moneya",1,0,0,0,0,0,0,14,14,14,14
"phenotype","HRS_P4","q_shlt",1,0,1,1,0,1,1,4,4,4,4
"phenotype","HRS_P4","q_shopa",1,1,1,1,1,1,1,1,1,1,1
"phenotype","HRS_P4","q_stoopa",1,0,0,1,0,0,1,6,6,6,6
"phenotype","HRS_P4","q_toilta",1,0,0,0,0,0,0,12,12,12,12
"phenotype","HRS_P5","q_armsa",1,0,0,1,0,0,1,7,7,7,7
"phenotype","HRS_P5","q_batha",1,0,0,0,0,0,0,14,14,14,14
"phenotype","HRS_P5","q_beda",1,0,0,0,0,0,0,11,11,11,11
"phenotype","HRS_P5","q_chaira",1,1,1,1,1,1,1,3,3,3,3
"phenotype","HRS_P5","q_climsa",1,1,1,1,1,1,1,2,2,2,2
"phenotype","HRS_P5","q_dimea",1,0,0,0,0,0,0,9,9,9,9
"phenotype","HRS_P5","q_dressa",1,0,0,1,0,0,1,8,8,8,8
"phenotype","HRS_P5","q_eata",1,0,0,0,0,0,0,16,16,16,16
"phenotype","HRS_P5","q_lifta",1,1,1,1,1,1,1,1,1,1,1
"phenotype","HRS_P5","q_mealsa",1,0,0,0,0,0,0,10,10,10,10
"phenotype","HRS_P5","q_medsa",1,0,0,0,0,0,0,15,15,15,15
"phenotype","HRS_P5","q_moneya",1,0,0,0,0,0,0,13,13,13,13
"phenotype","HRS_P5","q_shlt",1,0,1,1,0,1,1,4,4,4,4
"phenotype","HRS_P5","q_shopa",1,0,0,1,0,0,1,6,6,6,6
"phenotype","HRS_P5","q_stoopa",1,0,1,1,0,1,1,5,5,5,5
"phenotype","HRS_P5","q_toilta",1,0,0,0,0,0,0,12,12,12,12
"phenotype","HRS_P6","q_armsa",1,0,0,1,0,0,1,7,7,7,7
"phenotype","HRS_P6","q_batha",1,0,0,0,0,0,0,14,14,14,14
"phenotype","HRS_P6","q_beda",1,0,0,0,0,0,0,11,11,11,11
"phenotype","HRS_P6","q_chaira",1,0,1,1,0,1,1,4,4,4,4
"phenotype","HRS_P6","q_climsa",1,1,1,1,1,1,1,1,1,1,1
"phenotype","HRS_P6","q_dimea",1,0,0,0,0,0,0,10,10,10,10
"phenotype","HRS_P6","q_dressa",1,0,0,1,0,0,1,8,8,8,8
"phenotype","HRS_P6","q_eata",1,0,0,0,0,0,0,16,16,16,16
"phenotype","HRS_P6","q_lifta",1,1,1,1,1,1,1,2,2,2,2
"phenotype","HRS_P6","q_mealsa",1,0,0,0,0,0,0,9,9,9,9
"phenotype","HRS_P6","q_medsa",1,0,0,0,0,0,0,15,15,15,15
"phenotype","HRS_P6","q_moneya",1,0,0,0,0,0,0,12,12,12,12
"phenotype","HRS_P6","q_shlt",1,1,1,1,1,1,1,3,3,3,3
"phenotype","HRS_P6","q_shopa",1,0,0,1,0,0,1,6,6,6,6
"phenotype","HRS_P6","q_stoopa",1,0,1,1,0,1,1,5,5,5,5
"phenotype","HRS_P6","q_toilta",1,0,0,0,0,0,0,13,13,13,13
"phenotype","ELSA_P1","q_armsa",1,0,0,1,0,0,1,7,7,7,7
"phenotype","ELSA_P1","q_batha",1,0,0,0,0,0,0,14,14,14,14
"phenotype","ELSA_P1","q_beda",1,0,0,0,0,0,0,11,11,11,11
"phenotype","ELSA_P1","q_chaira",1,1,1,1,1,1,1,2,2,2,2
"phenotype","ELSA_P1","q_climsa",1,1,1,1,1,1,1,3,3,3,3
"phenotype","ELSA_P1","q_dimea",1,0,0,0,0,0,0,9,9,9,9
"phenotype","ELSA_P1","q_dressa",1,0,0,1,0,0,1,8,8,8,8
"phenotype","ELSA_P1","q_eata",1,0,0,0,0,0,0,16,16,16,16
"phenotype","ELSA_P1","q_lifta",1,1,1,1,1,1,1,1,1,1,1
"phenotype","ELSA_P1","q_mealsa",1,0,0,0,0,0,0,10,10,10,10
"phenotype","ELSA_P1","q_medsa",1,0,0,0,0,0,0,15,15,15,15
"phenotype","ELSA_P1","q_moneya",1,0,0,0,0,0,0,13,13,13,13
"phenotype","ELSA_P1","q_shlt",1,0,1,1,0,1,1,4,4,4,4
"phenotype","ELSA_P1","q_shopa",1,0,0,1,0,0,1,6,6,6,6
"phenotype","ELSA_P1","q_stoopa",1,0,1,1,0,1,1,5,5,5,5
"phenotype","ELSA_P1","q_toilta",1,0,0,0,0,0,0,12,12,12,12
"phenotype","ELSA_P2","q_armsa",1,0,0,1,0,0,1,7,7,7,7
"phenotype","ELSA_P2","q_batha",1,0,0,0,0,0,0,12,12,12,12
"phenotype","ELSA_P2","q_beda",1,0,0,0,0,0,0,14,14,14,14
"phenotype","ELSA_P2","q_chaira",1,0,1,1,0,1,1,5,5,5,5
"phenotype","ELSA_P2","q_climsa",1,1,1,1,1,1,1,1,1,1,1
"phenotype","ELSA_P2","q_dimea",1,0,0,0,0,0,0,13,13,13,13
"phenotype","ELSA_P2","q_dressa",1,0,0,1,0,0,1,8,8,8,8
"phenotype","ELSA_P2","q_eata",1,0,0,0,0,0,0,16,16,16,16
"phenotype","ELSA_P2","q_lifta",1,1,1,1,1,1,1,2,2,2,2
"phenotype","ELSA_P2","q_mealsa",1,0,0,0,0,0,0,9,9,9,9
"phenotype","ELSA_P2","q_medsa",1,0,0,0,0,0,0,15,15,15,15
"phenotype","ELSA_P2","q_moneya",1,0,0,0,0,0,0,10,10,10,10
"phenotype","ELSA_P2","q_shlt",1,0,1,1,0,1,1,4,4,4,4
"phenotype","ELSA_P2","q_shopa",1,0,0,1,0,0,1,6,6,6,6
"phenotype","ELSA_P2","q_stoopa",1,1,1,1,1,1,1,3,3,3,3
"phenotype","ELSA_P2","q_toilta",1,0,0,0,0,0,0,11,11,11,11
"phenotype","ELSA_P3","q_armsa",1,0,1,1,0,1,1,5,5,5,5
"phenotype","ELSA_P3","q_batha",1,0,0,1,0,0,1,8,8,8,8
"phenotype","ELSA_P3","q_beda",1,0,0,0,0,0,0,10,10,10,10
"phenotype","ELSA_P3","q_chaira",1,0,1,1,0,1,1,4,4,4,4
"phenotype","ELSA_P3","q_climsa",1,0,0,1,0,0,1,6,6,6,6
"phenotype","ELSA_P3","q_dimea",1,0,0,0,0,0,0,13,13,13,13
"phenotype","ELSA_P3","q_dressa",1,0,0,1,0,0,1,7,7,7,7
"phenotype","ELSA_P3","q_eata",1,0,0,0,0,0,0,16,16,16,16
"phenotype","ELSA_P3","q_lifta",1,1,1,1,1,1,1,2,2,2,2
"phenotype","ELSA_P3","q_mealsa",1,0,0,0,0,0,0,11,11,11,11
"phenotype","ELSA_P3","q_medsa",1,0,0,0,0,0,0,15,15,15,15
"phenotype","ELSA_P3","q_moneya",1,0,0,0,0,0,0,14,14,14,14
"phenotype","ELSA_P3","q_shlt",1,1,1,1,1,1,1,3,3,3,3
"phenotype","ELSA_P3","q_shopa",1,1,1,1,1,1,1,1,1,1,1
"phenotype","ELSA_P3","q_stoopa",1,0,0,0,0,0,0,9,9,9,9
"phenotype","ELSA_P3","q_toilta",1,0,0,0,0,0,0,12,12,12,12
"phenotype","ELSA_P4","q_armsa",1,0,0,1,0,0,1,7,7,7,7
"phenotype","ELSA_P4","q_batha",1,0,0,0,0,0,0,13,13,13,13
"phenotype","ELSA_P4","q_beda",1,0,0,0,0,0,0,14,14,14,14
"phenotype","ELSA_P4","q_chaira",1,0,1,1,0,1,1,5,5,5,5
"phenotype","ELSA_P4","q_climsa",1,1,1,1,1,1,1,3,3,3,3
"phenotype","ELSA_P4","q_dimea",1,0,0,0,0,0,0,9,9,9,9
"phenotype","ELSA_P4","q_dressa",1,0,0,1,0,0,1,8,8,8,8
"phenotype","ELSA_P4","q_eata",1,0,0,0,0,0,0,16,16,16,16
"phenotype","ELSA_P4","q_lifta",1,0,1,1,0,1,1,4,4,4,4
"phenotype","ELSA_P4","q_mealsa",1,0,0,0,0,0,0,10,10,10,10
"phenotype","ELSA_P4","q_medsa",1,0,0,0,0,0,0,15,15,15,15
"phenotype","ELSA_P4","q_moneya",1,0,0,0,0,0,0,12,12,12,12
"phenotype","ELSA_P4","q_shlt",1,1,1,1,1,1,1,1,1,1,1
"phenotype","ELSA_P4","q_shopa",1,0,0,1,0,0,1,6,6,6,6
"phenotype","ELSA_P4","q_stoopa",1,1,1,1,1,1,1,2,2,2,2
"phenotype","ELSA_P4","q_toilta",1,0,0,0,0,0,0,11,11,11,11
"phenotype","ELSA_P5","q_armsa",1,0,0,0,0,0,0,10,10,10,10
"phenotype","ELSA_P5","q_batha",1,0,0,0,0,0,0,11,11,11,11
"phenotype","ELSA_P5","q_beda",1,0,0,0,0,0,0,13,13,13,13
"phenotype","ELSA_P5","q_chaira",1,0,1,1,0,1,1,4,4,4,4
"phenotype","ELSA_P5","q_climsa",1,0,1,1,0,1,1,5,5,5,5
"phenotype","ELSA_P5","q_dimea",1,0,0,0,0,0,0,12,12,12,12
"phenotype","ELSA_P5","q_dressa",1,0,0,0,0,0,0,9,9,9,9
"phenotype","ELSA_P5","q_eata",1,0,0,0,0,0,0,16,16,16,16
"phenotype","ELSA_P5","q_lifta",1,1,1,1,1,1,1,1,1,1,1
"phenotype","ELSA_P5","q_mealsa",1,0,0,1,0,0,1,7,7,7,7
"phenotype","ELSA_P5","q_medsa",1,0,0,0,0,0,0,14,14,14,14
"phenotype","ELSA_P5","q_moneya",1,0,0,1,0,0,1,8,8,8,8
"phenotype","ELSA_P5","q_shlt",1,1,1,1,1,1,1,2,2,2,2
"phenotype","ELSA_P5","q_shopa",1,1,1,1,1,1,1,3,3,3,3
"phenotype","ELSA_P5","q_stoopa",1,0,0,1,0,0,1,6,6,6,6
"phenotype","ELSA_P5","q_toilta",1,0,0,0,0,0,0,15,15,15,15
"phenotype","ELSA_P6","q_armsa",1,0,0,1,0,0,1,7,7,7,7
"phenotype","ELSA_P6","q_batha",1,0,0,0,0,0,0,14,14,14,14
"phenotype","ELSA_P6","q_beda",1,0,0,0,0,0,0,11,11,11,11
"phenotype","ELSA_P6","q_chaira",1,0,1,1,0,1,1,4,4,4,4
"phenotype","ELSA_P6","q_climsa",1,1,1,1,1,1,1,2,2,2,2
"phenotype","ELSA_P6","q_dimea",1,0,0,0,0,0,0,10,10,10,10
"phenotype","ELSA_P6","q_dressa",1,0,0,1,0,0,1,8,8,8,8
"phenotype","ELSA_P6","q_eata",1,0,0,0,0,0,0,16,16,16,16
"phenotype","ELSA_P6","q_lifta",1,1,1,1,1,1,1,1,1,1,1
"phenotype","ELSA_P6","q_mealsa",1,0,0,0,0,0,0,9,9,9,9
"phenotype","ELSA_P6","q_medsa",1,0,0,0,0,0,0,15,15,15,15
"phenotype","ELSA_P6","q_moneya",1,0,0,0,0,0,0,12,12,12,12
"phenotype","ELSA_P6","q_shlt",1,1,1,1,1,1,1,3,3,3,3
"phenotype","ELSA_P6","q_shopa",1,0,0,1,0,0,1,6,6,6,6
"phenotype","ELSA_P6","q_stoopa",1,0,1,1,0,1,1,5,5,5,5
"phenotype","ELSA_P6","q_toilta",1,0,0,0,0,0,0,13,13,13,13
"phenotype","SHARE_P1","q_armsa",1,0,0,1,0,0,1,6,6,6,6
"phenotype","SHARE_P1","q_batha",1,0,0,0,0,0,0,9,9,9,9
"phenotype","SHARE_P1","q_beda",1,0,0,0,0,0,0,10,10,10,10
"phenotype","SHARE_P1","q_chaira",1,0,1,1,0,1,1,4,4,4,4
"phenotype","SHARE_P1","q_climsa",1,1,1,1,1,1,1,1,1,1,1
"phenotype","SHARE_P1","q_dimea",1,0,0,0,0,0,0,12,12,12,12
"phenotype","SHARE_P1","q_dressa",1,0,0,0,0,0,0,13,13,13,13
"phenotype","SHARE_P1","q_eata",1,0,0,0,0,0,0,16,16,16,16
"phenotype","SHARE_P1","q_lifta",1,1,1,1,1,1,1,3,3,3,3
"phenotype","SHARE_P1","q_mealsa",1,0,0,1,0,0,1,8,8,8,8
"phenotype","SHARE_P1","q_medsa",1,0,0,0,0,0,0,15,15,15,15
"phenotype","SHARE_P1","q_moneya",1,0,0,0,0,0,0,14,14,14,14
"phenotype","SHARE_P1","q_shlt",1,1,1,1,1,1,1,2,2,2,2
"phenotype","SHARE_P1","q_shopa",1,0,0,1,0,0,1,7,7,7,7
"phenotype","SHARE_P1","q_stoopa",1,0,1,1,0,1,1,5,5,5,5
"phenotype","SHARE_P1","q_toilta",1,0,0,0,0,0,0,11,11,11,11
"phenotype","SHARE_P2","q_armsa",1,0,0,1,0,0,1,8,8,8,8
"phenotype","SHARE_P2","q_batha",1,0,0,0,0,0,0,13,13,13,13
"phenotype","SHARE_P2","q_beda",1,0,0,0,0,0,0,12,12,12,12
"phenotype","SHARE_P2","q_chaira",1,1,1,1,1,1,1,3,3,3,3
"phenotype","SHARE_P2","q_climsa",1,1,1,1,1,1,1,1,1,1,1
"phenotype","SHARE_P2","q_dimea",1,0,0,0,0,0,0,10,10,10,10
"phenotype","SHARE_P2","q_dressa",1,0,0,0,0,0,0,9,9,9,9
"phenotype","SHARE_P2","q_eata",1,0,0,0,0,0,0,16,16,16,16
"phenotype","SHARE_P2","q_lifta",1,0,1,1,0,1,1,4,4,4,4
"phenotype","SHARE_P2","q_mealsa",1,0,0,1,0,0,1,7,7,7,7
"phenotype","SHARE_P2","q_medsa",1,0,0,0,0,0,0,15,15,15,15
"phenotype","SHARE_P2","q_moneya",1,0,0,0,0,0,0,11,11,11,11
"phenotype","SHARE_P2","q_shlt",1,1,1,1,1,1,1,2,2,2,2
"phenotype","SHARE_P2","q_shopa",1,0,0,1,0,0,1,6,6,6,6
"phenotype","SHARE_P2","q_stoopa",1,0,1,1,0,1,1,5,5,5,5
"phenotype","SHARE_P2","q_toilta",1,0,0,0,0,0,0,14,14,14,14
"phenotype","SHARE_P3","q_armsa",1,0,0,1,0,0,1,7,7,7,7
"phenotype","SHARE_P3","q_batha",1,0,0,0,0,0,0,15,15,15,15
"phenotype","SHARE_P3","q_beda",1,0,0,0,0,0,0,10,10,10,10
"phenotype","SHARE_P3","q_chaira",1,0,1,1,0,1,1,4,4,4,4
"phenotype","SHARE_P3","q_climsa",1,1,1,1,1,1,1,2,2,2,2
"phenotype","SHARE_P3","q_dimea",1,0,0,0,0,0,0,9,9,9,9
"phenotype","SHARE_P3","q_dressa",1,0,0,1,0,0,1,8,8,8,8
"phenotype","SHARE_P3","q_eata",1,0,0,0,0,0,0,16,16,16,16
"phenotype","SHARE_P3","q_lifta",1,1,1,1,1,1,1,1,1,1,1
"phenotype","SHARE_P3","q_mealsa",1,0,0,0,0,0,0,11,11,11,11
"phenotype","SHARE_P3","q_medsa",1,0,0,0,0,0,0,14,14,14,14
"phenotype","SHARE_P3","q_moneya",1,0,0,0,0,0,0,13,13,13,13
"phenotype","SHARE_P3","q_shlt",1,1,1,1,1,1,1,3,3,3,3
"phenotype","SHARE_P3","q_shopa",1,0,0,1,0,0,1,6,6,6,6
"phenotype","SHARE_P3","q_stoopa",1,0,1,1,0,1,1,5,5,5,5
"phenotype","SHARE_P3","q_toilta",1,0,0,0,0,0,0,12,12,12,12
"phenotype","SHARE_P4","q_armsa",1,0,0,1,0,0,1,6,6,6,6
"phenotype","SHARE_P4","q_batha",1,0,0,0,0,0,0,13,13,13,13
"phenotype","SHARE_P4","q_beda",1,0,0,0,0,0,0,14,14,14,14
"phenotype","SHARE_P4","q_chaira",1,0,1,1,0,1,1,5,5,5,5
"phenotype","SHARE_P4","q_climsa",1,1,1,1,1,1,1,1,1,1,1
"phenotype","SHARE_P4","q_dimea",1,0,0,0,0,0,0,12,12,12,12
"phenotype","SHARE_P4","q_dressa",1,0,0,1,0,0,1,8,8,8,8
"phenotype","SHARE_P4","q_eata",1,0,0,0,0,0,0,15,15,15,15
"phenotype","SHARE_P4","q_lifta",1,1,1,1,1,1,1,2,2,2,2
"phenotype","SHARE_P4","q_mealsa",1,0,0,0,0,0,0,10,10,10,10
"phenotype","SHARE_P4","q_medsa",1,0,0,0,0,0,0,16,16,16,16
"phenotype","SHARE_P4","q_moneya",1,0,0,0,0,0,0,9,9,9,9
"phenotype","SHARE_P4","q_shlt",1,1,1,1,1,1,1,3,3,3,3
"phenotype","SHARE_P4","q_shopa",1,0,0,1,0,0,1,7,7,7,7
"phenotype","SHARE_P4","q_stoopa",1,0,1,1,0,1,1,4,4,4,4
"phenotype","SHARE_P4","q_toilta",1,0,0,0,0,0,0,11,11,11,11
"phenotype","SHARE_P5","q_armsa",1,0,0,1,0,0,1,6,6,6,6
"phenotype","SHARE_P5","q_batha",1,0,0,0,0,0,0,10,10,10,10
"phenotype","SHARE_P5","q_beda",1,0,0,0,0,0,0,9,9,9,9
"phenotype","SHARE_P5","q_chaira",1,0,1,1,0,1,1,4,4,4,4
"phenotype","SHARE_P5","q_climsa",1,0,1,1,0,1,1,5,5,5,5
"phenotype","SHARE_P5","q_dimea",1,0,0,0,0,0,0,12,12,12,12
"phenotype","SHARE_P5","q_dressa",1,0,0,1,0,0,1,7,7,7,7
"phenotype","SHARE_P5","q_eata",1,0,0,0,0,0,0,16,16,16,16
"phenotype","SHARE_P5","q_lifta",1,1,1,1,1,1,1,1,1,1,1
"phenotype","SHARE_P5","q_mealsa",1,0,0,0,0,0,0,11,11,11,11
"phenotype","SHARE_P5","q_medsa",1,0,0,0,0,0,0,15,15,15,15
"phenotype","SHARE_P5","q_moneya",1,0,0,0,0,0,0,14,14,14,14
"phenotype","SHARE_P5","q_shlt",1,1,1,1,1,1,1,2,2,2,2
"phenotype","SHARE_P5","q_shopa",1,1,1,1,1,1,1,3,3,3,3
"phenotype","SHARE_P5","q_stoopa",1,0,0,1,0,0,1,8,8,8,8
"phenotype","SHARE_P5","q_toilta",1,0,0,0,0,0,0,13,13,13,13
"phenotype","CHARLS_P1","q_armsa",1,0,0,1,0,0,1,6,6,6,6
"phenotype","CHARLS_P1","q_batha",1,0,0,0,0,0,0,10,10,10,10
"phenotype","CHARLS_P1","q_beda",1,0,0,0,0,0,0,9,9,9,9
"phenotype","CHARLS_P1","q_chaira",1,0,1,1,0,1,1,4,4,4,4
"phenotype","CHARLS_P1","q_climsa",1,0,1,1,0,1,1,5,5,5,5
"phenotype","CHARLS_P1","q_dimea",1,0,0,0,0,0,0,12,12,12,12
"phenotype","CHARLS_P1","q_dressa",1,0,0,1,0,0,1,7,7,7,7
"phenotype","CHARLS_P1","q_eata",1,0,0,0,0,0,0,16,16,16,16
"phenotype","CHARLS_P1","q_lifta",1,1,1,1,1,1,1,2,2,2,2
"phenotype","CHARLS_P1","q_mealsa",1,0,0,0,0,0,0,11,11,11,11
"phenotype","CHARLS_P1","q_medsa",1,0,0,0,0,0,0,15,15,15,15
"phenotype","CHARLS_P1","q_moneya",1,0,0,0,0,0,0,14,14,14,14
"phenotype","CHARLS_P1","q_shlt",1,1,1,1,1,1,1,3,3,3,3
"phenotype","CHARLS_P1","q_shopa",1,1,1,1,1,1,1,1,1,1,1
"phenotype","CHARLS_P1","q_stoopa",1,0,0,1,0,0,1,8,8,8,8
"phenotype","CHARLS_P1","q_toilta",1,0,0,0,0,0,0,13,13,13,13
"phenotype","CHARLS_P2","q_armsa",1,0,0,1,0,0,1,7,7,7,7
"phenotype","CHARLS_P2","q_batha",1,0,0,0,0,0,0,14,14,14,14
"phenotype","CHARLS_P2","q_beda",1,0,0,0,0,0,0,10,10,10,10
"phenotype","CHARLS_P2","q_chaira",1,0,1,1,0,1,1,4,4,4,4
"phenotype","CHARLS_P2","q_climsa",1,1,1,1,1,1,1,2,2,2,2
"phenotype","CHARLS_P2","q_dimea",1,0,0,0,0,0,0,9,9,9,9
"phenotype","CHARLS_P2","q_dressa",1,0,0,1,0,0,1,8,8,8,8
"phenotype","CHARLS_P2","q_eata",1,0,0,0,0,0,0,16,16,16,16
"phenotype","CHARLS_P2","q_lifta",1,1,1,1,1,1,1,1,1,1,1
"phenotype","CHARLS_P2","q_mealsa",1,0,0,0,0,0,0,11,11,11,11
"phenotype","CHARLS_P2","q_medsa",1,0,0,0,0,0,0,15,15,15,15
"phenotype","CHARLS_P2","q_moneya",1,0,0,0,0,0,0,12,12,12,12
"phenotype","CHARLS_P2","q_shlt",1,1,1,1,1,1,1,3,3,3,3
"phenotype","CHARLS_P2","q_shopa",1,0,0,1,0,0,1,6,6,6,6
"phenotype","CHARLS_P2","q_stoopa",1,0,1,1,0,1,1,5,5,5,5
"phenotype","CHARLS_P2","q_toilta",1,0,0,0,0,0,0,13,13,13,13
"phenotype","CHARLS_P3","q_armsa",1,0,0,1,0,0,1,7,7,7,7
"phenotype","CHARLS_P3","q_batha",1,0,0,0,0,0,0,11,11,11,11
"phenotype","CHARLS_P3","q_beda",1,0,0,0,0,0,0,12,12,12,12
"phenotype","CHARLS_P3","q_chaira",1,0,1,1,0,1,1,4,4,4,4
"phenotype","CHARLS_P3","q_climsa",1,1,1,1,1,1,1,2,2,2,2
"phenotype","CHARLS_P3","q_dimea",1,0,0,0,0,0,0,9,9,9,9
"phenotype","CHARLS_P3","q_dressa",1,0,0,1,0,0,1,8,8,8,8
"phenotype","CHARLS_P3","q_eata",1,0,0,0,0,0,0,16,16,16,16
"phenotype","CHARLS_P3","q_lifta",1,1,1,1,1,1,1,1,1,1,1
"phenotype","CHARLS_P3","q_mealsa",1,0,0,0,0,0,0,13,13,13,13
"phenotype","CHARLS_P3","q_medsa",1,0,0,0,0,0,0,15,15,15,15
"phenotype","CHARLS_P3","q_moneya",1,0,0,0,0,0,0,10,10,10,10
"phenotype","CHARLS_P3","q_shlt",1,1,1,1,1,1,1,3,3,3,3
"phenotype","CHARLS_P3","q_shopa",1,0,0,1,0,0,1,6,6,6,6
"phenotype","CHARLS_P3","q_stoopa",1,0,1,1,0,1,1,5,5,5,5
"phenotype","CHARLS_P3","q_toilta",1,0,0,0,0,0,0,14,14,14,14
"phenotype","CHARLS_P4","q_armsa",1,0,0,1,0,0,1,7,7,7,7
"phenotype","CHARLS_P4","q_batha",1,0,0,0,0,0,0,14,14,14,14
"phenotype","CHARLS_P4","q_beda",1,0,0,0,0,0,0,10,10,10,10
"phenotype","CHARLS_P4","q_chaira",1,1,1,1,1,1,1,2,2,2,2
"phenotype","CHARLS_P4","q_climsa",1,1,1,1,1,1,1,3,3,3,3
"phenotype","CHARLS_P4","q_dimea",1,0,0,0,0,0,0,9,9,9,9
"phenotype","CHARLS_P4","q_dressa",1,0,0,1,0,0,1,8,8,8,8
"phenotype","CHARLS_P4","q_eata",1,0,0,0,0,0,0,16,16,16,16
"phenotype","CHARLS_P4","q_lifta",1,1,1,1,1,1,1,1,1,1,1
"phenotype","CHARLS_P4","q_mealsa",1,0,0,0,0,0,0,11,11,11,11
"phenotype","CHARLS_P4","q_medsa",1,0,0,0,0,0,0,15,15,15,15
"phenotype","CHARLS_P4","q_moneya",1,0,0,0,0,0,0,13,13,13,13
"phenotype","CHARLS_P4","q_shlt",1,0,1,1,0,1,1,4,4,4,4
"phenotype","CHARLS_P4","q_shopa",1,0,0,1,0,0,1,6,6,6,6
"phenotype","CHARLS_P4","q_stoopa",1,0,1,1,0,1,1,5,5,5,5
"phenotype","CHARLS_P4","q_toilta",1,0,0,0,0,0,0,12,12,12,12
"phenotype","CHARLS_P5","q_armsa",1,0,0,1,0,0,1,7,7,7,7
"phenotype","CHARLS_P5","q_batha",1,0,0,0,0,0,0,11,11,11,11
"phenotype","CHARLS_P5","q_beda",1,0,0,0,0,0,0,14,14,14,14
"phenotype","CHARLS_P5","q_chaira",1,0,1,1,0,1,1,5,5,5,5
"phenotype","CHARLS_P5","q_climsa",1,1,1,1,1,1,1,1,1,1,1
"phenotype","CHARLS_P5","q_dimea",1,0,0,0,0,0,0,12,12,12,12
"phenotype","CHARLS_P5","q_dressa",1,0,0,1,0,0,1,8,8,8,8
"phenotype","CHARLS_P5","q_eata",1,0,0,0,0,0,0,16,16,16,16
"phenotype","CHARLS_P5","q_lifta",1,1,1,1,1,1,1,2,2,2,2
"phenotype","CHARLS_P5","q_mealsa",1,0,0,0,0,0,0,9,9,9,9
"phenotype","CHARLS_P5","q_medsa",1,0,0,0,0,0,0,15,15,15,15
"phenotype","CHARLS_P5","q_moneya",1,0,0,0,0,0,0,10,10,10,10
"phenotype","CHARLS_P5","q_shlt",1,1,1,1,1,1,1,3,3,3,3
"phenotype","CHARLS_P5","q_shopa",1,0,0,1,0,0,1,6,6,6,6
"phenotype","CHARLS_P5","q_stoopa",1,0,1,1,0,1,1,4,4,4,4
"phenotype","CHARLS_P5","q_toilta",1,0,0,0,0,0,0,13,13,13,13
"phenotype","CHARLS_P6","q_armsa",1,0,0,0,0,0,0,9,9,9,9
"phenotype","CHARLS_P6","q_batha",1,0,0,0,0,0,0,11,11,11,11
"phenotype","CHARLS_P6","q_beda",1,0,0,0,0,0,0,13,13,13,13
"phenotype","CHARLS_P6","q_chaira",1,0,1,1,0,1,1,4,4,4,4
"phenotype","CHARLS_P6","q_climsa",1,1,1,1,1,1,1,3,3,3,3
"phenotype","CHARLS_P6","q_dimea",1,0,0,0,0,0,0,12,12,12,12
"phenotype","CHARLS_P6","q_dressa",1,0,0,1,0,0,1,7,7,7,7
"phenotype","CHARLS_P6","q_eata",1,0,0,0,0,0,0,15,15,15,15
"phenotype","CHARLS_P6","q_lifta",1,1,1,1,1,1,1,1,1,1,1
"phenotype","CHARLS_P6","q_mealsa",1,0,0,0,0,0,0,10,10,10,10
"phenotype","CHARLS_P6","q_medsa",1,0,0,0,0,0,0,14,14,14,14
"phenotype","CHARLS_P6","q_moneya",1,0,0,1,0,0,1,8,8,8,8
"phenotype","CHARLS_P6","q_shlt",1,1,1,1,1,1,1,2,2,2,2
"phenotype","CHARLS_P6","q_shopa",1,0,1,1,0,1,1,5,5,5,5
"phenotype","CHARLS_P6","q_stoopa",1,0,0,1,0,0,1,6,6,6,6
"phenotype","CHARLS_P6","q_toilta",1,0,0,0,0,0,0,16,16,16,16
"phenotype","MHAS_P1","q_armsa",1,0,0,1,0,0,1,7,7,7,7
"phenotype","MHAS_P1","q_batha",1,0,0,1,0,0,1,6,6,6,6
"phenotype","MHAS_P1","q_beda",1,0,0,0,0,0,0,11,11,11,11
"phenotype","MHAS_P1","q_chaira",1,1,1,1,1,1,1,2,2,2,2
"phenotype","MHAS_P1","q_climsa",1,0,1,1,0,1,1,5,5,5,5
"phenotype","MHAS_P1","q_dimea",1,0,0,0,0,0,0,13,13,13,13
"phenotype","MHAS_P1","q_dressa",1,0,0,0,0,0,0,9,9,9,9
"phenotype","MHAS_P1","q_eata",1,0,0,0,0,0,0,16,16,16,16
"phenotype","MHAS_P1","q_lifta",1,1,1,1,1,1,1,1,1,1,1
"phenotype","MHAS_P1","q_mealsa",1,0,0,0,0,0,0,10,10,10,10
"phenotype","MHAS_P1","q_medsa",1,0,0,0,0,0,0,15,15,15,15
"phenotype","MHAS_P1","q_moneya",1,0,0,0,0,0,0,12,12,12,12
"phenotype","MHAS_P1","q_shlt",1,0,1,1,0,1,1,4,4,4,4
"phenotype","MHAS_P1","q_shopa",1,1,1,1,1,1,1,3,3,3,3
"phenotype","MHAS_P1","q_stoopa",1,0,0,1,0,0,1,8,8,8,8
"phenotype","MHAS_P1","q_toilta",1,0,0,0,0,0,0,14,14,14,14
"phenotype","MHAS_P2","q_armsa",1,0,0,1,0,0,1,7,7,7,7
"phenotype","MHAS_P2","q_batha",1,0,0,1,0,0,1,8,8,8,8
"phenotype","MHAS_P2","q_beda",1,0,0,0,0,0,0,12,12,12,12
"phenotype","MHAS_P2","q_chaira",1,0,1,1,0,1,1,4,4,4,4
"phenotype","MHAS_P2","q_climsa",1,1,1,1,1,1,1,2,2,2,2
"phenotype","MHAS_P2","q_dimea",1,0,0,0,0,0,0,14,14,14,14
"phenotype","MHAS_P2","q_dressa",1,0,0,0,0,0,0,9,9,9,9
"phenotype","MHAS_P2","q_eata",1,0,0,0,0,0,0,16,16,16,16
"phenotype","MHAS_P2","q_lifta",1,1,1,1,1,1,1,1,1,1,1
"phenotype","MHAS_P2","q_mealsa",1,0,0,0,0,0,0,11,11,11,11
"phenotype","MHAS_P2","q_medsa",1,0,0,0,0,0,0,15,15,15,15
"phenotype","MHAS_P2","q_moneya",1,0,0,0,0,0,0,10,10,10,10
"phenotype","MHAS_P2","q_shlt",1,1,1,1,1,1,1,3,3,3,3
"phenotype","MHAS_P2","q_shopa",1,0,0,1,0,0,1,6,6,6,6
"phenotype","MHAS_P2","q_stoopa",1,0,1,1,0,1,1,5,5,5,5
"phenotype","MHAS_P2","q_toilta",1,0,0,0,0,0,0,13,13,13,13
"phenotype","MHAS_P3","q_armsa",1,0,0,1,0,0,1,7,7,7,7
"phenotype","MHAS_P3","q_batha",1,0,0,0,0,0,0,11,11,11,11
"phenotype","MHAS_P3","q_beda",1,0,0,0,0,0,0,13,13,13,13
"phenotype","MHAS_P3","q_chaira",1,0,1,1,0,1,1,5,5,5,5
"phenotype","MHAS_P3","q_climsa",1,1,1,1,1,1,1,1,1,1,1
"phenotype","MHAS_P3","q_dimea",1,0,0,0,0,0,0,14,14,14,14
"phenotype","MHAS_P3","q_dressa",1,0,0,1,0,0,1,8,8,8,8
"phenotype","MHAS_P3","q_eata",1,0,0,0,0,0,0,16,16,16,16
"phenotype","MHAS_P3","q_lifta",1,1,1,1,1,1,1,2,2,2,2
"phenotype","MHAS_P3","q_mealsa",1,0,0,0,0,0,0,9,9,9,9
"phenotype","MHAS_P3","q_medsa",1,0,0,0,0,0,0,15,15,15,15
"phenotype","MHAS_P3","q_moneya",1,0,0,0,0,0,0,10,10,10,10
"phenotype","MHAS_P3","q_shlt",1,1,1,1,1,1,1,3,3,3,3
"phenotype","MHAS_P3","q_shopa",1,0,0,1,0,0,1,6,6,6,6
"phenotype","MHAS_P3","q_stoopa",1,0,1,1,0,1,1,4,4,4,4
"phenotype","MHAS_P3","q_toilta",1,0,0,0,0,0,0,12,12,12,12
"phenotype","MHAS_P4","q_armsa",1,0,0,0,0,0,0,10,10,10,10
"phenotype","MHAS_P4","q_batha",1,0,0,1,0,0,1,8,8,8,8
"phenotype","MHAS_P4","q_beda",1,0,0,0,0,0,0,13,13,13,13
"phenotype","MHAS_P4","q_chaira",1,0,1,1,0,1,1,4,4,4,4
"phenotype","MHAS_P4","q_climsa",1,1,1,1,1,1,1,3,3,3,3
"phenotype","MHAS_P4","q_dimea",1,0,0,0,0,0,0,12,12,12,12
"phenotype","MHAS_P4","q_dressa",1,0,0,0,0,0,0,11,11,11,11
"phenotype","MHAS_P4","q_eata",1,0,0,0,0,0,0,16,16,16,16
"phenotype","MHAS_P4","q_lifta",1,1,1,1,1,1,1,1,1,1,1
"phenotype","MHAS_P4","q_mealsa",1,0,0,1,0,0,1,7,7,7,7
"phenotype","MHAS_P4","q_medsa",1,0,0,0,0,0,0,14,14,14,14
"phenotype","MHAS_P4","q_moneya",1,0,0,0,0,0,0,9,9,9,9
"phenotype","MHAS_P4","q_shlt",1,1,1,1,1,1,1,2,2,2,2
"phenotype","MHAS_P4","q_shopa",1,0,0,1,0,0,1,6,6,6,6
"phenotype","MHAS_P4","q_stoopa",1,0,1,1,0,1,1,5,5,5,5
"phenotype","MHAS_P4","q_toilta",1,0,0,0,0,0,0,15,15,15,15
"phenotype","MHAS_P5","q_armsa",1,0,0,0,0,0,0,11,11,11,11
"phenotype","MHAS_P5","q_batha",1,0,0,1,0,0,1,7,7,7,7
"phenotype","MHAS_P5","q_beda",1,0,0,0,0,0,0,12,12,12,12
"phenotype","MHAS_P5","q_chaira",1,0,1,1,0,1,1,5,5,5,5
"phenotype","MHAS_P5","q_climsa",1,1,1,1,1,1,1,3,3,3,3
"phenotype","MHAS_P5","q_dimea",1,0,0,0,0,0,0,13,13,13,13
"phenotype","MHAS_P5","q_dressa",1,0,0,1,0,0,1,8,8,8,8
"phenotype","MHAS_P5","q_eata",1,0,0,0,0,0,0,14,14,14,14
"phenotype","MHAS_P5","q_lifta",1,1,1,1,1,1,1,2,2,2,2
"phenotype","MHAS_P5","q_mealsa",1,0,0,0,0,0,0,10,10,10,10
"phenotype","MHAS_P5","q_medsa",1,0,0,0,0,0,0,15,15,15,15
"phenotype","MHAS_P5","q_moneya",1,0,0,0,0,0,0,9,9,9,9
"phenotype","MHAS_P5","q_shlt",1,1,1,1,1,1,1,1,1,1,1
"phenotype","MHAS_P5","q_shopa",1,0,1,1,0,1,1,4,4,4,4
"phenotype","MHAS_P5","q_stoopa",1,0,0,1,0,0,1,6,6,6,6
"phenotype","MHAS_P5","q_toilta",1,0,0,0,0,0,0,16,16,16,16
"phenotype","MHAS_P6","q_armsa",1,0,0,1,0,0,1,7,7,7,7
"phenotype","MHAS_P6","q_batha",1,0,0,1,0,0,1,8,8,8,8
"phenotype","MHAS_P6","q_beda",1,0,0,0,0,0,0,15,15,15,15
"phenotype","MHAS_P6","q_chaira",1,0,1,1,0,1,1,5,5,5,5
"phenotype","MHAS_P6","q_climsa",1,1,1,1,1,1,1,1,1,1,1
"phenotype","MHAS_P6","q_dimea",1,0,0,0,0,0,0,13,13,13,13
"phenotype","MHAS_P6","q_dressa",1,0,0,0,0,0,0,11,11,11,11
"phenotype","MHAS_P6","q_eata",1,0,0,0,0,0,0,16,16,16,16
"phenotype","MHAS_P6","q_lifta",1,1,1,1,1,1,1,3,3,3,3
"phenotype","MHAS_P6","q_mealsa",1,0,0,0,0,0,0,10,10,10,10
"phenotype","MHAS_P6","q_medsa",1,0,0,0,0,0,0,14,14,14,14
"phenotype","MHAS_P6","q_moneya",1,0,0,0,0,0,0,9,9,9,9
"phenotype","MHAS_P6","q_shlt",1,1,1,1,1,1,1,2,2,2,2
"phenotype","MHAS_P6","q_shopa",1,0,0,1,0,0,1,6,6,6,6
"phenotype","MHAS_P6","q_stoopa",1,0,1,1,0,1,1,4,4,4,4
"phenotype","MHAS_P6","q_toilta",1,0,0,0,0,0,0,12,12,12,12
