"cohort","strategy","k","full_FI_items","item_reduction","outcome","n","short_AUROC","full_FI_AUROC","discrimination_retention","concurrent_AUROC","Spearman","correlation_retention"
"HRS","Universal",1,46,0.978260869565217,"followup_frail",6510,0.70940754561825,0.918320233440032,0.50059148202371,0.772225028913637,0.649814268971821,0.713022612829581
"HRS","Universal",1,46,0.978260869565217,"incident_adl",5424,0.63224897082513,0.779499808428047,0.473163010625732,0.772225028913637,0.649814268971821,0.713022612829581
"HRS","Universal",2,46,0.956521739130435,"followup_frail",6510,0.804303051863469,0.918320233440032,0.727440433280147,0.877113783064937,0.77461337390696,0.849961101454096
"HRS","Universal",2,46,0.956521739130435,"incident_adl",5424,0.705339438931895,0.779499808428047,0.734667548027163,0.877113783064937,0.77461337390696,0.849961101454096
"HRS","Universal",3,46,0.934782608695652,"followup_frail",6510,0.848769464683427,0.918320233440032,0.833737975845303,0.918940486497006,0.828588879800016,0.909186880385606
"HRS","Universal",3,46,0.934782608695652,"incident_adl",5424,0.735976094057634,0.779499808428047,0.844279984966009,0.918940486497006,0.828588879800016,0.909186880385606
"HRS","Universal",4,46,0.91304347826087,"followup_frail",6510,0.859787048883505,0.918320233440032,0.860075655257737,0.937575082583153,0.859951169332453,0.943599823736509
"HRS","Universal",4,46,0.91304347826087,"incident_adl",5424,0.750399749138625,0.779499808428047,0.89588522635101,0.937575082583153,0.859951169332453,0.943599823736509
"HRS","Universal",5,46,0.891304347826087,"followup_frail",6510,0.864205422066255,0.918320233440032,0.87063783425256,0.943228987148101,0.875248525559672,0.960385175224366
"HRS","Universal",5,46,0.891304347826087,"incident_adl",5424,0.754746999172185,0.779499808428047,0.91143890439469,0.943228987148101,0.875248525559672,0.960385175224366
"HRS","Universal",6,46,0.869565217391304,"followup_frail",6510,0.867568794485605,0.918320233440032,0.878678020097007,0.947639377753438,0.888357298964444,0.974769057374031
"HRS","Universal",6,46,0.869565217391304,"incident_adl",5424,0.760403615536066,0.779499808428047,0.931677259460816,0.947639377753438,0.888357298964444,0.974769057374031
"HRS","Universal",7,46,0.847826086956522,"followup_frail",6510,0.869931443928626,0.918320233440032,0.884325964552363,0.950763385211816,0.894904887096794,0.9819535385724
"HRS","Universal",7,46,0.847826086956522,"incident_adl",5424,0.762895973632987,0.779499808428047,0.940594468066212,0.950763385211816,0.894904887096794,0.9819535385724
"HRS","Universal",8,46,0.826086956521739,"followup_frail",6510,0.871800991063049,0.918320233440032,0.888795141477058,0.952412034518737,0.899165257399946,0.986628321060605
"HRS","Universal",8,46,0.826086956521739,"incident_adl",5424,0.762804382662878,0.779499808428047,0.940266772063041,0.952412034518737,0.899165257399946,0.986628321060605
"HRS","Universal",9,46,0.804347826086957,"followup_frail",6510,0.872744020167804,0.918320233440032,0.891049464910089,0.953876629244388,0.902865948667815,0.990688983750063
"HRS","Universal",9,46,0.804347826086957,"incident_adl",5424,0.764055892865133,0.779499808428047,0.94474445027432,0.953876629244388,0.902865948667815,0.990688983750063
"HRS","Universal",10,46,0.782608695652174,"followup_frail",6510,0.873626508663902,0.918320233440032,0.893159065224759,0.954980772216141,0.904838112295353,0.992852982495211
"HRS","Universal",10,46,0.782608695652174,"incident_adl",5424,0.762992983152855,0.779499808428047,0.940941550664993,0.954980772216141,0.904838112295353,0.992852982495211
"HRS","Universal",11,46,0.760869565217391,"followup_frail",6510,0.874062391557109,0.918320233440032,0.894201048993085,0.955496032785764,0.90642660526867,0.994595990404361
"HRS","Universal",11,46,0.760869565217391,"incident_adl",5424,0.763134914198139,0.779499808428047,0.9414493543951,0.955496032785764,0.90642660526867,0.994595990404361
"HRS","Universal",12,46,0.739130434782609,"followup_frail",6510,0.874255779896362,0.918320233440032,0.894663346352366,0.955967101804295,0.907091512612809,0.995325574216913
"HRS","Universal",12,46,0.739130434782609,"incident_adl",5424,0.763698792956864,0.779499808428047,0.943466811086382,0.955967101804295,0.907091512612809,0.995325574216913
"HRS","Universal",13,46,0.717391304347826,"followup_frail",6510,0.87478380217986,0.918320233440032,0.895925590540642,0.956379002733541,0.908208976051524,0.996551734889062
"HRS","Universal",13,46,0.717391304347826,"incident_adl",5424,0.763684285226866,0.779499808428047,0.943414905040078,0.956379002733541,0.908208976051524,0.996551734889062
"HRS","Universal",14,46,0.695652173913043,"followup_frail",6510,0.87647471656225,0.918320233440032,0.899967743530673,0.957763025528878,0.910774997411397,0.99936735673973
"HRS","Universal",14,46,0.695652173913043,"incident_adl",5424,0.767287271232325,0.779499808428047,0.95630574037096,0.957763025528878,0.910774997411397,0.99936735673973
"HRS","Universal",15,46,0.673913043478261,"followup_frail",6510,0.876889011699235,0.918320233440032,0.90095812148485,0.957720556125915,0.911301996180439,0.999945617416977
"HRS","Universal",15,46,0.673913043478261,"incident_adl",5424,0.767846081025148,0.779499808428047,0.958305061214741,0.957720556125915,0.911301996180439,0.999945617416977
"HRS","Universal",16,46,0.652173913043478,"followup_frail",6510,0.876824770332369,0.918320233440032,0.900804551655493,0.957768099715329,0.911351557832196,1
"HRS","Universal",16,46,0.652173913043478,"incident_adl",5424,0.76786181229864,0.779499808428047,0.958361344879408,0.957768099715329,0.911351557832196,1
"HRS","Phenotype",1,46,0.978260869565217,"followup_frail",6510,0.611126652186897,0.918320233440032,0.265649718334333,0.665559632946268,0.38731272454103,0.424987175599193
"HRS","Phenotype",1,46,0.978260869565217,"incident_adl",5424,0.580590090556202,0.779499808428047,0.288336836470315,0.665559632946268,0.38731272454103,0.424987175599193
"HRS","Phenotype",2,46,0.956521739130435,"followup_frail",6510,0.721168080751683,0.918320233440032,0.528705195378479,0.79289815634202,0.610899526433265,0.670322578793186
"HRS","Phenotype",2,46,0.956521739130435,"incident_adl",5424,0.652640371901289,0.779499808428047,0.546119772889161,0.79289815634202,0.610899526433265,0.670322578793186
"HRS","Phenotype",3,46,0.934782608695652,"followup_frail",6510,0.781553447346419,0.918320233440032,0.673057205555372,0.858923378185451,0.710488714314356,0.779598946431138
"HRS","Phenotype",3,46,0.934782608695652,"incident_adl",5424,0.695806636779578,0.779499808428047,0.700560897987111,0.858923378185451,0.710488714314356,0.779598946431138
"HRS","Phenotype",4,46,0.91304347826087,"followup_frail",6510,0.826958002372471,0.918320233440032,0.78159738935827,0.904639368650655,0.808681987355018,0.887343616637475
"HRS","Phenotype",4,46,0.91304347826087,"incident_adl",5424,0.728855595299356,0.779499808428047,0.818804122215602,0.904639368650655,0.808681987355018,0.887343616637475
"HRS","Phenotype",5,46,0.891304347826087,"followup_frail",6510,0.849272008670023,0.918320233440032,0.83493931383095,0.928307342427752,0.853009259899344,0.9359826650523
"HRS","Phenotype",5,46,0.891304347826087,"incident_adl",5424,0.746766349337748,0.779499808428047,0.882885575935106,0.928307342427752,0.853009259899344,0.9359826650523
"HRS","Phenotype",6,46,0.869565217391304,"followup_frail",6510,0.867568794485605,0.918320233440032,0.878678020097007,0.947639377753438,0.888357298964444,0.974769057374031
"HRS","Phenotype",6,46,0.869565217391304,"incident_adl",5424,0.760403615536066,0.779499808428047,0.931677259460816,0.947639377753438,0.888357298964444,0.974769057374031
"HRS","Phenotype",7,46,0.847826086956522,"followup_frail",6510,0.869843052742162,0.918320233440032,0.884114664262781,0.950552545076612,0.894564440836723,0.981579976627895
"HRS","Phenotype",7,46,0.847826086956522,"incident_adl",5424,0.76261665613254,0.779499808428047,0.93959512033135,0.950552545076612,0.894564440836723,0.981579976627895
"HRS","Phenotype",8,46,0.826086956521739,"followup_frail",6510,0.871800991063049,0.918320233440032,0.888795141477058,0.952412034518737,0.899165257399946,0.986628321060605
"HRS","Phenotype",8,46,0.826086956521739,"incident_adl",5424,0.762804382662878,0.779499808428047,0.940266772063041,0.952412034518737,0.899165257399946,0.986628321060605
"HRS","Phenotype",9,46,0.804347826086957,"followup_frail",6510,0.872289111581751,0.918320233440032,0.889961999973688,0.952912380055458,0.901078906686164,0.988728113692517
"HRS","Phenotype",9,46,0.804347826086957,"incident_adl",5424,0.762995080655987,0.779499808428047,0.940949055153614,0.952912380055458,0.901078906686164,0.988728113692517
"HRS","Phenotype",10,46,0.782608695652174,"followup_frail",6510,0.873080077480592,0.918320233440032,0.891852814320239,0.954183294621904,0.903799054063014,0.991712853613652
"HRS","Phenotype",10,46,0.782608695652174,"incident_adl",5424,0.762899119887686,0.779499808428047,0.940605724799147,0.954183294621904,0.903799054063014,0.991712853613652
"HRS","Phenotype",11,46,0.760869565217391,"followup_frail",6510,0.874396029143376,0.918320233440032,0.894998614015278,0.955844183481598,0.906772821653983,0.994975883742269
"HRS","Phenotype",11,46,0.760869565217391,"incident_adl",5424,0.763732178215053,0.779499808428047,0.943586257530287,0.955844183481598,0.906772821653983,0.994975883742269
"HRS","Phenotype",12,46,0.739130434782609,"followup_frail",6510,0.874906733776279,0.918320233440032,0.896219460132864,0.956210693506591,0.907793059117078,0.996095361132006
"HRS","Phenotype",12,46,0.739130434782609,"incident_adl",5424,0.764847525505638,0.779499808428047,0.947576769355171,0.956210693506591,0.907793059117078,0.996095361132006
"HRS","Phenotype",13,46,0.717391304347826,"followup_frail",6510,0.875353956172205,0.918320233440032,0.897288551131041,0.956514837167204,0.908903987577786,0.997314351159686
"HRS","Phenotype",13,46,0.717391304347826,"incident_adl",5424,0.765149391164757,0.779499808428047,0.948656790342723,0.956514837167204,0.908903987577786,0.997314351159686
"HRS","Phenotype",14,46,0.695652173913043,"followup_frail",6510,0.876586356101568,0.918320233440032,0.900234619312416,0.957722216768753,0.910764322221136,0.999355643158764
"HRS","Phenotype",14,46,0.695652173913043,"incident_adl",5424,0.767533727850367,0.779499808428047,0.957187517784076,0.957722216768753,0.910764322221136,0.999355643158764
"HRS","Phenotype",15,46,0.673913043478261,"followup_frail",6510,0.876889011699235,0.918320233440032,0.90095812148485,0.957720556125915,0.911301996180439,0.999945617416977
"HRS","Phenotype",15,46,0.673913043478261,"incident_adl",5424,0.767846081025148,0.779499808428047,0.958305061214741,0.957720556125915,0.911301996180439,0.999945617416977
"HRS","Phenotype",16,46,0.652173913043478,"followup_frail",6510,0.876824770332369,0.918320233440032,0.900804551655493,0.957768099715329,0.911351557832196,1
"HRS","Phenotype",16,46,0.652173913043478,"incident_adl",5424,0.76786181229864,0.779499808428047,0.958361344879408,0.957768099715329,0.911351557832196,1
"ELSA","Universal",1,44,0.977272727272727,"followup_frail",2581,0.68723385959252,0.888319685791002,0.482164223045059,0.799913317674591,0.636833323878906,0.718954711083987
"ELSA","Universal",1,44,0.977272727272727,"incident_adl",2181,0.597621986023479,0.754626444317603,0.383392959380575,0.799913317674591,0.636833323878906,0.718954711083987
"ELSA","Universal",2,44,0.954545454545455,"followup_frail",2581,0.780619645528308,0.888319685791002,0.722651093406943,0.887144935859381,0.75172242761874,0.848659076871348
"ELSA","Universal",2,44,0.954545454545455,"incident_adl",2181,0.655269734507814,0.754626444317603,0.609794221978537,0.887144935859381,0.75172242761874,0.848659076871348
"ELSA","Universal",3,44,0.931818181818182,"followup_frail",2581,0.805897818081949,0.888319685791002,0.787747387719578,0.915072158196319,0.798011525261296,0.900917279408925
"ELSA","Universal",3,44,0.931818181818182,"incident_adl",2181,0.67841352606328,0.754626444317603,0.700687340395562,0.915072158196319,0.798011525261296,0.900917279408925
"ELSA","Universal",4,44,0.909090909090909,"followup_frail",2581,0.851804288643521,0.888319685791002,0.905965629650993,0.94309845757083,0.842937054358433,0.951636077532733
"ELSA","Universal",4,44,0.909090909090909,"incident_adl",2181,0.723593477623683,0.754626444317603,0.878123551632321,0.94309845757083,0.842937054358433,0.951636077532733
"ELSA","Universal",5,44,0.886363636363636,"followup_frail",2581,0.851427992438079,0.888319685791002,0.90499659249112,0.948093177047036,0.859683117836223,0.970541591390167
"ELSA","Universal",5,44,0.886363636363636,"incident_adl",2181,0.737394134797834,0.754626444317603,0.93232317418581,0.948093177047036,0.859683117836223,0.970541591390167
"ELSA","Universal",6,44,0.863636363636364,"followup_frail",2581,0.853075163250559,0.888319685791002,0.909238383141328,0.953243032074611,0.866637273971518,0.978392504851528
"ELSA","Universal",6,44,0.863636363636364,"incident_adl",2181,0.737956435215896,0.754626444317603,0.934531508907559,0.953243032074611,0.866637273971518,0.978392504851528
"ELSA","Universal",7,44,0.840909090909091,"followup_frail",2581,0.854293043086416,0.888319685791002,0.912374664613579,0.955313432964234,0.871989715495171,0.984435158250682
"ELSA","Universal",7,44,0.840909090909091,"incident_adl",2181,0.736080557826697,0.754626444317603,0.927164334636927,0.955313432964234,0.871989715495171,0.984435158250682
"ELSA","Universal",8,44,0.818181818181818,"followup_frail",2581,0.855975210445903,0.888319685791002,0.916706578294598,0.959378817893985,0.876614577871968,0.989656409195373
"ELSA","Universal",8,44,0.818181818181818,"incident_adl",2181,0.736080557826697,0.754626444317603,0.927164334636927,0.959378817893985,0.876614577871968,0.989656409195373
"ELSA","Universal",9,44,0.795454545454545,"followup_frail",2581,0.856443497574906,0.888319685791002,0.917912510278317,0.960434653786921,0.878472625162143,0.99175405673139
"ELSA","Universal",9,44,0.795454545454545,"incident_adl",2181,0.736193943507706,0.754626444317603,0.927609636700163,0.960434653786921,0.878472625162143,0.99175405673139
"ELSA","Universal",10,44,0.772727272727273,"followup_frail",2581,0.857134762703413,0.888319685791002,0.919692654715494,0.961663504805169,0.882068261971541,0.995813360675659
"ELSA","Universal",10,44,0.772727272727273,"incident_adl",2181,0.738287336284961,0.754626444317603,0.935831063908422,0.961663504805169,0.882068261971541,0.995813360675659
"ELSA","Universal",11,44,0.75,"followup_frail",2581,0.857379738532465,0.888319685791002,0.920323515931177,0.962158755560144,0.883053945062192,0.996926150278664
"ELSA","Universal",11,44,0.75,"incident_adl",2181,0.738287336284961,0.754626444317603,0.935831063908422,0.962158755560144,0.883053945062192,0.996926150278664
"ELSA","Universal",12,44,0.727272727272727,"followup_frail",2581,0.857657044504942,0.888319685791002,0.921037633661037,0.962559365562811,0.884351572303731,0.998391110078275
"ELSA","Universal",12,44,0.727272727272727,"incident_adl",2181,0.73984542523487,0.754626444317603,0.941950180695701,0.962559365562811,0.884351572303731,0.998391110078275
"ELSA","Universal",13,44,0.704545454545455,"followup_frail",2581,0.857408735671414,0.888319685791002,0.920398189299564,0.962758729533937,0.884629259242278,0.998704605501943
"ELSA","Universal",13,44,0.704545454545455,"incident_adl",2181,0.73984542523487,0.754626444317603,0.941950180695701,0.962758729533937,0.884629259242278,0.998704605501943
"ELSA","Universal",14,44,0.681818181818182,"followup_frail",2581,0.858012342782179,0.888319685791002,0.921952597002422,0.963655262456014,0.885623828758998,0.9998274274598
"ELSA","Universal",14,44,0.681818181818182,"incident_adl",2181,0.73984542523487,0.754626444317603,0.941950180695701,0.963655262456014,0.885623828758998,0.9998274274598
"ELSA","Universal",15,44,0.659090909090909,"followup_frail",2581,0.857784031975512,0.888319685791002,0.921364651515698,0.963685644288431,0.885884585067724,1.00012180900293
"ELSA","Universal",15,44,0.659090909090909,"incident_adl",2181,0.739826141955787,0.754626444317603,0.941874449052294,0.963685644288431,0.885884585067724,1.00012180900293
"ELSA","Universal",16,44,0.636363636363636,"followup_frail",2581,0.857899353930412,0.888319685791002,0.921661628360086,0.963719252510131,0.885776689492354,1
"ELSA","Universal",16,44,0.636363636363636,"incident_adl",2181,0.739826141955787,0.754626444317603,0.941874449052294,0.963719252510131,0.885776689492354,1
"ELSA","Phenotype",1,44,0.977272727272727,"followup_frail",2581,0.623116852470556,0.888319685791002,0.317050247452093,0.713602430331501,0.397250832305281,0.448477406346004
"ELSA","Phenotype",1,44,0.977272727272727,"incident_adl",2181,0.563288493281706,0.754626444317603,0.248554282927363,0.713602430331501,0.397250832305281,0.448477406346004
"ELSA","Phenotype",2,44,0.954545454545455,"followup_frail",2581,0.708433767868237,0.888319685791002,0.536758180167097,0.822346402360857,0.575744058793143,0.649987819303652
"ELSA","Phenotype",2,44,0.954545454545455,"incident_adl",2181,0.62509757339216,0.754626444317603,0.491298434172541,0.822346402360857,0.575744058793143,0.649987819303652
"ELSA","Phenotype",3,44,0.931818181818182,"followup_frail",2581,0.798574540645323,0.888319685791002,0.76888849978628,0.895846238890466,0.744150206745748,0.840110397545263
"ELSA","Phenotype",3,44,0.931818181818182,"incident_adl",2181,0.698954074942536,0.754626444317603,0.781356686952651,0.895846238890466,0.744150206745748,0.840110397545263
"ELSA","Phenotype",4,44,0.909090909090909,"followup_frail",2581,0.832597183744537,0.888319685791002,0.856503535397751,0.921471835772484,0.813524700278868,0.918430920489797
"ELSA","Phenotype",4,44,0.909090909090909,"incident_adl",2181,0.725861191243849,0.754626444317603,0.88702959289698,0.921471835772484,0.813524700278868,0.918430920489797
"ELSA","Phenotype",5,44,0.886363636363636,"followup_frail",2581,0.826475121121383,0.888319685791002,0.840738013207746,0.916809031093789,0.816937831606075,0.922284184374133
"ELSA","Phenotype",5,44,0.886363636363636,"incident_adl",2181,0.724185859957114,0.754626444317603,0.880450027717783,0.916809031093789,0.816937831606075,0.922284184374133
"ELSA","Phenotype",6,44,0.863636363636364,"followup_frail",2581,0.845150945106749,0.888319685791002,0.888831954021803,0.942935659344914,0.851752779370528,0.961588614234898
"ELSA","Phenotype",6,44,0.863636363636364,"incident_adl",2181,0.73149499406075,0.754626444317603,0.909155349834755,0.942935659344914,0.851752779370528,0.961588614234898
"ELSA","Phenotype",7,44,0.840909090909091,"followup_frail",2581,0.848149649234609,0.888319685791002,0.896554210290506,0.947381489344312,0.859615152437765,0.970464861668936
"ELSA","Phenotype",7,44,0.840909090909091,"incident_adl",2181,0.72973481634605,0.754626444317603,0.902242565424568,0.947381489344312,0.859615152437765,0.970464861668936
"ELSA","Phenotype",8,44,0.818181818181818,"followup_frail",2581,0.848678597045092,0.888319685791002,0.897916355527633,0.950384451169674,0.863291159144857,0.974614899427548
"ELSA","Phenotype",8,44,0.818181818181818,"incident_adl",2181,0.729754870956296,0.754626444317603,0.90232132633371,0.950384451169674,0.863291159144857,0.974614899427548
"ELSA","Phenotype",9,44,0.795454545454545,"followup_frail",2581,0.857054103995073,0.888319685791002,0.919484942587339,0.960803537628303,0.878992076018795,0.992340492187204
"ELSA","Phenotype",9,44,0.795454545454545,"incident_adl",2181,0.737598537556114,0.754626444317603,0.933125929605923,0.960803537628303,0.878992076018795,0.992340492187204
"ELSA","Phenotype",10,44,0.772727272727273,"followup_frail",2581,0.85604487023947,0.888319685791002,0.916885966041643,0.960922107434461,0.880544607413556,0.994093226723096
"ELSA","Phenotype",10,44,0.772727272727273,"incident_adl",2181,0.738962251052867,0.754626444317603,0.938481671427664,0.960922107434461,0.880544607413556,0.994093226723096
"ELSA","Phenotype",11,44,0.75,"followup_frail",2581,0.856017539602759,0.888319685791002,0.91681558424615,0.961468845985081,0.881511505412234,0.995184808845484
"ELSA","Phenotype",11,44,0.75,"incident_adl",2181,0.73896765037101,0.754626444317603,0.938502876287817,0.961468845985081,0.881511505412234,0.995184808845484
"ELSA","Phenotype",12,44,0.727272727272727,"followup_frail",2581,0.856097865010652,0.888319685791002,0.917022438059728,0.961815951698802,0.882358299819989,0.996140799692613
"ELSA","Phenotype",12,44,0.727272727272727,"incident_adl",2181,0.73985005322185,0.754626444317603,0.941968356290119,0.961815951698802,0.882358299819989,0.996140799692613
"ELSA","Phenotype",13,44,0.704545454545455,"followup_frail",2581,0.856833125798255,0.888319685791002,0.918915880021356,0.963053271988918,0.884732670220428,0.998821351606663
"ELSA","Phenotype",13,44,0.704545454545455,"incident_adl",2181,0.739111117967388,0.754626444317603,0.939066319714765,0.963053271988918,0.884732670220428,0.998821351606663
"ELSA","Phenotype",14,44,0.681818181818182,"followup_frail",2581,0.858037007015308,0.888319685791002,0.922016112281281,0.963627165982672,0.885568488219478,0.999764950607364
"ELSA","Phenotype",14,44,0.681818181818182,"incident_adl",2181,0.73984542523487,0.754626444317603,0.941950180695701,0.963627165982672,0.885568488219478,0.999764950607364
"ELSA","Phenotype",15,44,0.659090909090909,"followup_frail",2581,0.857784031975512,0.888319685791002,0.921364651515698,0.963685644288431,0.885884585067724,1.00012180900293
"ELSA","Phenotype",15,44,0.659090909090909,"incident_adl",2181,0.739826141955787,0.754626444317603,0.941874449052294,0.963685644288431,0.885884585067724,1.00012180900293
"ELSA","Phenotype",16,44,0.636363636363636,"followup_frail",2581,0.857899353930412,0.888319685791002,0.921661628360086,0.963719252510131,0.885776689492354,1
"ELSA","Phenotype",16,44,0.636363636363636,"incident_adl",2181,0.739826141955787,0.754626444317603,0.941874449052294,0.963719252510131,0.885776689492354,1
"SHARE","Universal",1,50,0.98,"followup_frail",5851,0.666557149291808,0.848751053680717,0.477581780854752,0.785773609425852,0.625811978942891,0.705176114561681
"SHARE","Universal",1,50,0.98,"incident_adl",5130,0.600428814765376,0.704034557737454,0.492214730088052,0.785773609425852,0.625811978942891,0.705176114561681
"SHARE","Universal",2,50,0.96,"followup_frail",5851,0.745361563617359,0.848751053680717,0.703543576507696,0.86829202760246,0.746027178962422,0.840636748927013
"SHARE","Universal",2,50,0.96,"incident_adl",5130,0.653976461424691,0.704034557737454,0.754658735912882,0.86829202760246,0.746027178962422,0.840636748927013
"SHARE","Universal",3,50,0.94,"followup_frail",5851,0.795197723686209,0.848751053680717,0.846442528476097,0.912971700431966,0.811967103487936,0.914939033536423
"SHARE","Universal",3,50,0.94,"incident_adl",5130,0.677057697642706,0.704034557737454,0.867782887399589,0.912971700431966,0.811967103487936,0.914939033536423
"SHARE","Universal",4,50,0.92,"followup_frail",5851,0.80263987755376,0.848751053680717,0.867781973300726,0.925255587742195,0.838438205149271,0.944767143649046
"SHARE","Universal",4,50,0.92,"incident_adl",5130,0.678084685119102,0.704034557737454,0.872816287073567,0.925255587742195,0.838438205149271,0.944767143649046
"SHARE","Universal",5,50,0.9,"followup_frail",5851,0.807639273027542,0.848751053680717,0.882117114144082,0.932375002365456,0.85527184512613,0.963735589815359
"SHARE","Universal",5,50,0.9,"incident_adl",5130,0.681955304812174,0.704034557737454,0.891786699419365,0.932375002365456,0.85527184512613,0.963735589815359
"SHARE","Universal",6,50,0.88,"followup_frail",5851,0.81045831567608,0.848751053680717,0.890200366133677,0.940580965966702,0.867736327498039,0.977780791161445
"SHARE","Universal",6,50,0.88,"incident_adl",5130,0.685253761732759,0.704034557737454,0.907952867333084,0.940580965966702,0.867736327498039,0.977780791161445
"SHARE","Universal",7,50,0.86,"followup_frail",5851,0.810750523539088,0.848751053680717,0.891038235610842,0.943269822436172,0.871983064272159,0.982566090003117
"SHARE","Universal",7,50,0.86,"incident_adl",5130,0.685770747675379,0.704034557737454,0.910486682919781,0.943269822436172,0.871983064272159,0.982566090003117
"SHARE","Universal",8,50,0.84,"followup_frail",5851,0.81010813871587,0.848751053680717,0.889196277525158,0.946191637000214,0.876897682339873,0.988103969414437
"SHARE","Universal",8,50,0.84,"incident_adl",5130,0.685770747675379,0.704034557737454,0.910486682919781,0.946191637000214,0.876897682339873,0.988103969414437
"SHARE","Universal",9,50,0.82,"followup_frail",5851,0.810528884117291,0.848751053680717,0.890402712307162,0.946971970621181,0.878577787333893,0.989997141727533
"SHARE","Universal",9,50,0.82,"incident_adl",5130,0.684868641429111,0.704034557737454,0.906065342455344,0.946971970621181,0.878577787333893,0.989997141727533
"SHARE","Universal",10,50,0.8,"followup_frail",5851,0.811741449830745,0.848751053680717,0.893879592737075,0.948918491395531,0.881477095615711,0.993264134079681
"SHARE","Universal",10,50,0.8,"incident_adl",5130,0.687860203425098,0.704034557737454,0.920727378284767,0.948918491395531,0.881477095615711,0.993264134079681
"SHARE","Universal",11,50,0.78,"followup_frail",5851,0.812024026464437,0.848751053680717,0.89468984586953,0.949537070242432,0.882307996481782,0.994200408015044
"SHARE","Universal",11,50,0.78,"incident_adl",5130,0.687860203425098,0.704034557737454,0.920727378284767,0.949537070242432,0.882307996481782,0.994200408015044
"SHARE","Universal",12,50,0.76,"followup_frail",5851,0.812017605644894,0.848751053680717,0.894671434973061,0.949643012567578,0.882433144215903,0.994341426716927
"SHARE","Universal",12,50,0.76,"incident_adl",5130,0.687860203425098,0.704034557737454,0.920727378284767,0.949643012567578,0.882433144215903,0.994341426716927
"SHARE","Universal",13,50,0.74,"followup_frail",5851,0.812839107103874,0.848751053680717,0.897026987595224,0.951692257824704,0.885650213742944,0.997966478115249
"SHARE","Universal",13,50,0.74,"incident_adl",5130,0.688375513109596,0.704034557737454,0.923252978311607,0.951692257824704,0.885650213742944,0.997966478115249
"SHARE","Universal",14,50,0.72,"followup_frail",5851,0.813610271760581,0.848751053680717,0.899238205736555,0.952450121320873,0.886908960981614,0.999384856984378
"SHARE","Universal",14,50,0.72,"incident_adl",5130,0.688375513109596,0.704034557737454,0.923252978311607,0.952450121320873,0.886908960981614,0.999384856984378
"SHARE","Universal",15,50,0.7,"followup_frail",5851,0.813769096183634,0.848751053680717,0.899693614892676,0.952774671532921,0.887360846046395,0.999894049145815
"SHARE","Universal",15,50,0.7,"incident_adl",5130,0.688901997848243,0.704034557737454,0.925833348737506,0.952774671532921,0.887360846046395,0.999894049145815
"SHARE","Universal",16,50,0.68,"followup_frail",5851,0.813629291924135,0.848751053680717,0.89929274367516,0.952928662406462,0.887454872648203,1
"SHARE","Universal",16,50,0.68,"incident_adl",5130,0.688901997848243,0.704034557737454,0.925833348737506,0.952928662406462,0.887454872648203,1
"SHARE","Phenotype",1,50,0.98,"followup_frail",5851,0.671892002299865,0.848751053680717,0.492878804194905,0.78098011973167,0.618115462115608,0.696503541944758
"SHARE","Phenotype",1,50,0.98,"incident_adl",5130,0.612373830146441,0.704034557737454,0.550758809647533,0.78098011973167,0.618115462115608,0.696503541944758
"SHARE","Phenotype",2,50,0.96,"followup_frail",5851,0.758531149091672,0.848751053680717,0.741305714672788,0.873906272494943,0.729629282259782,0.822159306064248
"SHARE","Phenotype",2,50,0.96,"incident_adl",5130,0.660163111090375,0.704034557737454,0.784980313464685,0.873906272494943,0.729629282259782,0.822159306064248
"SHARE","Phenotype",3,50,0.94,"followup_frail",5851,0.780680008402793,0.848751053680717,0.804814796802755,0.89587943919498,0.788265859432794,0.888232048442728
"SHARE","Phenotype",3,50,0.94,"incident_adl",5130,0.673189732024995,0.704034557737454,0.84882548302357,0.89587943919498,0.788265859432794,0.888232048442728
"SHARE","Phenotype",4,50,0.92,"followup_frail",5851,0.7911062078664,0.848751053680717,0.834710618918757,0.913210888817083,0.821640809164427,0.925839537860236
"SHARE","Phenotype",4,50,0.92,"incident_adl",5130,0.672410411686201,0.704034557737454,0.845005932318847,0.913210888817083,0.821640809164427,0.925839537860236
"SHARE","Phenotype",5,50,0.9,"followup_frail",5851,0.800580551119537,0.848751053680717,0.861877112476683,0.925337649569079,0.846029216289148,0.953320830573121
"SHARE","Phenotype",5,50,0.9,"incident_adl",5130,0.680110862124696,0.704034557737454,0.882746845053854,0.925337649569079,0.846029216289148,0.953320830573121
"SHARE","Phenotype",6,50,0.88,"followup_frail",5851,0.802742247223844,0.848751053680717,0.868075505518059,0.933278818975718,0.857559155638661,0.9663129721511
"SHARE","Phenotype",6,50,0.88,"incident_adl",5130,0.681956562005766,0.704034557737454,0.89179286108926,0.933278818975718,0.857559155638661,0.9663129721511
"SHARE","Phenotype",7,50,0.86,"followup_frail",5851,0.805304881107017,0.848751053680717,0.875423537462699,0.938428133571185,0.865345737716724,0.975087031901121
"SHARE","Phenotype",7,50,0.86,"incident_adl",5130,0.683781867413011,0.704034557737454,0.900738921146369,0.938428133571185,0.865345737716724,0.975087031901121
"SHARE","Phenotype",8,50,0.84,"followup_frail",5851,0.81070491149082,0.848751053680717,0.890907448770812,0.945982312930871,0.876723131501967,0.987907282412894
"SHARE","Phenotype",8,50,0.84,"incident_adl",5130,0.686421834267801,0.704034557737454,0.913677743295248,0.945982312930871,0.876723131501967,0.987907282412894
"SHARE","Phenotype",9,50,0.82,"followup_frail",5851,0.81050035387196,0.848751053680717,0.890320905399254,0.946948103815865,0.878661149290323,0.990091075468841
"SHARE","Phenotype",9,50,0.82,"incident_adl",5130,0.685893114518323,0.704034557737454,0.911086418789532,0.946948103815865,0.878661149290323,0.990091075468841
"SHARE","Phenotype",10,50,0.8,"followup_frail",5851,0.811322945658787,0.848751053680717,0.892679584400064,0.947857602998821,0.880270912925032,0.991904985882005
"SHARE","Phenotype",10,50,0.8,"incident_adl",5130,0.686313715618898,0.704034557737454,0.913147839684301,0.947857602998821,0.880270912925032,0.991904985882005
"SHARE","Phenotype",11,50,0.78,"followup_frail",5851,0.812098471626883,0.848751053680717,0.894903308055982,0.949376219202818,0.882662950544869,0.994600376592632
"SHARE","Phenotype",11,50,0.78,"incident_adl",5130,0.688174362134893,0.704034557737454,0.922267111128452,0.949376219202818,0.882662950544869,0.994600376592632
"SHARE","Phenotype",12,50,0.76,"followup_frail",5851,0.812621768419696,0.848751053680717,0.896403796118427,0.95009345572746,0.883607709729766,0.9956649481151
"SHARE","Phenotype",12,50,0.76,"incident_adl",5130,0.68800366318275,0.704034557737454,0.92143049328275,0.95009345572746,0.883607709729766,0.9956649481151
"SHARE","Phenotype",13,50,0.74,"followup_frail",5851,0.812942567101804,0.848751053680717,0.8973236461912,0.951411360725306,0.885448794367388,0.997739515165623
"SHARE","Phenotype",13,50,0.74,"incident_adl",5130,0.688206769791929,0.704034557737454,0.92242594528574,0.951411360725306,0.885448794367388,0.997739515165623
"SHARE","Phenotype",14,50,0.72,"followup_frail",5851,0.81331158250426,0.848751053680717,0.898381751675217,0.952290242480443,0.886700088889768,0.999149496180935
"SHARE","Phenotype",14,50,0.72,"incident_adl",5130,0.6883869675401,0.704034557737454,0.923309117970648,0.952290242480443,0.886700088889768,0.999149496180935
"SHARE","Phenotype",15,50,0.7,"followup_frail",5851,0.813724998479598,0.848751053680717,0.89956717024521,0.952787269043472,0.887366614268909,0.999900548881961
"SHARE","Phenotype",15,50,0.7,"incident_adl",5130,0.688901997848243,0.704034557737454,0.925833348737506,0.952787269043472,0.887366614268909,0.999900548881961
"SHARE","Phenotype",16,50,0.68,"followup_frail",5851,0.813629291924135,0.848751053680717,0.89929274367516,0.952928662406462,0.887454872648203,1
"SHARE","Phenotype",16,50,0.68,"incident_adl",5130,0.688901997848243,0.704034557737454,0.925833348737506,0.952928662406462,0.887454872648203,1
"CHARLS","Universal",1,39,0.974358974358974,"followup_frail",2930,0.633127150398045,0.842425789086345,0.388776647790614,0.695869627324597,0.550689345797177,0.615148158151588
"CHARLS","Universal",1,39,0.974358974358974,"incident_adl",2288,0.576933983666062,0.70547985669994,0.37441131652339,0.695869627324597,0.550689345797177,0.615148158151588
"CHARLS","Universal",2,39,0.948717948717949,"followup_frail",2930,0.730529908511187,0.842425789086345,0.67322589553282,0.832635200684019,0.72124177089713,0.805663937999568
"CHARLS","Universal",2,39,0.948717948717949,"incident_adl",2288,0.654742324561403,0.70547985669994,0.753077829849627,0.832635200684019,0.72124177089713,0.805663937999568
"CHARLS","Universal",3,39,0.923076923076923,"followup_frail",2930,0.771654811848343,0.842425789086345,0.793324628303166,0.872283859776049,0.769719154280624,0.859815654076798
"CHARLS","Universal",3,39,0.923076923076923,"incident_adl",2288,0.663242494706594,0.70547985669994,0.794445243092491,0.872283859776049,0.769719154280624,0.859815654076798
"CHARLS","Universal",4,39,0.897435897435897,"followup_frail",2930,0.787939699196438,0.842425789086345,0.840882049114099,0.902752956615749,0.819657453258743,0.915599287575543
"CHARLS","Universal",4,39,0.897435897435897,"incident_adl",2288,0.675605196990321,0.70547985669994,0.854610275725252,0.902752956615749,0.819657453258743,0.915599287575543
"CHARLS","Universal",5,39,0.871794871794872,"followup_frail",2930,0.793681565508456,0.842425789086345,0.857650255525591,0.914244141235181,0.839308759604891,0.937550801612203
"CHARLS","Universal",5,39,0.871794871794872,"incident_adl",2288,0.67502327680732,0.70547985669994,0.851778269744974,0.914244141235181,0.839308759604891,0.937550801612203
"CHARLS","Universal",6,39,0.846153846153846,"followup_frail",2930,0.796915568041303,0.842425789086345,0.867094645042736,0.921838646061134,0.856371747515009,0.95661103160499
"CHARLS","Universal",6,39,0.846153846153846,"incident_adl",2288,0.680262921581972,0.70547985669994,0.877277824099362,0.921838646061134,0.856371747515009,0.95661103160499
"CHARLS","Universal",7,39,0.82051282051282,"followup_frail",2930,0.798009912844671,0.842425789086345,0.8702905048122,0.925755237022543,0.86453979231279,0.96573515530813
"CHARLS","Universal",7,39,0.82051282051282,"incident_adl",2288,0.682979336811857,0.70547985669994,0.890497685517952,0.925755237022543,0.86453979231279,0.96573515530813
"CHARLS","Universal",8,39,0.794871794871795,"followup_frail",2930,0.798089998244192,0.842425789086345,0.870524381471241,0.928150357835802,0.869229407925942,0.970973695746375
"CHARLS","Universal",8,39,0.794871794871795,"incident_adl",2288,0.682889537961282,0.70547985669994,0.890060665305766,0.928150357835802,0.869229407925942,0.970973695746375
"CHARLS","Universal",9,39,0.769230769230769,"followup_frail",2930,0.799505385101034,0.842425789086345,0.874657793445317,0.929351193950705,0.872347421976429,0.974456676877001
"CHARLS","Universal",9,39,0.769230769230769,"incident_adl",2288,0.68238087473533,0.70547985669994,0.887585175814381,0.929351193950705,0.872347421976429,0.974456676877001
"CHARLS","Universal",10,39,0.743589743589744,"followup_frail",2930,0.801767622523657,0.842425789086345,0.88126429767112,0.930503472507687,0.875641311569701,0.97813611998212
"CHARLS","Universal",10,39,0.743589743589744,"incident_adl",2288,0.682386782554447,0.70547985669994,0.887613927144131,0.930503472507687,0.875641311569701,0.97813611998212
"CHARLS","Universal",11,39,0.717948717948718,"followup_frail",2930,0.805169033894569,0.842425789086345,0.891197578046957,0.934222621758719,0.883201667048395,0.986581423642312
"CHARLS","Universal",11,39,0.717948717948718,"incident_adl",2288,0.685612451792196,0.70547985669994,0.903312153187083,0.934222621758719,0.883201667048395,0.986581423642312
"CHARLS","Universal",12,39,0.692307692307692,"followup_frail",2930,0.805202422268131,0.842425789086345,0.891295083476239,0.936225685252479,0.888089571949209,0.992041463354181
"CHARLS","Universal",12,39,0.692307692307692,"incident_adl",2288,0.687648286259831,0.70547985669994,0.91321986141859,0.936225685252479,0.888089571949209,0.992041463354181
"CHARLS","Universal",13,39,0.666666666666667,"followup_frail",2930,0.805831664692939,0.842425789086345,0.893132685797276,0.939082745161715,0.890972158461626,0.995261459886453
"CHARLS","Universal",13,39,0.666666666666667,"incident_adl",2288,0.687705592105263,0.70547985669994,0.913498749317153,0.939082745161715,0.890972158461626,0.995261459886453
"CHARLS","Universal",14,39,0.641025641025641,"followup_frail",2930,0.806274585984168,0.842425789086345,0.894426166911566,0.940612051317888,0.893135966474402,0.997678544080675
"CHARLS","Universal",14,39,0.641025641025641,"incident_adl",2288,0.687685505520266,0.70547985669994,0.913400994796006,0.940612051317888,0.893135966474402,0.997678544080675
"CHARLS","Universal",15,39,0.615384615384615,"followup_frail",2930,0.806425183892888,0.842425789086345,0.894865964127546,0.941895229746617,0.895152785216639,0.99993143374357
"CHARLS","Universal",15,39,0.615384615384615,"incident_adl",2288,0.687996847587719,0.70547985669994,0.914916189873778,0.941895229746617,0.895152785216639,0.99993143374357
"CHARLS","Universal",16,39,0.58974358974359,"followup_frail",2930,0.807228139254267,0.842425789086345,0.897210867423298,0.94175251163326,0.895214166700753,1
"CHARLS","Universal",16,39,0.58974358974359,"incident_adl",2288,0.688024023555656,0.70547985669994,0.915048445990623,0.94175251163326,0.895214166700753,1
"CHARLS","Phenotype",1,39,0.974358974358974,"followup_frail",2930,0.619698953613042,0.842425789086345,0.349561736960352,0.679710751105776,0.521415220049164,0.582447462790722
"CHARLS","Phenotype",1,39,0.974358974358974,"incident_adl",2288,0.565118345432547,0.70547985669994,0.316908657025387,0.679710751105776,0.521415220049164,0.582447462790722
"CHARLS","Phenotype",2,39,0.948717948717949,"followup_frail",2930,0.698082013052753,0.842425789086345,0.578466982820635,0.791653135636417,0.642833551436077,0.718077947543205
"CHARLS","Phenotype",2,39,0.948717948717949,"incident_adl",2288,0.62565576792196,0.70547985669994,0.611523532963398,0.791653135636417,0.642833551436077,0.718077947543205
"CHARLS","Phenotype",3,39,0.923076923076923,"followup_frail",2930,0.748320541461355,0.842425789086345,0.725180606647414,0.845727500123321,0.719741997733267,0.803988614686276
"CHARLS","Phenotype",3,39,0.923076923076923,"incident_adl",2288,0.648895355981549,0.70547985669994,0.724622638797044,0.845727500123321,0.719741997733267,0.803988614686276
"CHARLS","Phenotype",4,39,0.897435897435897,"followup_frail",2930,0.774143529846871,0.842425789086345,0.800592532993313,0.885899116406597,0.790063551223716,0.882541385750672
"CHARLS","Phenotype",4,39,0.897435897435897,"incident_adl",2288,0.663812008469449,0.70547985669994,0.797216871280293,0.885899116406597,0.790063551223716,0.882541385750672
"CHARLS","Phenotype",5,39,0.871794871794872,"followup_frail",2930,0.788941116918146,0.842425789086345,0.843806530136337,0.907812191698045,0.827380749005259,0.924226603846665
"CHARLS","Phenotype",5,39,0.871794871794872,"incident_adl",2288,0.673929148706897,0.70547985669994,0.846453523475461,0.907812191698045,0.827380749005259,0.924226603846665
"CHARLS","Phenotype",6,39,0.846153846153846,"followup_frail",2930,0.792315210528872,0.842425789086345,0.853660033342765,0.915655264975254,0.846221871547987,0.945273101147043
"CHARLS","Phenotype",6,39,0.846153846153846,"incident_adl",2288,0.681314513384755,0.70547985669994,0.882395560794685,0.915655264975254,0.846221871547987,0.945273101147043
"CHARLS","Phenotype",7,39,0.82051282051282,"followup_frail",2930,0.793366827553487,0.842425789086345,0.856731113436998,0.918089951206077,0.851784957089261,0.951487352158928
"CHARLS","Phenotype",7,39,0.82051282051282,"incident_adl",2288,0.680811167196007,0.70547985669994,0.879945947500069,0.918089951206077,0.851784957089261,0.951487352158928
"CHARLS","Phenotype",8,39,0.794871794871795,"followup_frail",2930,0.798122686162364,0.842425789086345,0.870619841332074,0.927740830072184,0.86951950683081,0.971297751057003
"CHARLS","Phenotype",8,39,0.794871794871795,"incident_adl",2288,0.682529751777072,0.70547985669994,0.888309709324054,0.927740830072184,0.86951950683081,0.971297751057003
"CHARLS","Phenotype",9,39,0.769230769230769,"followup_frail",2930,0.799097486579275,0.842425789086345,0.873466590753349,0.929153109944588,0.873302752147791,0.975523829528173
"CHARLS","Phenotype",9,39,0.769230769230769,"incident_adl",2288,0.6810132146098,0.70547985669994,0.880929242977484,0.929153109944588,0.873302752147791,0.975523829528173
"CHARLS","Phenotype",10,39,0.743589743589744,"followup_frail",2930,0.800593659291027,0.842425789086345,0.877835924954911,0.930481249075094,0.878117495729594,0.980902144305683
"CHARLS","Phenotype",10,39,0.743589743589744,"incident_adl",2288,0.682103207236842,0.70547985669994,0.886233863316176,0.930481249075094,0.878117495729594,0.980902144305683
"CHARLS","Phenotype",11,39,0.717948717948718,"followup_frail",2930,0.80251851070109,0.842425789086345,0.883457147045686,0.933623745211043,0.883999476433788,0.987472617520905
"CHARLS","Phenotype",11,39,0.717948717948718,"incident_adl",2288,0.683437783575318,0.70547985669994,0.892728788706478,0.933623745211043,0.883999476433788,0.987472617520905
"CHARLS","Phenotype",12,39,0.692307692307692,"followup_frail",2930,0.804441961200375,0.842425789086345,0.889074277999569,0.935562322212539,0.886905062949685,0.990718306233143
"CHARLS","Phenotype",12,39,0.692307692307692,"incident_adl",2288,0.684078781949486,0.70547985669994,0.895848307984243,0.935562322212539,0.886905062949685,0.990718306233143
"CHARLS","Phenotype",13,39,0.666666666666667,"followup_frail",2930,0.80514475144107,0.842425789086345,0.891126665007482,0.939569476873243,0.892367801248251,0.996820464243777
"CHARLS","Phenotype",13,39,0.666666666666667,"incident_adl",2288,0.686863727881125,0.70547985669994,0.90940168482792,0.939569476873243,0.892367801248251,0.996820464243777
"CHARLS","Phenotype",14,39,0.641025641025641,"followup_frail",2930,0.806780081290183,0.842425789086345,0.895902385473736,0.94099023504941,0.893627249092451,0.998227331886234
"CHARLS","Phenotype",14,39,0.641025641025641,"incident_adl",2288,0.688034066848155,0.70547985669994,0.915097323251199,0.94099023504941,0.893627249092451,0.998227331886234
"CHARLS","Phenotype",15,39,0.615384615384615,"followup_frail",2930,0.806897991280731,0.842425789086345,0.896246722828883,0.942159341754773,0.895318512970551,1.000116560119
"CHARLS","Phenotype",15,39,0.615384615384615,"incident_adl",2288,0.687996847587719,0.70547985669994,0.914916189873778,0.942159341754773,0.895318512970551,1.000116560119
"CHARLS","Phenotype",16,39,0.58974358974359,"followup_frail",2930,0.807228139254267,0.842425789086345,0.897210867423298,0.94175251163326,0.895214166700753,1
"CHARLS","Phenotype",16,39,0.58974358974359,"incident_adl",2288,0.688024023555656,0.70547985669994,0.915048445990623,0.94175251163326,0.895214166700753,1
"MHAS","Universal",1,43,0.976744186046512,"followup_frail",3989,0.669039949011861,0.843773826233116,0.491718496617696,0.753815681461651,0.630928991695976,0.710714243280763
"MHAS","Universal",1,43,0.976744186046512,"incident_adl",3480,0.596638139602065,0.701064769677054,0.480631886716321,0.753815681461651,0.630928991695976,0.710714243280763
"MHAS","Universal",2,43,0.953488372093023,"followup_frail",3989,0.733349388965422,0.843773826233116,0.678787537499105,0.860902377686593,0.75771175420032,0.853529546270895
"MHAS","Universal",2,43,0.953488372093023,"incident_adl",3480,0.641026974325642,0.701064769677054,0.701400720534764,0.860902377686593,0.75771175420032,0.853529546270895
"MHAS","Universal",3,43,0.930232558139535,"followup_frail",3989,0.758420001256292,0.843773826233116,0.75171517299009,0.891756823660225,0.804306129144058,0.906016096049283
"MHAS","Universal",3,43,0.930232558139535,"incident_adl",3480,0.643572021810566,0.701064769677054,0.714058569490659,0.891756823660225,0.804306129144058,0.906016096049283
"MHAS","Universal",4,43,0.906976744186047,"followup_frail",3989,0.786247417019728,0.843773826233116,0.832662044566538,0.91412386939014,0.8322684867115,0.93751448344383
"MHAS","Universal",4,43,0.906976744186047,"incident_adl",3480,0.655262581398428,0.701064769677054,0.772201821571265,0.91412386939014,0.8322684867115,0.93751448344383
"MHAS","Universal",5,43,0.883720930232558,"followup_frail",3989,0.790546156828598,0.843773826233116,0.845166602740652,0.927212189426501,0.849419904382436,0.956834814244329
"MHAS","Universal",5,43,0.883720930232558,"incident_adl",3480,0.660532505205888,0.701064769677054,0.798411902113592,0.927212189426501,0.849419904382436,0.956834814244329
"MHAS","Universal",6,43,0.86046511627907,"followup_frail",3989,0.793167042471344,0.843773826233116,0.852790468907149,0.930997435293927,0.866618912405805,0.976208753520207
"MHAS","Universal",6,43,0.86046511627907,"incident_adl",3480,0.667355649442097,0.701064769677054,0.832346958201082,0.930997435293927,0.866618912405805,0.976208753520207
"MHAS","Universal",7,43,0.837209302325581,"followup_frail",3989,0.792999040452612,0.843773826233116,0.852301769634803,0.93438107624899,0.874702239477044,0.985314272141539
"MHAS","Universal",7,43,0.837209302325581,"incident_adl",3480,0.669415857196163,0.701064769677054,0.842593446222703,0.93438107624899,0.874702239477044,0.985314272141539
"MHAS","Universal",8,43,0.813953488372093,"followup_frail",3989,0.792949763470486,0.843773826233116,0.852158428349441,0.935563354153212,0.879116233204913,0.990286445323367
"MHAS","Universal",8,43,0.813953488372093,"incident_adl",3480,0.669435115973953,0.701064769677054,0.842689230172427,0.935563354153212,0.879116233204913,0.990286445323367
"MHAS","Universal",9,43,0.790697674418605,"followup_frail",3989,0.793335856748022,0.843773826233116,0.853281530947933,0.935883652549575,0.880903356129742,0.99229956206691
"MHAS","Universal",9,43,0.790697674418605,"incident_adl",3480,0.669460633854524,0.701064769677054,0.842816143905808,0.935883652549575,0.880903356129742,0.99229956206691
"MHAS","Universal",10,43,0.767441860465116,"followup_frail",3989,0.793918245696116,0.843773826233116,0.854975635919436,0.936565844654408,0.882517009804478,0.99411727319677
"MHAS","Universal",10,43,0.767441860465116,"incident_adl",3480,0.670830414424825,0.701064769677054,0.849628777329859,0.936565844654408,0.882517009804478,0.99411727319677
"MHAS","Universal",11,43,0.744186046511628,"followup_frail",3989,0.794026411379409,0.843773826233116,0.8552902779167,0.937290211796952,0.88329453262255,0.994993119050349
"MHAS","Universal",11,43,0.744186046511628,"incident_adl",3480,0.671983774479712,0.701064769677054,0.855365038618893,0.937290211796952,0.88329453262255,0.994993119050349
"MHAS","Universal",12,43,0.720930232558139,"followup_frail",3989,0.795214338627089,0.843773826233116,0.858745826760242,0.937883705884331,0.885676639943472,0.997676460003586
"MHAS","Universal",12,43,0.720930232558139,"incident_adl",3480,0.672086568206165,0.701064769677054,0.855876285450538,0.937883705884331,0.885676639943472,0.997676460003586
"MHAS","Universal",13,43,0.697674418604651,"followup_frail",3989,0.796339992765489,0.843773826233116,0.862020230023382,0.939273670486285,0.887192952261878,0.999384520302189
"MHAS","Universal",13,43,0.697674418604651,"incident_adl",3480,0.673397609504207,0.701064769677054,0.862396777827934,0.939273670486285,0.887192952261878,0.999384520302189
"MHAS","Universal",14,43,0.674418604651163,"followup_frail",3989,0.796361788353737,0.843773826233116,0.862083630976523,0.939611360650777,0.888274044935786,1.00060232447947
"MHAS","Universal",14,43,0.674418604651163,"incident_adl",3480,0.673309259861096,0.701064769677054,0.861957368958578,0.939611360650777,0.888274044935786,1.00060232447947
"MHAS","Universal",15,43,0.651162790697674,"followup_frail",3989,0.796261068368293,0.843773826233116,0.861790647689961,0.93946135665067,0.88768606087688,0.99993998584709
"MHAS","Universal",15,43,0.651162790697674,"incident_adl",3480,0.674215626090829,0.701064769677054,0.866465201092416,0.93946135665067,0.88768606087688,0.99993998584709
"MHAS","Universal",16,43,0.627906976744186,"followup_frail",3989,0.796380605662846,0.843773826233116,0.862138368445385,0.939471211985943,0.887739337801243,1
"MHAS","Universal",16,43,0.627906976744186,"incident_adl",3480,0.67436993704787,0.701064769677054,0.867232669989572,0.939471211985943,0.887739337801243,1
"MHAS","Phenotype",1,43,0.976744186046512,"followup_frail",3989,0.644982763886362,0.843773826233116,0.421738808550387,0.744102886221893,0.569361948632923,0.641361629916188
"MHAS","Phenotype",1,43,0.976744186046512,"incident_adl",3480,0.585410753620048,0.701064769677054,0.424792238626553,0.744102886221893,0.569361948632923,0.641361629916188
"MHAS","Phenotype",2,43,0.953488372093023,"followup_frail",3989,0.698309934889403,0.843773826233116,0.576861644943636,0.822996511791039,0.674107501676612,0.759352968796274
"MHAS","Phenotype",2,43,0.953488372093023,"incident_adl",3480,0.609750959929706,0.701064769677054,0.545848783483977,0.822996511791039,0.674107501676612,0.759352968796274
"MHAS","Phenotype",3,43,0.930232558139535,"followup_frail",3989,0.72859795072735,0.843773826233116,0.664966129714412,0.849564756509449,0.722714922765033,0.814107128062002
"MHAS","Phenotype",3,43,0.930232558139535,"incident_adl",3480,0.630317890200893,0.701064769677054,0.648138857991914,0.849564756509449,0.722714922765033,0.814107128062002
"MHAS","Phenotype",4,43,0.906976744186047,"followup_frail",3989,0.760042486505688,0.843773826233116,0.75643480294905,0.890357510982902,0.783803543494442,0.882920819342951
"MHAS","Phenotype",4,43,0.906976744186047,"incident_adl",3480,0.644471888202795,0.701064769677054,0.718534074541466,0.890357510982902,0.783803543494442,0.882920819342951
"MHAS","Phenotype",5,43,0.883720930232558,"followup_frail",3989,0.779745698281912,0.843773826233116,0.813749264588323,0.916873000671322,0.82898271061832,0.933813198671074
"MHAS","Phenotype",5,43,0.883720930232558,"incident_adl",3480,0.655246933641474,0.701064769677054,0.772123997112117,0.916873000671322,0.82898271061832,0.933813198671074
"MHAS","Phenotype",6,43,0.86046511627907,"followup_frail",3989,0.780674785997106,0.843773826233116,0.816451877888976,0.919178062139628,0.839362202356057,0.945505247559484
"MHAS","Phenotype",6,43,0.86046511627907,"incident_adl",3480,0.659799708710986,0.701064769677054,0.794767322826634,0.919178062139628,0.839362202356057,0.945505247559484
"MHAS","Phenotype",7,43,0.837209302325581,"followup_frail",3989,0.782114377832073,0.843773826233116,0.820639491154189,0.923732748815331,0.85225404744621,0.960027353926972
"MHAS","Phenotype",7,43,0.837209302325581,"incident_adl",3480,0.663155791475583,0.701064769677054,0.811458873365236,0.923732748815331,0.85225404744621,0.960027353926972
"MHAS","Phenotype",8,43,0.813953488372093,"followup_frail",3989,0.793588198216931,0.843773826233116,0.854015564343303,0.934699055742936,0.877394095004984,0.988346531064082
"MHAS","Phenotype",8,43,0.813953488372093,"incident_adl",3480,0.669060051276496,0.701064769677054,0.84082383775157,0.934699055742936,0.877394095004984,0.988346531064082
"MHAS","Phenotype",9,43,0.790697674418605,"followup_frail",3989,0.794864796957173,0.843773826233116,0.857729048741549,0.935781041117618,0.880608634090805,0.991967570426586
"MHAS","Phenotype",9,43,0.790697674418605,"incident_adl",3480,0.669808736263075,0.701064769677054,0.844547438797052,0.935781041117618,0.880608634090805,0.991967570426586
"MHAS","Phenotype",10,43,0.767441860465116,"followup_frail",3989,0.794851394701046,0.843773826233116,0.85769006306229,0.936925781788964,0.88305661392257,0.994725113916579
"MHAS","Phenotype",10,43,0.767441860465116,"incident_adl",3480,0.670364592737033,0.701064769677054,0.847312003045929,0.936925781788964,0.88305661392257,0.994725113916579
"MHAS","Phenotype",11,43,0.744186046511628,"followup_frail",3989,0.794546933347196,0.843773826233116,0.856804418692019,0.937390866654995,0.884272190139771,0.996094407993613
"MHAS","Phenotype",11,43,0.744186046511628,"incident_adl",3480,0.671437065925204,0.701064769677054,0.852645971746133,0.937390866654995,0.884272190139771,0.996094407993613
"MHAS","Phenotype",12,43,0.720930232558139,"followup_frail",3989,0.794489127656625,0.843773826233116,0.856636268338036,0.937973925681496,0.885563061320341,0.997548518592978
"MHAS","Phenotype",12,43,0.720930232558139,"incident_adl",3480,0.671750984003178,0.701064769677054,0.854207250126617,0.937973925681496,0.885563061320341,0.997548518592978
"MHAS","Phenotype",13,43,0.697674418604651,"followup_frail",3989,0.795545062987896,0.843773826233116,0.859707867310073,0.939265771724927,0.887067195989474,0.999242861295937
"MHAS","Phenotype",13,43,0.697674418604651,"incident_adl",3480,0.672662887131525,0.701064769677054,0.858742620145998,0.939265771724927,0.887067195989474,0.999242861295937
"MHAS","Phenotype",14,43,0.674418604651163,"followup_frail",3989,0.796011569802199,0.843773826233116,0.861064883984131,0.939418384490253,0.887425039457721,0.999645956498559
"MHAS","Phenotype",14,43,0.674418604651163,"incident_adl",3480,0.673479459309814,0.701064769677054,0.862803859614258,0.939418384490253,0.887425039457721,0.999645956498559
"MHAS","Phenotype",15,43,0.651162790697674,"followup_frail",3989,0.796355154913836,0.843773826233116,0.862064335034265,0.939445848990756,0.887644964319969,0.999893692351735
"MHAS","Phenotype",15,43,0.651162790697674,"incident_adl",3480,0.674215626090829,0.701064769677054,0.866465201092416,0.939445848990756,0.887644964319969,0.999893692351735
"MHAS","Phenotype",16,43,0.627906976744186,"followup_frail",3989,0.796380605662846,0.843773826233116,0.862138368445385,0.939471211985943,0.887739337801243,1
"MHAS","Phenotype",16,43,0.627906976744186,"incident_adl",3480,0.67436993704787,0.701064769677054,0.867232669989572,0.939471211985943,0.887739337801243,1
