"held_out","phenotype","item","SHAP_rank","mean_abs_SHAP"
"HRS",1,"q_shlt",1,0.0253321081995292
"HRS",1,"q_chaira",5,0.0210172520551032
"HRS",1,"q_climsa",4,0.0211377542819079
"HRS",1,"q_stoopa",2,0.0227814429646772
"HRS",1,"q_lifta",3,0.0216929049639849
"HRS",1,"q_dimea",12,0.0036027244789356
"HRS",1,"q_armsa",8,0.00627683832273746
"HRS",1,"q_dressa",7,0.00699575725398801
"HRS",1,"q_batha",10,0.00433694693494621
"HRS",1,"q_eata",16,0.000587753253869036
"HRS",1,"q_beda",13,0.00339020856307705
"HRS",1,"q_moneya",11,0.00400675534247841
"HRS",1,"q_medsa",15,0.00182818574082297
"HRS",1,"q_toilta",14,0.00267393205098841
"HRS",1,"q_mealsa",9,0.00582267665654189
"HRS",1,"q_shopa",6,0.0129100482712569
"HRS",2,"q_shlt",1,0.0237318939484446
"HRS",2,"q_chaira",4,0.0202672090003431
"HRS",2,"q_climsa",2,0.023559826379769
"HRS",2,"q_stoopa",3,0.0204462504194027
"HRS",2,"q_lifta",5,0.0195113609831363
"HRS",2,"q_dimea",10,0.00316278509568132
"HRS",2,"q_armsa",7,0.00641322451541107
"HRS",2,"q_dressa",8,0.00451181340055623
"HRS",2,"q_batha",12,0.00253926410963797
"HRS",2,"q_eata",16,0.000111149389969459
"HRS",2,"q_beda",15,0.00140880991306564
"HRS",2,"q_moneya",13,0.00217733754350219
"HRS",2,"q_medsa",14,0.00160387997523762
"HRS",2,"q_toilta",11,0.00296830897153486
"HRS",2,"q_mealsa",9,0.00426682589467707
"HRS",2,"q_shopa",6,0.0086172352998337
"HRS",3,"q_shlt",3,0.0239407354622038
"HRS",3,"q_chaira",5,0.0175407814242756
"HRS",3,"q_climsa",1,0.0288550658295059
"HRS",3,"q_stoopa",4,0.0188608513908282
"HRS",3,"q_lifta",2,0.0259891862357957
"HRS",3,"q_dimea",12,0.00432416240598053
"HRS",3,"q_armsa",8,0.00789398528863925
"HRS",3,"q_dressa",7,0.00963580418073886
"HRS",3,"q_batha",10,0.00484658003133193
"HRS",3,"q_eata",16,0.000191569573552934
"HRS",3,"q_beda",13,0.00393530981677643
"HRS",3,"q_moneya",11,0.0044652553527828
"HRS",3,"q_medsa",15,0.000433711504318518
"HRS",3,"q_toilta",14,0.00322171418585479
"HRS",3,"q_mealsa",9,0.00616196684804763
"HRS",3,"q_shopa",6,0.0140685141586491
"HRS",4,"q_shlt",4,0.0218706888827015
"HRS",4,"q_chaira",3,0.0280922248268024
"HRS",4,"q_climsa",5,0.0214412385423052
"HRS",4,"q_stoopa",6,0.0201668223673565
"HRS",4,"q_lifta",2,0.0303474006078069
"HRS",4,"q_dimea",11,0.0108562794278814
"HRS",4,"q_armsa",7,0.0176682630835123
"HRS",4,"q_dressa",8,0.0152431517417094
"HRS",4,"q_batha",13,0.0100508793450933
"HRS",4,"q_eata",16,0.00233833701908662
"HRS",4,"q_beda",9,0.0124327671016513
"HRS",4,"q_moneya",14,0.00573240782947503
"HRS",4,"q_medsa",15,0.00463971966245551
"HRS",4,"q_toilta",12,0.0101535896424435
"HRS",4,"q_mealsa",10,0.0108569679939571
"HRS",4,"q_shopa",1,0.0321264066523729
"HRS",5,"q_shlt",4,0.0272691890152481
"HRS",5,"q_chaira",3,0.0299529365816202
"HRS",5,"q_climsa",2,0.0307100458711931
"HRS",5,"q_stoopa",5,0.0228201768813189
"HRS",5,"q_lifta",1,0.0331004368819926
"HRS",5,"q_dimea",9,0.00675776215115904
"HRS",5,"q_armsa",7,0.0128963176410636
"HRS",5,"q_dressa",8,0.0095336768425488
"HRS",5,"q_batha",14,0.00161057969467388
"HRS",5,"q_eata",16,0.00068163183574892
"HRS",5,"q_beda",11,0.00537336967309484
"HRS",5,"q_moneya",13,0.00347751126690073
"HRS",5,"q_medsa",15,0.0013156609451313
"HRS",5,"q_toilta",12,0.00495082087166002
"HRS",5,"q_mealsa",10,0.00627016604748883
"HRS",5,"q_shopa",6,0.0163175077224959
"HRS",6,"q_shlt",3,0.025980509664982
"HRS",6,"q_chaira",4,0.0252270553558774
"HRS",6,"q_climsa",1,0.0295458097204498
"HRS",6,"q_stoopa",5,0.0173285076491879
"HRS",6,"q_lifta",2,0.028245697665749
"HRS",6,"q_dimea",10,0.00690540408401231
"HRS",6,"q_armsa",7,0.0130244850064098
"HRS",6,"q_dressa",8,0.00934705742522275
"HRS",6,"q_batha",14,0.00512866727355974
"HRS",6,"q_eata",16,0.00104943884533333
"HRS",6,"q_beda",11,0.00688284403371278
"HRS",6,"q_moneya",12,0.00613943004871454
"HRS",6,"q_medsa",15,0.00212083553896565
"HRS",6,"q_toilta",13,0.00561040550987148
"HRS",6,"q_mealsa",9,0.00719349163801811
"HRS",6,"q_shopa",6,0.0161973280173771
"ELSA",1,"q_shlt",4,0.0258590024419185
"ELSA",1,"q_chaira",2,0.0289662297887191
"ELSA",1,"q_climsa",3,0.0283262926218196
"ELSA",1,"q_stoopa",5,0.0256083737599293
"ELSA",1,"q_lifta",1,0.0309758096075497
"ELSA",1,"q_dimea",9,0.00713256270006904
"ELSA",1,"q_armsa",7,0.0146348395934241
"ELSA",1,"q_dressa",8,0.010660769928989
"ELSA",1,"q_batha",14,0.00235631322182167
"ELSA",1,"q_eata",16,0.000730228037836848
"ELSA",1,"q_beda",11,0.00623111775882512
"ELSA",1,"q_moneya",13,0.00388066633288579
"ELSA",1,"q_medsa",15,0.00192302937890673
"ELSA",1,"q_toilta",12,0.00490888647991452
"ELSA",1,"q_mealsa",10,0.0063446478581837
"ELSA",1,"q_shopa",6,0.0191105552795121
"ELSA",2,"q_shlt",4,0.0207169913862525
"ELSA",2,"q_chaira",5,0.0203746643738221
"ELSA",2,"q_climsa",1,0.0304364882317523
"ELSA",2,"q_stoopa",3,0.0212206129816732
"ELSA",2,"q_lifta",2,0.0272293301621356
"ELSA",2,"q_dimea",13,0.00383021141969234
"ELSA",2,"q_armsa",7,0.0107466141596922
"ELSA",2,"q_dressa",8,0.00901429208212995
"ELSA",2,"q_batha",12,0.0044160463346821
"ELSA",2,"q_eata",16,0.00044050149561852
"ELSA",2,"q_beda",14,0.00252833578488013
"ELSA",2,"q_moneya",10,0.00667465854000303
"ELSA",2,"q_medsa",15,0.000858034551134774
"ELSA",2,"q_toilta",11,0.00501297183170122
"ELSA",2,"q_mealsa",9,0.00838844131958321
"ELSA",2,"q_shopa",6,0.0121308415046566
"ELSA",3,"q_shlt",3,0.0262525084953192
"ELSA",3,"q_chaira",4,0.0239579244189657
"ELSA",3,"q_climsa",6,0.018305040670784
"ELSA",3,"q_stoopa",9,0.0156702215298447
"ELSA",3,"q_lifta",2,0.027428311671026
"ELSA",3,"q_dimea",13,0.00991400696742575
"ELSA",3,"q_armsa",5,0.0186306022977883
"ELSA",3,"q_dressa",7,0.0160618634188871
"ELSA",3,"q_batha",8,0.0159302776943661
"ELSA",3,"q_eata",16,0.00336375108717545
"ELSA",3,"q_beda",10,0.0145409908478281
"ELSA",3,"q_moneya",14,0.00817624701291037
"ELSA",3,"q_medsa",15,0.00686048943088119
"ELSA",3,"q_toilta",12,0.0112244964921204
"ELSA",3,"q_mealsa",11,0.0134814919752553
"ELSA",3,"q_shopa",1,0.029181410671419
"ELSA",4,"q_shlt",1,0.0252647012658391
"ELSA",4,"q_chaira",5,0.0220332695212446
"ELSA",4,"q_climsa",3,0.0242027417380286
"ELSA",4,"q_stoopa",2,0.0245565656614321
"ELSA",4,"q_lifta",4,0.0221535979146406
"ELSA",4,"q_dimea",9,0.0042669578930488
"ELSA",4,"q_armsa",7,0.00699245400844174
"ELSA",4,"q_dressa",8,0.00598171567583556
"ELSA",4,"q_batha",13,0.00290049899025523
"ELSA",4,"q_eata",16,0.000267658213961227
"ELSA",4,"q_beda",14,0.00228204161392186
"ELSA",4,"q_moneya",12,0.00291216602547889
"ELSA",4,"q_medsa",15,0.00205295131232522
"ELSA",4,"q_toilta",11,0.00344603397528288
"ELSA",4,"q_mealsa",10,0.00417954593987526
"ELSA",4,"q_shopa",6,0.0112239990834425
"ELSA",5,"q_shlt",2,0.0239132716761365
"ELSA",5,"q_chaira",4,0.0228625363198136
"ELSA",5,"q_climsa",5,0.0208876234519382
"ELSA",5,"q_stoopa",6,0.0196012745995584
"ELSA",5,"q_lifta",1,0.0253903074632664
"ELSA",5,"q_dimea",12,0.0055109842490648
"ELSA",5,"q_armsa",10,0.00769495670208578
"ELSA",5,"q_dressa",9,0.00833109176776128
"ELSA",5,"q_batha",11,0.00688363233090146
"ELSA",5,"q_eata",16,0.00211347776351469
"ELSA",5,"q_beda",13,0.00485008374537183
"ELSA",5,"q_moneya",8,0.00915955291770007
"ELSA",5,"q_medsa",14,0.00337053255047694
"ELSA",5,"q_toilta",15,0.00239768215944679
"ELSA",5,"q_mealsa",7,0.0117661416389258
"ELSA",5,"q_shopa",3,0.0230917239004536
"ELSA",6,"q_shlt",3,0.0254592973679069
"ELSA",6,"q_chaira",4,0.0239920480035912
"ELSA",6,"q_climsa",2,0.0283014964767819
"ELSA",6,"q_stoopa",5,0.0194372929660883
"ELSA",6,"q_lifta",1,0.0299314699293126
"ELSA",6,"q_dimea",10,0.00730122580915266
"ELSA",6,"q_armsa",7,0.0137574768181303
"ELSA",6,"q_dressa",8,0.0121841502630671
"ELSA",6,"q_batha",14,0.00439176174053862
"ELSA",6,"q_eata",16,0.000870662368066386
"ELSA",6,"q_beda",11,0.00729625525531494
"ELSA",6,"q_moneya",12,0.00612109838551054
"ELSA",6,"q_medsa",15,0.00186047270195415
"ELSA",6,"q_toilta",13,0.00469775449238322
"ELSA",6,"q_mealsa",9,0.00748233476226309
"ELSA",6,"q_shopa",6,0.0159685750203925
"SHARE",1,"q_shlt",2,0.0289908893092617
"SHARE",1,"q_chaira",4,0.0230561727793613
"SHARE",1,"q_climsa",1,0.0306990339707846
"SHARE",1,"q_stoopa",5,0.0196587884618488
"SHARE",1,"q_lifta",3,0.0287194573843603
"SHARE",1,"q_dimea",12,0.0065826028330701
"SHARE",1,"q_armsa",6,0.0118609836516337
"SHARE",1,"q_dressa",13,0.00635041115529467
"SHARE",1,"q_batha",9,0.00755569442441489
"SHARE",1,"q_eata",16,0.000901347867720511
"SHARE",1,"q_beda",10,0.00693115841266166
"SHARE",1,"q_moneya",14,0.00573622071392111
"SHARE",1,"q_medsa",15,0.00169215636016856
"SHARE",1,"q_toilta",11,0.00659507984462849
"SHARE",1,"q_mealsa",8,0.00905015933712333
"SHARE",1,"q_shopa",7,0.0116989787718862
"SHARE",2,"q_shlt",2,0.0275454810450418
"SHARE",2,"q_chaira",3,0.0260008016149195
"SHARE",2,"q_climsa",1,0.0308064319602902
"SHARE",2,"q_stoopa",5,0.0224913610493748
"SHARE",2,"q_lifta",4,0.0254083955539117
"SHARE",2,"q_dimea",10,0.00590794139886002
"SHARE",2,"q_armsa",8,0.00753570874676667
"SHARE",2,"q_dressa",9,0.00719972073649593
"SHARE",2,"q_batha",13,0.00388826452645379
"SHARE",2,"q_eata",16,0.00108667672914187
"SHARE",2,"q_beda",12,0.00408276254766248
"SHARE",2,"q_moneya",11,0.00550978897262292
"SHARE",2,"q_medsa",15,0.00178486538555318
"SHARE",2,"q_toilta",14,0.0034556885764112
"SHARE",2,"q_mealsa",7,0.00785378299237165
"SHARE",2,"q_shopa",6,0.0113257412610618
"SHARE",3,"q_shlt",3,0.0305687464863511
"SHARE",3,"q_chaira",4,0.0304241498905566
"SHARE",3,"q_climsa",2,0.031540645643052
"SHARE",3,"q_stoopa",5,0.0242841106200832
"SHARE",3,"q_lifta",1,0.0331652791850999
"SHARE",3,"q_dimea",9,0.00706664759838888
"SHARE",3,"q_armsa",7,0.0135465506329693
"SHARE",3,"q_dressa",8,0.00937736938801131
"SHARE",3,"q_batha",15,0.00191235321780912
"SHARE",3,"q_eata",16,0.000832575397782704
"SHARE",3,"q_beda",10,0.00622289085375782
"SHARE",3,"q_moneya",13,0.00282584230481628
"SHARE",3,"q_medsa",14,0.0022485158407602
"SHARE",3,"q_toilta",12,0.00460063793025466
"SHARE",3,"q_mealsa",11,0.00553553055990581
"SHARE",3,"q_shopa",6,0.0148302681760245
"SHARE",4,"q_shlt",3,0.0216009252122936
"SHARE",4,"q_chaira",5,0.017286302849622
"SHARE",4,"q_climsa",1,0.0341471695232668
"SHARE",4,"q_stoopa",4,0.019216291150232
"SHARE",4,"q_lifta",2,0.0237530305474501
"SHARE",4,"q_dimea",12,0.00389877450408348
"SHARE",4,"q_armsa",6,0.0107369877692676
"SHARE",4,"q_dressa",8,0.00878502423886868
"SHARE",4,"q_batha",13,0.00264206922447337
"SHARE",4,"q_eata",15,0.000475920414696835
"SHARE",4,"q_beda",14,0.0024063719074559
"SHARE",4,"q_moneya",9,0.00509615891707441
"SHARE",4,"q_medsa",16,0.000402523034339482
"SHARE",4,"q_toilta",11,0.0046186854603098
"SHARE",4,"q_mealsa",10,0.00507085890141748
"SHARE",4,"q_shopa",7,0.00896411265153083
"SHARE",5,"q_shlt",2,0.031058932578309
"SHARE",5,"q_chaira",4,0.0232421997620304
"SHARE",5,"q_climsa",5,0.0208740337562381
"SHARE",5,"q_stoopa",8,0.0155769351042764
"SHARE",5,"q_lifta",1,0.0329151502106088
"SHARE",5,"q_dimea",12,0.0102745847109854
"SHARE",5,"q_armsa",6,0.0174078847114278
"SHARE",5,"q_dressa",7,0.015640433010656
"SHARE",5,"q_batha",10,0.0114794923771838
"SHARE",5,"q_eata",16,0.0023315949243457
"SHARE",5,"q_beda",9,0.0137529575932536
"SHARE",5,"q_moneya",14,0.0070529371168238
"SHARE",5,"q_medsa",15,0.00521419016531035
"SHARE",5,"q_toilta",13,0.00992024393647287
"SHARE",5,"q_mealsa",11,0.0106357773281734
"SHARE",5,"q_shopa",3,0.0259640014748169
"CHARLS",1,"q_shlt",3,0.0268834560196219
"CHARLS",1,"q_chaira",4,0.0243249285387327
"CHARLS",1,"q_climsa",5,0.0191038639984078
"CHARLS",1,"q_stoopa",8,0.0157969811195887
"CHARLS",1,"q_lifta",2,0.0293359508445858
"CHARLS",1,"q_dimea",12,0.0108109676656706
"CHARLS",1,"q_armsa",6,0.0180004708698201
"CHARLS",1,"q_dressa",7,0.0163646727560331
"CHARLS",1,"q_batha",10,0.0128946742059226
"CHARLS",1,"q_eata",16,0.00343784823588745
"CHARLS",1,"q_beda",9,0.0137063678525572
"CHARLS",1,"q_moneya",14,0.00762202015711427
"CHARLS",1,"q_medsa",15,0.00561678558758062
"CHARLS",1,"q_toilta",13,0.00895349612969721
"CHARLS",1,"q_mealsa",11,0.0112171072226317
"CHARLS",1,"q_shopa",1,0.0300708061747721
"CHARLS",2,"q_shlt",3,0.02710930842285
"CHARLS",2,"q_chaira",4,0.024518327785381
"CHARLS",2,"q_climsa",2,0.0272839066948683
"CHARLS",2,"q_stoopa",5,0.0229625707263412
"CHARLS",2,"q_lifta",1,0.0294681089370879
"CHARLS",2,"q_dimea",9,0.00563934913482921
"CHARLS",2,"q_armsa",7,0.010802420199487
"CHARLS",2,"q_dressa",8,0.00773209894591011
"CHARLS",2,"q_batha",14,0.00202817634177991
"CHARLS",2,"q_eata",16,0.000299742892625626
"CHARLS",2,"q_beda",10,0.00456244609426848
"CHARLS",2,"q_moneya",12,0.00347935111283742
"CHARLS",2,"q_medsa",15,0.00157488159587193
"CHARLS",2,"q_toilta",13,0.00338844987957349
"CHARLS",2,"q_mealsa",11,0.00383996500264182
"CHARLS",2,"q_shopa",6,0.0117265136602465
"CHARLS",3,"q_shlt",3,0.0271924666681658
"CHARLS",3,"q_chaira",4,0.0216633789417461
"CHARLS",3,"q_climsa",2,0.0272223683989631
"CHARLS",3,"q_stoopa",5,0.0174944658811724
"CHARLS",3,"q_lifta",1,0.0279634439236928
"CHARLS",3,"q_dimea",9,0.00572904460082439
"CHARLS",3,"q_armsa",7,0.0112707340021895
"CHARLS",3,"q_dressa",8,0.00938781398269696
"CHARLS",3,"q_batha",11,0.00536795775570848
"CHARLS",3,"q_eata",16,0.000615388009984615
"CHARLS",3,"q_beda",12,0.0045780662286762
"CHARLS",3,"q_moneya",10,0.00546487080243011
"CHARLS",3,"q_medsa",15,0.00142428149579325
"CHARLS",3,"q_toilta",14,0.00298538807773397
"CHARLS",3,"q_mealsa",13,0.00392158609913924
"CHARLS",3,"q_shopa",6,0.0159114768013021
"CHARLS",4,"q_shlt",4,0.0280272394890192
"CHARLS",4,"q_chaira",2,0.0291744307096539
"CHARLS",4,"q_climsa",3,0.0281675892152408
"CHARLS",4,"q_stoopa",5,0.0243884258310646
"CHARLS",4,"q_lifta",1,0.031254443094547
"CHARLS",4,"q_dimea",9,0.00713061560162144
"CHARLS",4,"q_armsa",7,0.0142786687367841
"CHARLS",4,"q_dressa",8,0.00935893880089235
"CHARLS",4,"q_batha",14,0.00178488192089043
"CHARLS",4,"q_eata",16,0.000629425344201374
"CHARLS",4,"q_beda",10,0.0065069854644974
"CHARLS",4,"q_moneya",13,0.0038678311284963
"CHARLS",4,"q_medsa",15,0.00151385126068702
"CHARLS",4,"q_toilta",12,0.0047979801814115
"CHARLS",4,"q_mealsa",11,0.00613423838672547
"CHARLS",4,"q_shopa",6,0.0186303720418782
"CHARLS",5,"q_shlt",3,0.0214941038096219
"CHARLS",5,"q_chaira",5,0.0196278595687104
"CHARLS",5,"q_climsa",1,0.029273689454436
"CHARLS",5,"q_stoopa",4,0.0201613926783188
"CHARLS",5,"q_lifta",2,0.0270491671817647
"CHARLS",5,"q_dimea",12,0.00413677750022381
"CHARLS",5,"q_armsa",7,0.0105926045549841
"CHARLS",5,"q_dressa",8,0.00869509569162032
"CHARLS",5,"q_batha",11,0.00453416743568936
"CHARLS",5,"q_eata",16,0.00025216348104866
"CHARLS",5,"q_beda",14,0.00292217480288364
"CHARLS",5,"q_moneya",10,0.00616492084732845
"CHARLS",5,"q_medsa",15,0.000406610721754719
"CHARLS",5,"q_toilta",13,0.00408742813907634
"CHARLS",5,"q_mealsa",9,0.00669625251814594
"CHARLS",5,"q_shopa",6,0.0116345637335976
"CHARLS",6,"q_shlt",2,0.023630477009337
"CHARLS",6,"q_chaira",4,0.0207379031498094
"CHARLS",6,"q_climsa",3,0.0216315711188675
"CHARLS",6,"q_stoopa",6,0.0195515752431013
"CHARLS",6,"q_lifta",1,0.0240213495825915
"CHARLS",6,"q_dimea",12,0.00483628256774873
"CHARLS",6,"q_armsa",9,0.00706063191935651
"CHARLS",6,"q_dressa",7,0.0101186633225095
"CHARLS",6,"q_batha",11,0.00636403921872494
"CHARLS",6,"q_eata",15,0.00159409841805086
"CHARLS",6,"q_beda",13,0.0041939355100372
"CHARLS",6,"q_moneya",8,0.00747196909647121
"CHARLS",6,"q_medsa",14,0.00190175705023054
"CHARLS",6,"q_toilta",16,0.000873408161779692
"CHARLS",6,"q_mealsa",10,0.00666418790671685
"CHARLS",6,"q_shopa",5,0.0196570505966399
"MHAS",1,"q_shlt",4,0.0222604355020226
"MHAS",1,"q_chaira",2,0.0252567190398849
"MHAS",1,"q_climsa",5,0.020330644047754
"MHAS",1,"q_stoopa",8,0.0154480097260403
"MHAS",1,"q_lifta",1,0.0271601663729452
"MHAS",1,"q_dimea",13,0.00850981218155288
"MHAS",1,"q_armsa",7,0.0175109252304475
"MHAS",1,"q_dressa",9,0.0138749882744525
"MHAS",1,"q_batha",6,0.0186117835761466
"MHAS",1,"q_eata",16,0.00281175086157379
"MHAS",1,"q_beda",11,0.0110808292047529
"MHAS",1,"q_moneya",12,0.0107675193407837
"MHAS",1,"q_medsa",15,0.00571399649244106
"MHAS",1,"q_toilta",14,0.00833679912509294
"MHAS",1,"q_mealsa",10,0.0119442192393576
"MHAS",1,"q_shopa",3,0.0243412540094128
"MHAS",2,"q_shlt",3,0.0234176804377703
"MHAS",2,"q_chaira",4,0.0211349363960306
"MHAS",2,"q_climsa",2,0.0259560719948019
"MHAS",2,"q_stoopa",5,0.0176761791804673
"MHAS",2,"q_lifta",1,0.026720384650332
"MHAS",2,"q_dimea",14,0.00458089742414887
"MHAS",2,"q_armsa",7,0.0115379753500125
"MHAS",2,"q_dressa",9,0.00783472485009507
"MHAS",2,"q_batha",8,0.00928195778040277
"MHAS",2,"q_eata",16,0.00123297421036478
"MHAS",2,"q_beda",12,0.0070440526877847
"MHAS",2,"q_moneya",10,0.00754864586625802
"MHAS",2,"q_medsa",15,0.00151267162632
"MHAS",2,"q_toilta",13,0.00559265744834066
"MHAS",2,"q_mealsa",11,0.00714722661254652
"MHAS",2,"q_shopa",6,0.0148502666894457
"MHAS",3,"q_shlt",3,0.0204286551805887
"MHAS",3,"q_chaira",5,0.0176054466174656
"MHAS",3,"q_climsa",1,0.027575242605878
"MHAS",3,"q_stoopa",4,0.0191091462468247
"MHAS",3,"q_lifta",2,0.0273884913084932
"MHAS",3,"q_dimea",14,0.00358296920730513
"MHAS",3,"q_armsa",7,0.0100930559191363
"MHAS",3,"q_dressa",8,0.00744501330252184
"MHAS",3,"q_batha",11,0.00587771368851082
"MHAS",3,"q_eata",16,0.000552888461737534
"MHAS",3,"q_beda",13,0.00384806582069571
"MHAS",3,"q_moneya",10,0.00659003197311946
"MHAS",3,"q_medsa",15,0.000559126611210195
"MHAS",3,"q_toilta",12,0.00385464343720699
"MHAS",3,"q_mealsa",9,0.00704909814794519
"MHAS",3,"q_shopa",6,0.0135499604251425
"MHAS",4,"q_shlt",2,0.0239665533631579
"MHAS",4,"q_chaira",4,0.0196392288336569
"MHAS",4,"q_climsa",3,0.0198860551691783
"MHAS",4,"q_stoopa",5,0.0195523252250973
"MHAS",4,"q_lifta",1,0.0248732846583459
"MHAS",4,"q_dimea",12,0.00343303999633575
"MHAS",4,"q_armsa",10,0.00689070252260152
"MHAS",4,"q_dressa",11,0.00584293030032163
"MHAS",4,"q_batha",8,0.00862484186591582
"MHAS",4,"q_eata",16,0.00103318091572719
"MHAS",4,"q_beda",13,0.00319669715805618
"MHAS",4,"q_moneya",9,0.00835137995973781
"MHAS",4,"q_medsa",14,0.00309192020963761
"MHAS",4,"q_toilta",15,0.0030242881985326
"MHAS",4,"q_mealsa",7,0.00945955688213593
"MHAS",4,"q_shopa",6,0.0185946890888394
"MHAS",5,"q_shlt",1,0.0228867021089766
"MHAS",5,"q_chaira",5,0.0154046545198671
"MHAS",5,"q_climsa",3,0.0206569191317594
"MHAS",5,"q_stoopa",6,0.015294362879135
"MHAS",5,"q_lifta",2,0.0218077963358259
"MHAS",5,"q_dimea",13,0.00368399407798705
"MHAS",5,"q_armsa",11,0.00595872205216957
"MHAS",5,"q_dressa",8,0.00819074176537411
"MHAS",5,"q_batha",7,0.0105649576174072
"MHAS",5,"q_eata",14,0.00274809297687864
"MHAS",5,"q_beda",12,0.00441904074679583
"MHAS",5,"q_moneya",9,0.00733069609519699
"MHAS",5,"q_medsa",15,0.00171419839793141
"MHAS",5,"q_toilta",16,0.00126993390615398
"MHAS",5,"q_mealsa",10,0.00720199939318275
"MHAS",5,"q_shopa",4,0.020107943956598
"MHAS",6,"q_shlt",2,0.0198327857622025
"MHAS",6,"q_chaira",5,0.0150949520329221
"MHAS",6,"q_climsa",1,0.0211025657741611
"MHAS",6,"q_stoopa",4,0.0162997678887874
"MHAS",6,"q_lifta",3,0.0194569225606246
"MHAS",6,"q_dimea",13,0.00200075265302351
"MHAS",6,"q_armsa",7,0.00611324467834318
"MHAS",6,"q_dressa",11,0.00407304429046004
"MHAS",6,"q_batha",8,0.00509201508660596
"MHAS",6,"q_eata",16,0.000324423275079169
"MHAS",6,"q_beda",15,0.0018414279688796
"MHAS",6,"q_moneya",9,0.00505283386785276
"MHAS",6,"q_medsa",14,0.0019529187688151
"MHAS",6,"q_toilta",12,0.00227254565688489
"MHAS",6,"q_mealsa",10,0.00476002124133528
"MHAS",6,"q_shopa",6,0.00856243442270861
