"cohort","k","strategy","outcome","rule","n","events","eligible_n","calculable_n","calculable_fraction","AUROC","AUROC_low","AUROC_high","Spearman","MAE","RMSE","threshold85","sensitivity","specificity"
"HRS",1,"Universal","concurrent","complete_items",8075,3831,8349,8238,0.986704994610133,0.772225028913637,NA,NA,0.649814268971821,0.310982238693231,0.375340881597298,0,1,0
"HRS",2,"Universal","concurrent","complete_items",8075,3831,8349,8196,0.981674452030183,0.877113783064937,NA,NA,0.77461337390696,0.286989981632923,0.347374381894052,0.5,0.925084834246933,0.668001885014138
"HRS",3,"Universal","concurrent","complete_items",8075,3831,8349,8193,0.981315127560187,0.918940486497006,NA,NA,0.828588879800016,0.221388447933766,0.282882281636534,0.5,0.877838684416601,0.801366635249764
"HRS",4,"Universal","concurrent","complete_items",8075,3831,8349,8187,0.980596478620194,0.937575082583153,NA,NA,0.859951169332453,0.214039515511974,0.271383346529206,0.4375,0.873662229182981,0.855089538171536
"HRS",5,"Universal","concurrent","complete_items",8030,3809,8349,8127,0.973409989220266,0.943618802311686,NA,NA,0.876014863268294,0.228072331229957,0.28493698439903,0.5,0.895510632711998,0.841506751954513
"HRS",6,"Universal","concurrent","complete_items",7993,3787,8349,7993,0.95736016289376,0.948066947252162,NA,NA,0.889230824190051,0.17735388698765,0.222615851964656,0.458333333333333,0.838658568787959,0.917498811222064
"HRS",7,"Universal","concurrent","complete_items",7984,3779,8349,7984,0.956282189483771,0.951143483655057,NA,NA,0.895678853086165,0.15169888776799,0.192872123450624,0.392857142857143,0.864779042074623,0.903923900118906
"HRS",8,"Universal","concurrent","complete_items",7980,3775,8349,7980,0.955803090190442,0.952687450291753,NA,NA,0.899715700878812,0.126825559058552,0.162164884782308,0.34375,0.872582781456954,0.901070154577883
"HRS",9,"Universal","concurrent","complete_items",7813,3682,8349,7813,0.935800694693975,0.954311382347616,NA,NA,0.903888432229425,0.106487986609932,0.136296981766831,0.305555555555556,0.878326996197719,0.898813846526265
"HRS",10,"Universal","concurrent","complete_items",7798,3670,8349,7798,0.934004072343993,0.955199587320195,NA,NA,0.905384944107221,0.0918033155039174,0.117314651890965,0.275,0.886103542234332,0.892441860465116
"HRS",11,"Universal","concurrent","complete_items",7790,3662,8349,7790,0.933045873757336,0.955378958791104,NA,NA,0.906483154070958,0.0824760799712288,0.105044236466076,0.25,0.886947023484435,0.891472868217054
"HRS",12,"Universal","concurrent","complete_items",7783,3655,8349,7783,0.932207449994011,0.955731403567376,NA,NA,0.906925757448061,0.0775054634242801,0.0982125391745795,0.229166666666667,0.889740082079343,0.889777131782946
"HRS",13,"Universal","concurrent","complete_items",7780,3652,8349,7780,0.931848125524015,0.956129254067008,NA,NA,0.90800799073701,0.07669154248361,0.096897885564289,0.211538461538462,0.890744797371303,0.888808139534884
"HRS",14,"Universal","concurrent","complete_items",7609,3553,8349,7609,0.91136663073422,0.957847869761421,NA,NA,0.910630842052067,0.0756042440273075,0.0941754741649093,0.196428571428571,0.895581198986772,0.886587771203156
"HRS",15,"Universal","concurrent","complete_items",7598,3550,8349,7598,0.910049107677566,0.957621917274397,NA,NA,0.910948317744997,0.0767886905633731,0.0944821599579613,0.183333333333333,0.896056338028169,0.884140316205534
"HRS",16,"Universal","concurrent","complete_items",7593,3545,8349,7593,0.909450233560905,0.957598103435781,NA,NA,0.910824963475998,0.0805412445262915,0.0979984482096564,0.171875,0.896473906911142,0.884140316205534
"HRS",1,"Phenotype","concurrent","complete_items",8075,3831,8349,8245,0.987543418373458,0.665559632946268,NA,NA,0.38731272454103,0.356179015299068,0.425555995178095,0,1,0
"HRS",2,"Phenotype","concurrent","complete_items",8075,3831,8349,8154,0.976643909450234,0.79289815634202,NA,NA,0.610899526433265,0.260206481043518,0.317737784539732,0.25,0.791699295223179,0.68449575871819
"HRS",3,"Phenotype","concurrent","complete_items",8075,3831,8349,8142,0.975206611570248,0.858923378185451,NA,NA,0.710488714314356,0.21039629041153,0.26824853282931,0.333333333333333,0.903419472722527,0.681668237511781
"HRS",4,"Phenotype","concurrent","complete_items",8075,3831,8349,8133,0.974128638160259,0.904639368650655,NA,NA,0.808681987355018,0.190849786056764,0.247639357218973,0.4375,0.79378752283999,0.861687087653157
"HRS",5,"Phenotype","concurrent","complete_items",8044,3820,8349,8077,0.967421248053659,0.928379095272093,NA,NA,0.853520831221335,0.201577453818451,0.257163962955832,0.4,0.879581151832461,0.800899621212121
"HRS",6,"Phenotype","concurrent","complete_items",7993,3787,8349,7993,0.95736016289376,0.948066947252162,NA,NA,0.889230824190051,0.17735388698765,0.222615851964656,0.458333333333333,0.838658568787959,0.917498811222064
"HRS",7,"Phenotype","concurrent","complete_items",7984,3779,8349,7984,0.956282189483771,0.950905671526639,NA,NA,0.895311790945859,0.150972142809117,0.191841610127761,0.392857142857143,0.863455940725059,0.905588585017836
"HRS",8,"Phenotype","concurrent","complete_items",7980,3775,8349,7980,0.955803090190442,0.952687450291753,NA,NA,0.899715700878812,0.126825559058552,0.162164884782308,0.34375,0.872582781456954,0.901070154577883
"HRS",9,"Phenotype","concurrent","complete_items",7892,3739,8349,7892,0.945262905737214,0.953263564614965,NA,NA,0.902017607759037,0.106066928097926,0.135847103729481,0.305555555555556,0.876972452527414,0.898145918613051
"HRS",10,"Phenotype","concurrent","complete_items",7801,3672,8349,7801,0.93436339681399,0.95449398510245,NA,NA,0.904526645003803,0.0919990789292341,0.117636002435292,0.275,0.882625272331155,0.895131993218697
"HRS",11,"Phenotype","concurrent","complete_items",7762,3649,8349,7762,0.929692178704036,0.955710616039605,NA,NA,0.906792305544166,0.082788980633697,0.105473359522171,0.25,0.888188544806796,0.893022124969609
"HRS",12,"Phenotype","concurrent","complete_items",7718,3624,8349,7718,0.924422086477422,0.956239566382074,NA,NA,0.907967160980093,0.0771770921429879,0.0977369222717394,0.229166666666667,0.890728476821192,0.890083048363459
"HRS",13,"Phenotype","concurrent","complete_items",7678,3605,8349,7678,0.919631093544137,0.956466776747384,NA,NA,0.909039737770161,0.075647351618977,0.0951297292687822,0.211538461538462,0.892371705963939,0.88853424993862
"HRS",14,"Phenotype","concurrent","complete_items",7608,3553,8349,7608,0.911246855910887,0.957794024812918,NA,NA,0.910605335051379,0.0756211443409871,0.0942113692178925,0.196428571428571,0.895581198986772,0.8865598027127
"HRS",15,"Phenotype","concurrent","complete_items",7598,3550,8349,7598,0.910049107677566,0.957621917274397,NA,NA,0.910948317744997,0.0767886905633731,0.0944821599579613,0.183333333333333,0.896056338028169,0.884140316205534
"HRS",16,"Phenotype","concurrent","complete_items",7593,3545,8349,7593,0.909450233560905,0.957598103435781,NA,NA,0.910824963475998,0.0805412445262915,0.0979984482096564,0.171875,0.896473906911142,0.884140316205534
"HRS",1,"Universal","followup_frail","complete_items",6510,3017,8349,8238,0.986704994610133,0.70940754561825,NA,NA,NA,NA,NA,0,NA,NA
"HRS",2,"Universal","followup_frail","complete_items",6510,3017,8349,8196,0.981674452030183,0.804303051863469,NA,NA,NA,NA,NA,0.5,NA,NA
"HRS",3,"Universal","followup_frail","complete_items",6510,3017,8349,8193,0.981315127560187,0.848769464683427,NA,NA,NA,NA,NA,0.5,NA,NA
"HRS",4,"Universal","followup_frail","complete_items",6510,3017,8349,8187,0.980596478620194,0.859787048883505,NA,NA,NA,NA,NA,0.4375,NA,NA
"HRS",5,"Universal","followup_frail","complete_items",6475,3002,8349,8127,0.973409989220266,0.864367655462631,NA,NA,NA,NA,NA,0.5,NA,NA
"HRS",6,"Universal","followup_frail","complete_items",6452,2989,8349,7993,0.95736016289376,0.868461865225917,NA,NA,NA,NA,NA,0.458333333333333,NA,NA
"HRS",7,"Universal","followup_frail","complete_items",6445,2982,8349,7984,0.956282189483771,0.870680624317665,NA,NA,NA,NA,NA,0.392857142857143,NA,NA
"HRS",8,"Universal","followup_frail","complete_items",6442,2979,8349,7980,0.955803090190442,0.872319490839573,NA,NA,NA,NA,NA,0.34375,NA,NA
"HRS",9,"Universal","followup_frail","complete_items",6329,2918,8349,7813,0.935800694693975,0.872349948730561,NA,NA,NA,NA,NA,0.305555555555556,NA,NA
"HRS",10,"Universal","followup_frail","complete_items",6320,2912,8349,7798,0.934004072343993,0.873018106636615,NA,NA,NA,NA,NA,0.275,NA,NA
"HRS",11,"Universal","followup_frail","complete_items",6315,2908,8349,7790,0.933045873757336,0.873229028430422,NA,NA,NA,NA,NA,0.25,NA,NA
"HRS",12,"Universal","followup_frail","complete_items",6312,2905,8349,7783,0.932207449994011,0.873278614899869,NA,NA,NA,NA,NA,0.229166666666667,NA,NA
"HRS",13,"Universal","followup_frail","complete_items",6312,2905,8349,7780,0.931848125524015,0.873809616427048,NA,NA,NA,NA,NA,0.211538461538462,NA,NA
"HRS",14,"Universal","followup_frail","complete_items",6183,2833,8349,7609,0.91136663073422,0.876734014361654,NA,NA,NA,NA,NA,0.196428571428571,NA,NA
"HRS",15,"Universal","followup_frail","complete_items",6172,2826,8349,7598,0.910049107677566,0.877300652425243,NA,NA,NA,NA,NA,0.183333333333333,NA,NA
"HRS",16,"Universal","followup_frail","complete_items",6170,2824,8349,7593,0.909450233560905,0.877130678210336,NA,NA,NA,NA,NA,0.171875,NA,NA
"HRS",1,"Phenotype","followup_frail","complete_items",6510,3017,8349,8245,0.987543418373458,0.611126652186897,NA,NA,NA,NA,NA,0,NA,NA
"HRS",2,"Phenotype","followup_frail","complete_items",6510,3017,8349,8154,0.976643909450234,0.721168080751683,NA,NA,NA,NA,NA,0.25,NA,NA
"HRS",3,"Phenotype","followup_frail","complete_items",6510,3017,8349,8142,0.975206611570248,0.781553447346419,NA,NA,NA,NA,NA,0.333333333333333,NA,NA
"HRS",4,"Phenotype","followup_frail","complete_items",6510,3017,8349,8133,0.974128638160259,0.826958002372471,NA,NA,NA,NA,NA,0.4375,NA,NA
"HRS",5,"Phenotype","followup_frail","complete_items",6486,3010,8349,8077,0.967421248053659,0.849025782871824,NA,NA,NA,NA,NA,0.4,NA,NA
"HRS",6,"Phenotype","followup_frail","complete_items",6452,2989,8349,7993,0.95736016289376,0.868461865225917,NA,NA,NA,NA,NA,0.458333333333333,NA,NA
"HRS",7,"Phenotype","followup_frail","complete_items",6445,2982,8349,7984,0.956282189483771,0.870571440966523,NA,NA,NA,NA,NA,0.392857142857143,NA,NA
"HRS",8,"Phenotype","followup_frail","complete_items",6442,2979,8349,7980,0.955803090190442,0.872319490839573,NA,NA,NA,NA,NA,0.34375,NA,NA
"HRS",9,"Phenotype","followup_frail","complete_items",6379,2951,8349,7892,0.945262905737214,0.872680660828539,NA,NA,NA,NA,NA,0.305555555555556,NA,NA
"HRS",10,"Phenotype","followup_frail","complete_items",6322,2913,8349,7801,0.93436339681399,0.872593970625806,NA,NA,NA,NA,NA,0.275,NA,NA
"HRS",11,"Phenotype","followup_frail","complete_items",6294,2902,8349,7762,0.929692178704036,0.873717489483505,NA,NA,NA,NA,NA,0.25,NA,NA
"HRS",12,"Phenotype","followup_frail","complete_items",6262,2882,8349,7718,0.924422086477422,0.874834413971231,NA,NA,NA,NA,NA,0.229166666666667,NA,NA
"HRS",13,"Phenotype","followup_frail","complete_items",6228,2864,8349,7678,0.919631093544137,0.875258394419386,NA,NA,NA,NA,NA,0.211538461538462,NA,NA
"HRS",14,"Phenotype","followup_frail","complete_items",6182,2833,8349,7608,0.911246855910887,0.876824161175971,NA,NA,NA,NA,NA,0.196428571428571,NA,NA
"HRS",15,"Phenotype","followup_frail","complete_items",6172,2826,8349,7598,0.910049107677566,0.877300652425243,NA,NA,NA,NA,NA,0.183333333333333,NA,NA
"HRS",16,"Phenotype","followup_frail","complete_items",6170,2824,8349,7593,0.909450233560905,0.877130678210336,NA,NA,NA,NA,NA,0.171875,NA,NA
"HRS",1,"Universal","incident_adl","complete_items",5424,592,8349,8238,0.986704994610133,0.63224897082513,NA,NA,NA,NA,NA,0,NA,NA
"HRS",2,"Universal","incident_adl","complete_items",5424,592,8349,8196,0.981674452030183,0.705339438931895,NA,NA,NA,NA,NA,0.5,NA,NA
"HRS",3,"Universal","incident_adl","complete_items",5424,592,8349,8193,0.981315127560187,0.735976094057634,NA,NA,NA,NA,NA,0.5,NA,NA
"HRS",4,"Universal","incident_adl","complete_items",5424,592,8349,8187,0.980596478620194,0.750399749138625,NA,NA,NA,NA,NA,0.4375,NA,NA
"HRS",5,"Universal","incident_adl","complete_items",5395,588,8349,8127,0.973409989220266,0.754288495094314,NA,NA,NA,NA,NA,0.5,NA,NA
"HRS",6,"Universal","incident_adl","complete_items",5379,585,8349,7993,0.95736016289376,0.759582134363111,NA,NA,NA,NA,NA,0.458333333333333,NA,NA
"HRS",7,"Universal","incident_adl","complete_items",5376,584,8349,7984,0.956282189483771,0.761956285590139,NA,NA,NA,NA,NA,0.392857142857143,NA,NA
"HRS",8,"Universal","incident_adl","complete_items",5373,582,8349,7980,0.955803090190442,0.761312017593125,NA,NA,NA,NA,NA,0.34375,NA,NA
"HRS",9,"Universal","incident_adl","complete_items",5286,569,8349,7813,0.935800694693975,0.762094290814401,NA,NA,NA,NA,NA,0.305555555555556,NA,NA
"HRS",10,"Universal","incident_adl","complete_items",5281,567,8349,7798,0.934004072343993,0.760664320097215,NA,NA,NA,NA,NA,0.275,NA,NA
"HRS",11,"Universal","incident_adl","complete_items",5277,565,8349,7790,0.933045873757336,0.76018412789038,NA,NA,NA,NA,NA,0.25,NA,NA
"HRS",12,"Universal","incident_adl","complete_items",5277,565,8349,7783,0.932207449994011,0.760944002884745,NA,NA,NA,NA,NA,0.229166666666667,NA,NA
"HRS",13,"Universal","incident_adl","complete_items",5277,565,8349,7780,0.931848125524015,0.760944002884745,NA,NA,NA,NA,NA,0.211538461538462,NA,NA
"HRS",14,"Universal","incident_adl","complete_items",5171,550,8349,7609,0.91136663073422,0.765244043988904,NA,NA,NA,NA,NA,0.196428571428571,NA,NA
"HRS",15,"Universal","incident_adl","complete_items",5162,547,8349,7598,0.910049107677566,0.767407171194796,NA,NA,NA,NA,NA,0.183333333333333,NA,NA
"HRS",16,"Universal","incident_adl","complete_items",5162,547,8349,7593,0.909450233560905,0.767407171194796,NA,NA,NA,NA,NA,0.171875,NA,NA
"HRS",1,"Phenotype","incident_adl","complete_items",5424,592,8349,8245,0.987543418373458,0.580590090556202,NA,NA,NA,NA,NA,0,NA,NA
"HRS",2,"Phenotype","incident_adl","complete_items",5424,592,8349,8154,0.976643909450234,0.652640371901289,NA,NA,NA,NA,NA,0.25,NA,NA
"HRS",3,"Phenotype","incident_adl","complete_items",5424,592,8349,8142,0.975206611570248,0.695806636779578,NA,NA,NA,NA,NA,0.333333333333333,NA,NA
"HRS",4,"Phenotype","incident_adl","complete_items",5424,592,8349,8133,0.974128638160259,0.728855595299356,NA,NA,NA,NA,NA,0.4375,NA,NA
"HRS",5,"Phenotype","incident_adl","complete_items",5401,591,8349,8077,0.967421248053659,0.746524619113452,NA,NA,NA,NA,NA,0.4,NA,NA
"HRS",6,"Phenotype","incident_adl","complete_items",5379,585,8349,7993,0.95736016289376,0.759582134363111,NA,NA,NA,NA,NA,0.458333333333333,NA,NA
"HRS",7,"Phenotype","incident_adl","complete_items",5376,584,8349,7984,0.956282189483771,0.761902328652777,NA,NA,NA,NA,NA,0.392857142857143,NA,NA
"HRS",8,"Phenotype","incident_adl","complete_items",5373,582,8349,7980,0.955803090190442,0.761312017593125,NA,NA,NA,NA,NA,0.34375,NA,NA
"HRS",9,"Phenotype","incident_adl","complete_items",5318,572,8349,7892,0.945262905737214,0.761389974332452,NA,NA,NA,NA,NA,0.305555555555556,NA,NA
"HRS",10,"Phenotype","incident_adl","complete_items",5281,567,8349,7801,0.93436339681399,0.76039513056908,NA,NA,NA,NA,NA,0.275,NA,NA
"HRS",11,"Phenotype","incident_adl","complete_items",5257,566,8349,7762,0.929692178704036,0.761404064470496,NA,NA,NA,NA,NA,0.25,NA,NA
"HRS",12,"Phenotype","incident_adl","complete_items",5231,559,8349,7718,0.924422086477422,0.76268490240645,NA,NA,NA,NA,NA,0.229166666666667,NA,NA
"HRS",13,"Phenotype","incident_adl","complete_items",5208,555,8349,7678,0.919631093544137,0.76342415916884,NA,NA,NA,NA,NA,0.211538461538462,NA,NA
"HRS",14,"Phenotype","incident_adl","complete_items",5170,549,8349,7608,0.911246855910887,0.766527561472946,NA,NA,NA,NA,NA,0.196428571428571,NA,NA
"HRS",15,"Phenotype","incident_adl","complete_items",5162,547,8349,7598,0.910049107677566,0.767407171194796,NA,NA,NA,NA,NA,0.183333333333333,NA,NA
"HRS",16,"Phenotype","incident_adl","complete_items",5162,547,8349,7593,0.909450233560905,0.767407171194796,NA,NA,NA,NA,NA,0.171875,NA,NA
"ELSA",1,"Universal","concurrent","complete_items",4196,1272,4197,4197,1,0.799913317674591,NA,NA,0.636833323878906,0.278602000330048,0.367073186871191,0,1,0
"ELSA",2,"Universal","concurrent","complete_items",4196,1272,4197,4197,1,0.887144935859381,NA,NA,0.75172242761874,0.261070739897761,0.333848431782025,0.5,0.916666666666667,0.73016415868673
"ELSA",3,"Universal","concurrent","complete_items",4196,1272,4197,4197,1,0.915072158196319,NA,NA,0.798011525261296,0.22369047203636,0.287958275536897,0.333333333333333,0.956761006289308,0.666210670314637
"ELSA",4,"Universal","concurrent","complete_items",4196,1272,4197,4196,0.999761734572314,0.94309845757083,NA,NA,0.842937054358433,0.189898476913875,0.260686879616588,0.4375,0.904088050314465,0.84610123119015
"ELSA",5,"Universal","concurrent","complete_items",4196,1272,4197,4196,0.999761734572314,0.948093177047036,NA,NA,0.859683117836223,0.210675228316209,0.279512033281669,0.5,0.911949685534591,0.820451436388509
"ELSA",6,"Universal","concurrent","complete_items",4196,1272,4197,4196,0.999761734572314,0.953243032074611,NA,NA,0.866637273971518,0.169728587802844,0.226500865362669,0.416666666666667,0.922955974842767,0.818399452804378
"ELSA",7,"Universal","concurrent","complete_items",4196,1272,4197,4196,0.999761734572314,0.955313432964234,NA,NA,0.871989715495171,0.142872112238296,0.190909661596023,0.392857142857143,0.889150943396226,0.883036935704514
"ELSA",8,"Universal","concurrent","complete_items",4196,1272,4197,4196,0.999761734572314,0.959378817893985,NA,NA,0.876614577871968,0.12802148172813,0.171745587486799,0.34375,0.911163522012579,0.869699042407661
"ELSA",9,"Universal","concurrent","complete_items",4196,1272,4197,4196,0.999761734572314,0.960434653786921,NA,NA,0.878472625162143,0.107339792238626,0.143366029140697,0.305555555555556,0.914308176100629,0.868673050615595
"ELSA",10,"Universal","concurrent","complete_items",4196,1272,4197,4196,0.999761734572314,0.961663504805169,NA,NA,0.882068261971541,0.092585396797752,0.122955226725406,0.275,0.92374213836478,0.863885088919289
"ELSA",11,"Universal","concurrent","complete_items",4196,1272,4197,4196,0.999761734572314,0.962158755560144,NA,NA,0.883053945062192,0.0830497161501874,0.109617024000566,0.25,0.926100628930818,0.863201094391245
"ELSA",12,"Universal","concurrent","complete_items",4196,1272,4197,4196,0.999761734572314,0.962559365562811,NA,NA,0.884351572303731,0.0740165128611729,0.0953519718645187,0.229166666666667,0.927672955974843,0.860807113543092
"ELSA",13,"Universal","concurrent","complete_items",4196,1272,4197,4196,0.999761734572314,0.962758729533937,NA,NA,0.884629259242278,0.0691034435266308,0.0880758274253259,0.211538461538462,0.927672955974843,0.859439124487004
"ELSA",14,"Universal","concurrent","complete_items",4196,1272,4197,4196,0.999761734572314,0.963655262456014,NA,NA,0.885623828758998,0.0680043219230697,0.0871131922491474,0.196428571428571,0.932389937106918,0.855677154582763
"ELSA",15,"Universal","concurrent","complete_items",4196,1272,4197,4196,0.999761734572314,0.963685644288431,NA,NA,0.885884585067724,0.0655977422466096,0.0829320350638088,0.183333333333333,0.933176100628931,0.854309165526676
"ELSA",16,"Universal","concurrent","complete_items",4196,1272,4197,4196,0.999761734572314,0.963719252510131,NA,NA,0.885776689492354,0.0651368647312941,0.0815687522633142,0.171875,0.933176100628931,0.85328317373461
"ELSA",1,"Phenotype","concurrent","complete_items",4196,1272,4197,4197,1,0.713602430331501,NA,NA,0.397250832305281,0.302759620059606,0.3801314009506,0,1,0
"ELSA",2,"Phenotype","concurrent","complete_items",4196,1272,4197,4197,1,0.822346402360857,NA,NA,0.575744058793143,0.251753044417164,0.321354724429563,0,1,0
"ELSA",3,"Phenotype","concurrent","complete_items",4196,1272,4197,4197,1,0.895846238890466,NA,NA,0.744150206745748,0.206446344668665,0.279543673843752,0.333333333333333,0.887578616352201,0.692544459644323
"ELSA",4,"Phenotype","concurrent","complete_items",4196,1272,4197,4196,0.999761734572314,0.921471835772484,NA,NA,0.813524700278868,0.18516383836755,0.255570689711697,0.4375,0.851415094339623,0.840287277701778
"ELSA",5,"Phenotype","concurrent","complete_items",4196,1272,4197,4196,0.999761734572314,0.916809031093789,NA,NA,0.816937831606075,0.187804395427945,0.256043186893539,0.35,0.897012578616352,0.761969904240766
"ELSA",6,"Phenotype","concurrent","complete_items",4196,1272,4197,4196,0.999761734572314,0.942935659344914,NA,NA,0.851752779370528,0.160272011990852,0.216266452478349,0.416666666666667,0.893081761006289,0.830027359781122
"ELSA",7,"Phenotype","concurrent","complete_items",4196,1272,4197,4196,0.999761734572314,0.947381489344312,NA,NA,0.859615152437765,0.136219478342385,0.183145684495768,0.357142857142857,0.904874213836478,0.817373461012312
"ELSA",8,"Phenotype","concurrent","complete_items",4196,1272,4197,4196,0.999761734572314,0.950384451169674,NA,NA,0.863291159144857,0.122256496400313,0.164664188906451,0.3125,0.919025157232704,0.801299589603283
"ELSA",9,"Phenotype","concurrent","complete_items",4196,1272,4197,4196,0.999761734572314,0.960803537628303,NA,NA,0.878992076018795,0.108598639607833,0.144741334236926,0.305555555555556,0.915094339622642,0.867647058823529
"ELSA",10,"Phenotype","concurrent","complete_items",4196,1272,4197,4196,0.999761734572314,0.960922107434461,NA,NA,0.880544607413556,0.0941633241301354,0.125060746925052,0.275,0.917452830188679,0.864227086183311
"ELSA",11,"Phenotype","concurrent","complete_items",4196,1272,4197,4196,0.999761734572314,0.961468845985081,NA,NA,0.881511505412234,0.0842395007431855,0.111143340603672,0.25,0.919811320754717,0.862517099863201
"ELSA",12,"Phenotype","concurrent","complete_items",4196,1272,4197,4196,0.999761734572314,0.961815951698802,NA,NA,0.882358299819989,0.0759848754616159,0.0988772989770444,0.229166666666667,0.922169811320755,0.860807113543092
"ELSA",13,"Phenotype","concurrent","complete_items",4196,1272,4197,4196,0.999761734572314,0.963053271988918,NA,NA,0.884732670220428,0.070399826827193,0.0904923431809793,0.211538461538462,0.927672955974843,0.85875512995896
"ELSA",14,"Phenotype","concurrent","complete_items",4196,1272,4197,4196,0.999761734572314,0.963627165982672,NA,NA,0.885568488219478,0.0680213449381862,0.0870786333367335,0.196428571428571,0.932389937106918,0.855335157318741
"ELSA",15,"Phenotype","concurrent","complete_items",4196,1272,4197,4196,0.999761734572314,0.963685644288431,NA,NA,0.885884585067724,0.0655977422466096,0.0829320350638088,0.183333333333333,0.933176100628931,0.854309165526676
"ELSA",16,"Phenotype","concurrent","complete_items",4196,1272,4197,4196,0.999761734572314,0.963719252510131,NA,NA,0.885776689492354,0.0651368647312941,0.0815687522633142,0.171875,0.933176100628931,0.85328317373461
"ELSA",1,"Universal","followup_frail","complete_items",2581,884,4197,4197,1,0.68723385959252,NA,NA,NA,NA,NA,0,NA,NA
"ELSA",2,"Universal","followup_frail","complete_items",2581,884,4197,4197,1,0.780619645528308,NA,NA,NA,NA,NA,0.5,NA,NA
"ELSA",3,"Universal","followup_frail","complete_items",2581,884,4197,4197,1,0.805897818081949,NA,NA,NA,NA,NA,0.333333333333333,NA,NA
"ELSA",4,"Universal","followup_frail","complete_items",2581,884,4197,4196,0.999761734572314,0.851804288643521,NA,NA,NA,NA,NA,0.4375,NA,NA
"ELSA",5,"Universal","followup_frail","complete_items",2581,884,4197,4196,0.999761734572314,0.851427992438079,NA,NA,NA,NA,NA,0.5,NA,NA
"ELSA",6,"Universal","followup_frail","complete_items",2581,884,4197,4196,0.999761734572314,0.853075163250559,NA,NA,NA,NA,NA,0.416666666666667,NA,NA
"ELSA",7,"Universal","followup_frail","complete_items",2581,884,4197,4196,0.999761734572314,0.854293043086416,NA,NA,NA,NA,NA,0.392857142857143,NA,NA
"ELSA",8,"Universal","followup_frail","complete_items",2581,884,4197,4196,0.999761734572314,0.855975210445903,NA,NA,NA,NA,NA,0.34375,NA,NA
"ELSA",9,"Universal","followup_frail","complete_items",2581,884,4197,4196,0.999761734572314,0.856443497574906,NA,NA,NA,NA,NA,0.305555555555556,NA,NA
"ELSA",10,"Universal","followup_frail","complete_items",2581,884,4197,4196,0.999761734572314,0.857134762703413,NA,NA,NA,NA,NA,0.275,NA,NA
"ELSA",11,"Universal","followup_frail","complete_items",2581,884,4197,4196,0.999761734572314,0.857379738532465,NA,NA,NA,NA,NA,0.25,NA,NA
"ELSA",12,"Universal","followup_frail","complete_items",2581,884,4197,4196,0.999761734572314,0.857657044504942,NA,NA,NA,NA,NA,0.229166666666667,NA,NA
"ELSA",13,"Universal","followup_frail","complete_items",2581,884,4197,4196,0.999761734572314,0.857408735671414,NA,NA,NA,NA,NA,0.211538461538462,NA,NA
"ELSA",14,"Universal","followup_frail","complete_items",2581,884,4197,4196,0.999761734572314,0.858012342782179,NA,NA,NA,NA,NA,0.196428571428571,NA,NA
"ELSA",15,"Universal","followup_frail","complete_items",2581,884,4197,4196,0.999761734572314,0.857784031975512,NA,NA,NA,NA,NA,0.183333333333333,NA,NA
"ELSA",16,"Universal","followup_frail","complete_items",2581,884,4197,4196,0.999761734572314,0.857899353930412,NA,NA,NA,NA,NA,0.171875,NA,NA
"ELSA",1,"Phenotype","followup_frail","complete_items",2581,884,4197,4197,1,0.623116852470556,NA,NA,NA,NA,NA,0,NA,NA
"ELSA",2,"Phenotype","followup_frail","complete_items",2581,884,4197,4197,1,0.708433767868237,NA,NA,NA,NA,NA,0,NA,NA
"ELSA",3,"Phenotype","followup_frail","complete_items",2581,884,4197,4197,1,0.798574540645323,NA,NA,NA,NA,NA,0.333333333333333,NA,NA
"ELSA",4,"Phenotype","followup_frail","complete_items",2581,884,4197,4196,0.999761734572314,0.832597183744537,NA,NA,NA,NA,NA,0.4375,NA,NA
"ELSA",5,"Phenotype","followup_frail","complete_items",2581,884,4197,4196,0.999761734572314,0.826475121121383,NA,NA,NA,NA,NA,0.35,NA,NA
"ELSA",6,"Phenotype","followup_frail","complete_items",2581,884,4197,4196,0.999761734572314,0.845150945106749,NA,NA,NA,NA,NA,0.416666666666667,NA,NA
"ELSA",7,"Phenotype","followup_frail","complete_items",2581,884,4197,4196,0.999761734572314,0.848149649234609,NA,NA,NA,NA,NA,0.357142857142857,NA,NA
"ELSA",8,"Phenotype","followup_frail","complete_items",2581,884,4197,4196,0.999761734572314,0.848678597045092,NA,NA,NA,NA,NA,0.3125,NA,NA
"ELSA",9,"Phenotype","followup_frail","complete_items",2581,884,4197,4196,0.999761734572314,0.857054103995073,NA,NA,NA,NA,NA,0.305555555555556,NA,NA
"ELSA",10,"Phenotype","followup_frail","complete_items",2581,884,4197,4196,0.999761734572314,0.85604487023947,NA,NA,NA,NA,NA,0.275,NA,NA
"ELSA",11,"Phenotype","followup_frail","complete_items",2581,884,4197,4196,0.999761734572314,0.856017539602759,NA,NA,NA,NA,NA,0.25,NA,NA
"ELSA",12,"Phenotype","followup_frail","complete_items",2581,884,4197,4196,0.999761734572314,0.856097865010652,NA,NA,NA,NA,NA,0.229166666666667,NA,NA
"ELSA",13,"Phenotype","followup_frail","complete_items",2581,884,4197,4196,0.999761734572314,0.856833125798255,NA,NA,NA,NA,NA,0.211538461538462,NA,NA
"ELSA",14,"Phenotype","followup_frail","complete_items",2581,884,4197,4196,0.999761734572314,0.858037007015308,NA,NA,NA,NA,NA,0.196428571428571,NA,NA
"ELSA",15,"Phenotype","followup_frail","complete_items",2581,884,4197,4196,0.999761734572314,0.857784031975512,NA,NA,NA,NA,NA,0.183333333333333,NA,NA
"ELSA",16,"Phenotype","followup_frail","complete_items",2581,884,4197,4196,0.999761734572314,0.857899353930412,NA,NA,NA,NA,NA,0.171875,NA,NA
"ELSA",1,"Universal","incident_adl","complete_items",2181,355,4197,4197,1,0.597621986023479,NA,NA,NA,NA,NA,0,NA,NA
"ELSA",2,"Universal","incident_adl","complete_items",2181,355,4197,4197,1,0.655269734507814,NA,NA,NA,NA,NA,0.5,NA,NA
"ELSA",3,"Universal","incident_adl","complete_items",2181,355,4197,4197,1,0.67841352606328,NA,NA,NA,NA,NA,0.333333333333333,NA,NA
"ELSA",4,"Universal","incident_adl","complete_items",2181,355,4197,4196,0.999761734572314,0.723593477623683,NA,NA,NA,NA,NA,0.4375,NA,NA
"ELSA",5,"Universal","incident_adl","complete_items",2181,355,4197,4196,0.999761734572314,0.737394134797834,NA,NA,NA,NA,NA,0.5,NA,NA
"ELSA",6,"Universal","incident_adl","complete_items",2181,355,4197,4196,0.999761734572314,0.737956435215896,NA,NA,NA,NA,NA,0.416666666666667,NA,NA
"ELSA",7,"Universal","incident_adl","complete_items",2181,355,4197,4196,0.999761734572314,0.736080557826697,NA,NA,NA,NA,NA,0.392857142857143,NA,NA
"ELSA",8,"Universal","incident_adl","complete_items",2181,355,4197,4196,0.999761734572314,0.736080557826697,NA,NA,NA,NA,NA,0.34375,NA,NA
"ELSA",9,"Universal","incident_adl","complete_items",2181,355,4197,4196,0.999761734572314,0.736193943507706,NA,NA,NA,NA,NA,0.305555555555556,NA,NA
"ELSA",10,"Universal","incident_adl","complete_items",2181,355,4197,4196,0.999761734572314,0.738287336284961,NA,NA,NA,NA,NA,0.275,NA,NA
"ELSA",11,"Universal","incident_adl","complete_items",2181,355,4197,4196,0.999761734572314,0.738287336284961,NA,NA,NA,NA,NA,0.25,NA,NA
"ELSA",12,"Universal","incident_adl","complete_items",2181,355,4197,4196,0.999761734572314,0.73984542523487,NA,NA,NA,NA,NA,0.229166666666667,NA,NA
"ELSA",13,"Universal","incident_adl","complete_items",2181,355,4197,4196,0.999761734572314,0.73984542523487,NA,NA,NA,NA,NA,0.211538461538462,NA,NA
"ELSA",14,"Universal","incident_adl","complete_items",2181,355,4197,4196,0.999761734572314,0.73984542523487,NA,NA,NA,NA,NA,0.196428571428571,NA,NA
"ELSA",15,"Universal","incident_adl","complete_items",2181,355,4197,4196,0.999761734572314,0.739826141955787,NA,NA,NA,NA,NA,0.183333333333333,NA,NA
"ELSA",16,"Universal","incident_adl","complete_items",2181,355,4197,4196,0.999761734572314,0.739826141955787,NA,NA,NA,NA,NA,0.171875,NA,NA
"ELSA",1,"Phenotype","incident_adl","complete_items",2181,355,4197,4197,1,0.563288493281706,NA,NA,NA,NA,NA,0,NA,NA
"ELSA",2,"Phenotype","incident_adl","complete_items",2181,355,4197,4197,1,0.62509757339216,NA,NA,NA,NA,NA,0,NA,NA
"ELSA",3,"Phenotype","incident_adl","complete_items",2181,355,4197,4197,1,0.698954074942536,NA,NA,NA,NA,NA,0.333333333333333,NA,NA
"ELSA",4,"Phenotype","incident_adl","complete_items",2181,355,4197,4196,0.999761734572314,0.725861191243849,NA,NA,NA,NA,NA,0.4375,NA,NA
"ELSA",5,"Phenotype","incident_adl","complete_items",2181,355,4197,4196,0.999761734572314,0.724185859957114,NA,NA,NA,NA,NA,0.35,NA,NA
"ELSA",6,"Phenotype","incident_adl","complete_items",2181,355,4197,4196,0.999761734572314,0.73149499406075,NA,NA,NA,NA,NA,0.416666666666667,NA,NA
"ELSA",7,"Phenotype","incident_adl","complete_items",2181,355,4197,4196,0.999761734572314,0.72973481634605,NA,NA,NA,NA,NA,0.357142857142857,NA,NA
"ELSA",8,"Phenotype","incident_adl","complete_items",2181,355,4197,4196,0.999761734572314,0.729754870956296,NA,NA,NA,NA,NA,0.3125,NA,NA
"ELSA",9,"Phenotype","incident_adl","complete_items",2181,355,4197,4196,0.999761734572314,0.737598537556114,NA,NA,NA,NA,NA,0.305555555555556,NA,NA
"ELSA",10,"Phenotype","incident_adl","complete_items",2181,355,4197,4196,0.999761734572314,0.738962251052867,NA,NA,NA,NA,NA,0.275,NA,NA
"ELSA",11,"Phenotype","incident_adl","complete_items",2181,355,4197,4196,0.999761734572314,0.73896765037101,NA,NA,NA,NA,NA,0.25,NA,NA
"ELSA",12,"Phenotype","incident_adl","complete_items",2181,355,4197,4196,0.999761734572314,0.73985005322185,NA,NA,NA,NA,NA,0.229166666666667,NA,NA
"ELSA",13,"Phenotype","incident_adl","complete_items",2181,355,4197,4196,0.999761734572314,0.739111117967388,NA,NA,NA,NA,NA,0.211538461538462,NA,NA
"ELSA",14,"Phenotype","incident_adl","complete_items",2181,355,4197,4196,0.999761734572314,0.73984542523487,NA,NA,NA,NA,NA,0.196428571428571,NA,NA
"ELSA",15,"Phenotype","incident_adl","complete_items",2181,355,4197,4196,0.999761734572314,0.739826141955787,NA,NA,NA,NA,NA,0.183333333333333,NA,NA
"ELSA",16,"Phenotype","incident_adl","complete_items",2181,355,4197,4196,0.999761734572314,0.739826141955787,NA,NA,NA,NA,NA,0.171875,NA,NA
"SHARE",1,"Universal","concurrent","complete_items",12552,4581,12560,12560,1,0.785773609425852,NA,NA,0.625811978942891,0.329743806664255,0.41644160708531,0,1,0
"SHARE",2,"Universal","concurrent","complete_items",12552,4581,12560,12560,1,0.86829202760246,NA,NA,0.746027178962422,0.294755239318491,0.365663857884899,0.5,0.931674306919887,0.651110274745954
"SHARE",3,"Universal","concurrent","complete_items",12552,4581,12560,12552,0.999363057324841,0.912971700431966,NA,NA,0.811967103487936,0.266199529766473,0.339805056651093,0.5,0.926216983191443,0.685484882699787
"SHARE",4,"Universal","concurrent","complete_items",12552,4581,12560,12552,0.999363057324841,0.925255587742195,NA,NA,0.838438205149271,0.225253269253655,0.29464225587688,0.4375,0.926216983191443,0.748463179023962
"SHARE",5,"Universal","concurrent","complete_items",12552,4581,12560,12552,0.999363057324841,0.932375002365456,NA,NA,0.85527184512613,0.230028739105945,0.298262790893684,0.5,0.898712071600087,0.783841425166228
"SHARE",6,"Universal","concurrent","complete_items",12552,4581,12560,12552,0.999363057324841,0.940580965966702,NA,NA,0.867736327498039,0.185478416578012,0.242600981209272,0.416666666666667,0.911591355599214,0.779826872412495
"SHARE",7,"Universal","concurrent","complete_items",12552,4581,12560,12552,0.999363057324841,0.943269822436172,NA,NA,0.871983064272159,0.155527895295543,0.205172098968253,0.392857142857143,0.893036454922506,0.83490151800276
"SHARE",8,"Universal","concurrent","complete_items",12552,4581,12560,12552,0.999363057324841,0.946191637000214,NA,NA,0.876897682339873,0.133535741909671,0.177023739591906,0.34375,0.901768172888016,0.827248776815958
"SHARE",9,"Universal","concurrent","complete_items",12552,4581,12560,12552,0.999363057324841,0.946971970621181,NA,NA,0.878577787333893,0.110438780299059,0.145390536352332,0.305555555555556,0.90526086007422,0.82335967883578
"SHARE",10,"Universal","concurrent","complete_items",12552,4581,12560,12552,0.999363057324841,0.948918491395531,NA,NA,0.881477095615711,0.0957936491316205,0.125617452676022,0.275,0.911373062650076,0.821477857232468
"SHARE",11,"Universal","concurrent","complete_items",12552,4581,12560,12552,0.999363057324841,0.949537070242432,NA,NA,0.882307996481782,0.0853295739973539,0.111682024683317,0.25,0.912682820344903,0.820474219044035
"SHARE",12,"Universal","concurrent","complete_items",12552,4581,12560,12552,0.999363057324841,0.949643012567578,NA,NA,0.882433144215903,0.0770677680635546,0.100379182493845,0.229166666666667,0.913119406243178,0.820223309496926
"SHARE",13,"Universal","concurrent","complete_items",12552,4581,12560,12552,0.999363057324841,0.951692257824704,NA,NA,0.885650213742944,0.0726890559732946,0.0937568984809258,0.211538461538462,0.918576729971622,0.817965123572952
"SHARE",14,"Universal","concurrent","complete_items",12552,4581,12560,12552,0.999363057324841,0.952450121320873,NA,NA,0.886908960981614,0.072968665249077,0.0942510426767581,0.196428571428571,0.92163283125955,0.815205118554761
"SHARE",15,"Universal","concurrent","complete_items",12552,4581,12560,12552,0.999363057324841,0.952774671532921,NA,NA,0.887360846046395,0.0715407575705858,0.0909049775337677,0.183333333333333,0.923379174852652,0.81457784468699
"SHARE",16,"Universal","concurrent","complete_items",12552,4581,12560,12552,0.999363057324841,0.952928662406462,NA,NA,0.887454872648203,0.0719839061518173,0.0902376285958189,0.171875,0.924034053700066,0.814452389913436
"SHARE",1,"Phenotype","concurrent","complete_items",12552,4581,12560,12560,1,0.78098011973167,NA,NA,0.618115462115608,0.353449283451143,0.443992217160036,0,1,0
"SHARE",2,"Phenotype","concurrent","complete_items",12552,4581,12560,12557,0.999761146496815,0.873906272494943,NA,NA,0.729629282259782,0.302604440102545,0.374755685391428,0.375,0.94870115695263,0.591017438213524
"SHARE",3,"Phenotype","concurrent","complete_items",12552,4581,12560,12552,0.999363057324841,0.89587943919498,NA,NA,0.788265859432794,0.247805802111108,0.320816636844701,0.25,0.979043876882777,0.45765901392548
"SHARE",4,"Phenotype","concurrent","complete_items",12552,4581,12560,12552,0.999363057324841,0.913210888817083,NA,NA,0.821640809164427,0.216962666955293,0.286368588602536,0.375,0.937349923597468,0.640948438088069
"SHARE",5,"Phenotype","concurrent","complete_items",12552,4581,12560,12552,0.999363057324841,0.925337649569079,NA,NA,0.846029216289148,0.221422857938946,0.289070663494623,0.4,0.909626719056974,0.759126834776063
"SHARE",6,"Phenotype","concurrent","complete_items",12552,4581,12560,12552,0.999363057324841,0.933278818975718,NA,NA,0.857559155638661,0.179116066517285,0.23647079925601,0.416666666666667,0.894782798515608,0.78208505833647
"SHARE",7,"Phenotype","concurrent","complete_items",12552,4581,12560,12552,0.999363057324841,0.938428133571185,NA,NA,0.865345737716724,0.149748991188675,0.198898628955253,0.357142857142857,0.906788910718184,0.774181407602559
"SHARE",8,"Phenotype","concurrent","complete_items",12552,4581,12560,12552,0.999363057324841,0.945982312930871,NA,NA,0.876723131501967,0.131866732405621,0.174454202696855,0.34375,0.901986465837153,0.828503324551499
"SHARE",9,"Phenotype","concurrent","complete_items",12552,4581,12560,12552,0.999363057324841,0.946948103815865,NA,NA,0.878661149290323,0.111716056828036,0.147726564163555,0.305555555555556,0.905697445972495,0.824112407477104
"SHARE",10,"Phenotype","concurrent","complete_items",12552,4581,12560,12552,0.999363057324841,0.947857602998821,NA,NA,0.880270912925032,0.0976222908139287,0.128920405874314,0.275,0.908535254311286,0.82185422155313
"SHARE",11,"Phenotype","concurrent","complete_items",12552,4581,12560,12552,0.999363057324841,0.949376219202818,NA,NA,0.882662950544869,0.0864811335378634,0.113750594694699,0.25,0.912464527395765,0.820474219044035
"SHARE",12,"Phenotype","concurrent","complete_items",12552,4581,12560,12552,0.999363057324841,0.95009345572746,NA,NA,0.883607709729766,0.0779765390269321,0.10159627789724,0.229166666666667,0.914647456887143,0.819219671308493
"SHARE",13,"Phenotype","concurrent","complete_items",12552,4581,12560,12552,0.999363057324841,0.951411360725306,NA,NA,0.885448794367388,0.074673781422702,0.0971209409021746,0.211538461538462,0.918140144073346,0.816710575837411
"SHARE",14,"Phenotype","concurrent","complete_items",12552,4581,12560,12552,0.999363057324841,0.952290242480443,NA,NA,0.886700088889768,0.0718472281662706,0.0924666491300271,0.196428571428571,0.920759659462999,0.815832392422532
"SHARE",15,"Phenotype","concurrent","complete_items",12552,4581,12560,12552,0.999363057324841,0.952787269043472,NA,NA,0.887366614268909,0.0714817974027073,0.0908191514857995,0.183333333333333,0.923379174852652,0.81457784468699
"SHARE",16,"Phenotype","concurrent","complete_items",12552,4581,12560,12552,0.999363057324841,0.952928662406462,NA,NA,0.887454872648203,0.0719839061518173,0.0902376285958189,0.171875,0.924034053700066,0.814452389913436
"SHARE",1,"Universal","followup_frail","complete_items",5851,2374,12560,12560,1,0.666557149291808,NA,NA,NA,NA,NA,0,NA,NA
"SHARE",2,"Universal","followup_frail","complete_items",5851,2374,12560,12560,1,0.745361563617359,NA,NA,NA,NA,NA,0.5,NA,NA
"SHARE",3,"Universal","followup_frail","complete_items",5851,2374,12560,12552,0.999363057324841,0.795197723686209,NA,NA,NA,NA,NA,0.5,NA,NA
"SHARE",4,"Universal","followup_frail","complete_items",5851,2374,12560,12552,0.999363057324841,0.80263987755376,NA,NA,NA,NA,NA,0.4375,NA,NA
"SHARE",5,"Universal","followup_frail","complete_items",5851,2374,12560,12552,0.999363057324841,0.807639273027542,NA,NA,NA,NA,NA,0.5,NA,NA
"SHARE",6,"Universal","followup_frail","complete_items",5851,2374,12560,12552,0.999363057324841,0.81045831567608,NA,NA,NA,NA,NA,0.416666666666667,NA,NA
"SHARE",7,"Universal","followup_frail","complete_items",5851,2374,12560,12552,0.999363057324841,0.810750523539088,NA,NA,NA,NA,NA,0.392857142857143,NA,NA
"SHARE",8,"Universal","followup_frail","complete_items",5851,2374,12560,12552,0.999363057324841,0.81010813871587,NA,NA,NA,NA,NA,0.34375,NA,NA
"SHARE",9,"Universal","followup_frail","complete_items",5851,2374,12560,12552,0.999363057324841,0.810528884117291,NA,NA,NA,NA,NA,0.305555555555556,NA,NA
"SHARE",10,"Universal","followup_frail","complete_items",5851,2374,12560,12552,0.999363057324841,0.811741449830745,NA,NA,NA,NA,NA,0.275,NA,NA
"SHARE",11,"Universal","followup_frail","complete_items",5851,2374,12560,12552,0.999363057324841,0.812024026464437,NA,NA,NA,NA,NA,0.25,NA,NA
"SHARE",12,"Universal","followup_frail","complete_items",5851,2374,12560,12552,0.999363057324841,0.812017605644894,NA,NA,NA,NA,NA,0.229166666666667,NA,NA
"SHARE",13,"Universal","followup_frail","complete_items",5851,2374,12560,12552,0.999363057324841,0.812839107103874,NA,NA,NA,NA,NA,0.211538461538462,NA,NA
"SHARE",14,"Universal","followup_frail","complete_items",5851,2374,12560,12552,0.999363057324841,0.813610271760581,NA,NA,NA,NA,NA,0.196428571428571,NA,NA
"SHARE",15,"Universal","followup_frail","complete_items",5851,2374,12560,12552,0.999363057324841,0.813769096183634,NA,NA,NA,NA,NA,0.183333333333333,NA,NA
"SHARE",16,"Universal","followup_frail","complete_items",5851,2374,12560,12552,0.999363057324841,0.813629291924135,NA,NA,NA,NA,NA,0.171875,NA,NA
"SHARE",1,"Phenotype","followup_frail","complete_items",5851,2374,12560,12560,1,0.671892002299865,NA,NA,NA,NA,NA,0,NA,NA
"SHARE",2,"Phenotype","followup_frail","complete_items",5851,2374,12560,12557,0.999761146496815,0.758531149091672,NA,NA,NA,NA,NA,0.375,NA,NA
"SHARE",3,"Phenotype","followup_frail","complete_items",5851,2374,12560,12552,0.999363057324841,0.780680008402793,NA,NA,NA,NA,NA,0.25,NA,NA
"SHARE",4,"Phenotype","followup_frail","complete_items",5851,2374,12560,12552,0.999363057324841,0.7911062078664,NA,NA,NA,NA,NA,0.375,NA,NA
"SHARE",5,"Phenotype","followup_frail","complete_items",5851,2374,12560,12552,0.999363057324841,0.800580551119537,NA,NA,NA,NA,NA,0.4,NA,NA
"SHARE",6,"Phenotype","followup_frail","complete_items",5851,2374,12560,12552,0.999363057324841,0.802742247223844,NA,NA,NA,NA,NA,0.416666666666667,NA,NA
"SHARE",7,"Phenotype","followup_frail","complete_items",5851,2374,12560,12552,0.999363057324841,0.805304881107017,NA,NA,NA,NA,NA,0.357142857142857,NA,NA
"SHARE",8,"Phenotype","followup_frail","complete_items",5851,2374,12560,12552,0.999363057324841,0.81070491149082,NA,NA,NA,NA,NA,0.34375,NA,NA
"SHARE",9,"Phenotype","followup_frail","complete_items",5851,2374,12560,12552,0.999363057324841,0.81050035387196,NA,NA,NA,NA,NA,0.305555555555556,NA,NA
"SHARE",10,"Phenotype","followup_frail","complete_items",5851,2374,12560,12552,0.999363057324841,0.811322945658787,NA,NA,NA,NA,NA,0.275,NA,NA
"SHARE",11,"Phenotype","followup_frail","complete_items",5851,2374,12560,12552,0.999363057324841,0.812098471626883,NA,NA,NA,NA,NA,0.25,NA,NA
"SHARE",12,"Phenotype","followup_frail","complete_items",5851,2374,12560,12552,0.999363057324841,0.812621768419696,NA,NA,NA,NA,NA,0.229166666666667,NA,NA
"SHARE",13,"Phenotype","followup_frail","complete_items",5851,2374,12560,12552,0.999363057324841,0.812942567101804,NA,NA,NA,NA,NA,0.211538461538462,NA,NA
"SHARE",14,"Phenotype","followup_frail","complete_items",5851,2374,12560,12552,0.999363057324841,0.81331158250426,NA,NA,NA,NA,NA,0.196428571428571,NA,NA
"SHARE",15,"Phenotype","followup_frail","complete_items",5851,2374,12560,12552,0.999363057324841,0.813724998479598,NA,NA,NA,NA,NA,0.183333333333333,NA,NA
"SHARE",16,"Phenotype","followup_frail","complete_items",5851,2374,12560,12552,0.999363057324841,0.813629291924135,NA,NA,NA,NA,NA,0.171875,NA,NA
"SHARE",1,"Universal","incident_adl","complete_items",5130,833,12560,12560,1,0.600428814765376,NA,NA,NA,NA,NA,0,NA,NA
"SHARE",2,"Universal","incident_adl","complete_items",5130,833,12560,12560,1,0.653976461424691,NA,NA,NA,NA,NA,0.5,NA,NA
"SHARE",3,"Universal","incident_adl","complete_items",5130,833,12560,12552,0.999363057324841,0.677057697642706,NA,NA,NA,NA,NA,0.5,NA,NA
"SHARE",4,"Universal","incident_adl","complete_items",5130,833,12560,12552,0.999363057324841,0.678084685119102,NA,NA,NA,NA,NA,0.4375,NA,NA
"SHARE",5,"Universal","incident_adl","complete_items",5130,833,12560,12552,0.999363057324841,0.681955304812174,NA,NA,NA,NA,NA,0.5,NA,NA
"SHARE",6,"Universal","incident_adl","complete_items",5130,833,12560,12552,0.999363057324841,0.685253761732759,NA,NA,NA,NA,NA,0.416666666666667,NA,NA
"SHARE",7,"Universal","incident_adl","complete_items",5130,833,12560,12552,0.999363057324841,0.685770747675379,NA,NA,NA,NA,NA,0.392857142857143,NA,NA
"SHARE",8,"Universal","incident_adl","complete_items",5130,833,12560,12552,0.999363057324841,0.685770747675379,NA,NA,NA,NA,NA,0.34375,NA,NA
"SHARE",9,"Universal","incident_adl","complete_items",5130,833,12560,12552,0.999363057324841,0.684868641429111,NA,NA,NA,NA,NA,0.305555555555556,NA,NA
"SHARE",10,"Universal","incident_adl","complete_items",5130,833,12560,12552,0.999363057324841,0.687860203425098,NA,NA,NA,NA,NA,0.275,NA,NA
"SHARE",11,"Universal","incident_adl","complete_items",5130,833,12560,12552,0.999363057324841,0.687860203425098,NA,NA,NA,NA,NA,0.25,NA,NA
"SHARE",12,"Universal","incident_adl","complete_items",5130,833,12560,12552,0.999363057324841,0.687860203425098,NA,NA,NA,NA,NA,0.229166666666667,NA,NA
"SHARE",13,"Universal","incident_adl","complete_items",5130,833,12560,12552,0.999363057324841,0.688375513109596,NA,NA,NA,NA,NA,0.211538461538462,NA,NA
"SHARE",14,"Universal","incident_adl","complete_items",5130,833,12560,12552,0.999363057324841,0.688375513109596,NA,NA,NA,NA,NA,0.196428571428571,NA,NA
"SHARE",15,"Universal","incident_adl","complete_items",5130,833,12560,12552,0.999363057324841,0.688901997848243,NA,NA,NA,NA,NA,0.183333333333333,NA,NA
"SHARE",16,"Universal","incident_adl","complete_items",5130,833,12560,12552,0.999363057324841,0.688901997848243,NA,NA,NA,NA,NA,0.171875,NA,NA
"SHARE",1,"Phenotype","incident_adl","complete_items",5130,833,12560,12560,1,0.612373830146441,NA,NA,NA,NA,NA,0,NA,NA
"SHARE",2,"Phenotype","incident_adl","complete_items",5130,833,12560,12557,0.999761146496815,0.660163111090375,NA,NA,NA,NA,NA,0.375,NA,NA
"SHARE",3,"Phenotype","incident_adl","complete_items",5130,833,12560,12552,0.999363057324841,0.673189732024995,NA,NA,NA,NA,NA,0.25,NA,NA
"SHARE",4,"Phenotype","incident_adl","complete_items",5130,833,12560,12552,0.999363057324841,0.672410411686201,NA,NA,NA,NA,NA,0.375,NA,NA
"SHARE",5,"Phenotype","incident_adl","complete_items",5130,833,12560,12552,0.999363057324841,0.680110862124696,NA,NA,NA,NA,NA,0.4,NA,NA
"SHARE",6,"Phenotype","incident_adl","complete_items",5130,833,12560,12552,0.999363057324841,0.681956562005766,NA,NA,NA,NA,NA,0.416666666666667,NA,NA
"SHARE",7,"Phenotype","incident_adl","complete_items",5130,833,12560,12552,0.999363057324841,0.683781867413011,NA,NA,NA,NA,NA,0.357142857142857,NA,NA
"SHARE",8,"Phenotype","incident_adl","complete_items",5130,833,12560,12552,0.999363057324841,0.686421834267801,NA,NA,NA,NA,NA,0.34375,NA,NA
"SHARE",9,"Phenotype","incident_adl","complete_items",5130,833,12560,12552,0.999363057324841,0.685893114518323,NA,NA,NA,NA,NA,0.305555555555556,NA,NA
"SHARE",10,"Phenotype","incident_adl","complete_items",5130,833,12560,12552,0.999363057324841,0.686313715618898,NA,NA,NA,NA,NA,0.275,NA,NA
"SHARE",11,"Phenotype","incident_adl","complete_items",5130,833,12560,12552,0.999363057324841,0.688174362134893,NA,NA,NA,NA,NA,0.25,NA,NA
"SHARE",12,"Phenotype","incident_adl","complete_items",5130,833,12560,12552,0.999363057324841,0.68800366318275,NA,NA,NA,NA,NA,0.229166666666667,NA,NA
"SHARE",13,"Phenotype","incident_adl","complete_items",5130,833,12560,12552,0.999363057324841,0.688206769791929,NA,NA,NA,NA,NA,0.211538461538462,NA,NA
"SHARE",14,"Phenotype","incident_adl","complete_items",5130,833,12560,12552,0.999363057324841,0.6883869675401,NA,NA,NA,NA,NA,0.196428571428571,NA,NA
"SHARE",15,"Phenotype","incident_adl","complete_items",5130,833,12560,12552,0.999363057324841,0.688901997848243,NA,NA,NA,NA,NA,0.183333333333333,NA,NA
"SHARE",16,"Phenotype","incident_adl","complete_items",5130,833,12560,12552,0.999363057324841,0.688901997848243,NA,NA,NA,NA,NA,0.171875,NA,NA
"CHARLS",1,"Universal","concurrent","complete_items",3946,1952,4021,4011,0.997513056453619,0.695869627324597,NA,NA,0.550689345797177,0.309452699867052,0.366088811647298,0,1,0
"CHARLS",2,"Universal","concurrent","complete_items",3946,1952,4021,3958,0.984332255657797,0.832635200684019,NA,NA,0.72124177089713,0.263814879280894,0.319104971930593,0.5,0.889344262295082,0.662487462387161
"CHARLS",3,"Universal","concurrent","complete_items",3946,1952,4021,3955,0.983586172593882,0.872283859776049,NA,NA,0.769719154280624,0.259922523318568,0.317207030690492,0.5,0.870389344262295,0.690070210631896
"CHARLS",4,"Universal","concurrent","complete_items",3946,1952,4021,3955,0.983586172593882,0.902752956615749,NA,NA,0.819657453258743,0.234680866929736,0.292499209755919,0.4375,0.928790983606557,0.657472417251755
"CHARLS",5,"Universal","concurrent","complete_items",3944,1950,4021,3953,0.983088783884606,0.914454388807448,NA,NA,0.8394126112327,0.235005650093897,0.293372640958691,0.5,0.844615384615385,0.815947843530592
"CHARLS",6,"Universal","concurrent","complete_items",3924,1935,4021,3924,0.9758766476001,0.921964343943368,NA,NA,0.856899235527507,0.182483104489378,0.231667857307132,0.458333333333333,0.851679586563307,0.827551533433886
"CHARLS",7,"Universal","concurrent","complete_items",3923,1935,4021,3923,0.975627953245461,0.926123147151644,NA,NA,0.86526901814547,0.151349845595889,0.194781637415492,0.392857142857143,0.869250645994832,0.816901408450704
"CHARLS",8,"Universal","concurrent","complete_items",3923,1935,4021,3923,0.975627953245461,0.928371911052881,NA,NA,0.869636750652596,0.123258638967469,0.160629885876658,0.34375,0.874935400516796,0.8158953722334
"CHARLS",9,"Universal","concurrent","complete_items",3915,1928,4021,3915,0.973638398408356,0.92930696310249,NA,NA,0.872473873842267,0.101995388557076,0.133398640204973,0.305555555555556,0.880186721991701,0.811273276295923
"CHARLS",10,"Universal","concurrent","complete_items",3914,1927,4021,3914,0.973389704053718,0.930423074321439,NA,NA,0.875651036903073,0.0916156169378618,0.119853705516987,0.275,0.884795018162948,0.808253648716658
"CHARLS",11,"Universal","concurrent","complete_items",3899,1917,4021,3899,0.969659288734146,0.934209923742477,NA,NA,0.883168045757593,0.085889314944146,0.112188970211162,0.25,0.894627021387585,0.804238143289606
"CHARLS",12,"Universal","concurrent","complete_items",3872,1899,4021,3872,0.962944541158916,0.936407563187817,NA,NA,0.888074319228837,0.0806811888551117,0.104729544913126,0.229166666666667,0.904686677198526,0.79726305119108
"CHARLS",13,"Universal","concurrent","complete_items",3872,1899,4021,3872,0.962944541158916,0.938999158465509,NA,NA,0.890535784854537,0.0814494698934345,0.104887944861609,0.211538461538462,0.916271721958926,0.78205778003041
"CHARLS",14,"Universal","concurrent","complete_items",3866,1893,4021,3866,0.961452375031087,0.940337718202603,NA,NA,0.892408244990203,0.080775779815983,0.103817514756016,0.196428571428571,0.918119387216059,0.780030410542321
"CHARLS",15,"Universal","concurrent","complete_items",3855,1886,4021,3855,0.958716737130067,0.941552844271791,NA,NA,0.894360382056636,0.0779019591584367,0.0985841183132081,0.183333333333333,0.920466595970308,0.77856780091417
"CHARLS",16,"Universal","concurrent","complete_items",3855,1886,4021,3855,0.958716737130067,0.941393831320785,NA,NA,0.894413569451347,0.0777564767581753,0.0970553670654287,0.171875,0.920466595970308,0.777044184865414
"CHARLS",1,"Phenotype","concurrent","complete_items",3946,1952,4021,4005,0.99602089032579,0.679710751105776,NA,NA,0.521415220049164,0.306968174060704,0.362679599932202,0,1,0
"CHARLS",2,"Phenotype","concurrent","complete_items",3946,1952,4021,3968,0.986819199204178,0.791653135636417,NA,NA,0.642833551436077,0.258074615887701,0.310880875183947,0,1,0
"CHARLS",3,"Phenotype","concurrent","complete_items",3946,1952,4021,3958,0.984332255657797,0.845727500123321,NA,NA,0.719741997733267,0.243170569567499,0.302002499371094,0.333333333333333,0.897540983606557,0.605315947843531
"CHARLS",4,"Phenotype","concurrent","complete_items",3946,1952,4021,3957,0.984083561303158,0.885899116406597,NA,NA,0.790063551223716,0.222789332706127,0.28201198117097,0.4375,0.899590163934426,0.672016048144433
"CHARLS",5,"Phenotype","concurrent","complete_items",3943,1952,4021,3944,0.980850534692862,0.907858287498662,NA,NA,0.827593042629991,0.222252030053368,0.280854574685206,0.45,0.826844262295082,0.817177297840281
"CHARLS",6,"Phenotype","concurrent","complete_items",3926,1937,4021,3926,0.976374036309376,0.915499496066777,NA,NA,0.846588478491709,0.175434434348016,0.224971948116655,0.416666666666667,0.844088797108931,0.81649069884364
"CHARLS",7,"Phenotype","concurrent","complete_items",3925,1937,4021,3925,0.976125341954738,0.918162563403134,NA,NA,0.85233444821052,0.145627571962969,0.189355582156274,0.357142857142857,0.858544140423335,0.804828973843058
"CHARLS",8,"Phenotype","concurrent","complete_items",3922,1935,4021,3922,0.975379258890823,0.92801504351931,NA,NA,0.870020493688879,0.123343785101536,0.160804204145984,0.34375,0.874418604651163,0.815802717664821
"CHARLS",9,"Phenotype","concurrent","complete_items",3915,1929,4021,3915,0.973638398408356,0.929200097938029,NA,NA,0.873589333062561,0.103125544601035,0.134729503343472,0.305555555555556,0.879730430274754,0.81067472306143
"CHARLS",10,"Phenotype","concurrent","complete_items",3905,1923,4021,3905,0.971151454861975,0.930639667564503,NA,NA,0.878251116679306,0.0920484482951482,0.120667836399592,0.275,0.886635465418617,0.804742684157417
"CHARLS",11,"Phenotype","concurrent","complete_items",3889,1912,4021,3889,0.967172345187764,0.933751214278005,NA,NA,0.883858536320041,0.0866338602203936,0.113410143544602,0.25,0.892259414225941,0.802225594334851
"CHARLS",12,"Phenotype","concurrent","complete_items",3878,1905,4021,3878,0.964436707286745,0.935796241384677,NA,NA,0.886878418832737,0.0822733798922537,0.106935945148821,0.229166666666667,0.901837270341207,0.798783578307147
"CHARLS",13,"Phenotype","concurrent","complete_items",3872,1899,4021,3872,0.962944541158916,0.939561382507986,NA,NA,0.892171419455103,0.0805162473066457,0.103945207281652,0.211538461538462,0.912058978409689,0.789660415610745
"CHARLS",14,"Phenotype","concurrent","complete_items",3864,1891,4021,3864,0.960954986321811,0.940678804259406,NA,NA,0.892833818721587,0.0805515343240305,0.103409927831719,0.196428571428571,0.918032786885246,0.780030410542321
"CHARLS",15,"Phenotype","concurrent","complete_items",3855,1886,4021,3855,0.958716737130067,0.94182926559983,NA,NA,0.894542044133918,0.0778459447167987,0.0984818754713706,0.183333333333333,0.920466595970308,0.779075672930422
"CHARLS",16,"Phenotype","concurrent","complete_items",3855,1886,4021,3855,0.958716737130067,0.941393831320785,NA,NA,0.894413569451347,0.0777564767581753,0.0970553670654287,0.171875,0.920466595970308,0.777044184865414
"CHARLS",1,"Universal","followup_frail","complete_items",2930,1534,4021,4011,0.997513056453619,0.633127150398045,NA,NA,NA,NA,NA,0,NA,NA
"CHARLS",2,"Universal","followup_frail","complete_items",2930,1534,4021,3958,0.984332255657797,0.730529908511187,NA,NA,NA,NA,NA,0.5,NA,NA
"CHARLS",3,"Universal","followup_frail","complete_items",2930,1534,4021,3955,0.983586172593882,0.771654811848343,NA,NA,NA,NA,NA,0.5,NA,NA
"CHARLS",4,"Universal","followup_frail","complete_items",2930,1534,4021,3955,0.983586172593882,0.787939699196438,NA,NA,NA,NA,NA,0.4375,NA,NA
"CHARLS",5,"Universal","followup_frail","complete_items",2929,1533,4021,3953,0.983088783884606,0.793599081898332,NA,NA,NA,NA,NA,0.5,NA,NA
"CHARLS",6,"Universal","followup_frail","complete_items",2918,1525,4021,3924,0.9758766476001,0.797352570816612,NA,NA,NA,NA,NA,0.458333333333333,NA,NA
"CHARLS",7,"Universal","followup_frail","complete_items",2917,1524,4021,3923,0.975627953245461,0.798256373732178,NA,NA,NA,NA,NA,0.392857142857143,NA,NA
"CHARLS",8,"Universal","followup_frail","complete_items",2917,1524,4021,3923,0.975627953245461,0.798260613151999,NA,NA,NA,NA,NA,0.34375,NA,NA
"CHARLS",9,"Universal","followup_frail","complete_items",2910,1520,4021,3915,0.973638398408356,0.799747964786066,NA,NA,NA,NA,NA,0.305555555555556,NA,NA
"CHARLS",10,"Universal","followup_frail","complete_items",2910,1520,4021,3914,0.973389704053718,0.801981967057933,NA,NA,NA,NA,NA,0.275,NA,NA
"CHARLS",11,"Universal","followup_frail","complete_items",2900,1512,4021,3899,0.969659288734146,0.805201995944071,NA,NA,NA,NA,NA,0.25,NA,NA
"CHARLS",12,"Universal","followup_frail","complete_items",2884,1502,4021,3872,0.962944541158916,0.804408400955022,NA,NA,NA,NA,NA,0.229166666666667,NA,NA
"CHARLS",13,"Universal","followup_frail","complete_items",2884,1502,4021,3872,0.962944541158916,0.804753815944394,NA,NA,NA,NA,NA,0.211538461538462,NA,NA
"CHARLS",14,"Universal","followup_frail","complete_items",2878,1496,4021,3866,0.961452375031087,0.804451281565119,NA,NA,NA,NA,NA,0.196428571428571,NA,NA
"CHARLS",15,"Universal","followup_frail","complete_items",2871,1491,4021,3855,0.958716737130067,0.804803944439584,NA,NA,NA,NA,NA,0.183333333333333,NA,NA
"CHARLS",16,"Universal","followup_frail","complete_items",2871,1491,4021,3855,0.958716737130067,0.805590791123553,NA,NA,NA,NA,NA,0.171875,NA,NA
"CHARLS",1,"Phenotype","followup_frail","complete_items",2930,1534,4021,4005,0.99602089032579,0.619698953613042,NA,NA,NA,NA,NA,0,NA,NA
"CHARLS",2,"Phenotype","followup_frail","complete_items",2930,1534,4021,3968,0.986819199204178,0.698082013052753,NA,NA,NA,NA,NA,0,NA,NA
"CHARLS",3,"Phenotype","followup_frail","complete_items",2930,1534,4021,3958,0.984332255657797,0.748320541461355,NA,NA,NA,NA,NA,0.333333333333333,NA,NA
"CHARLS",4,"Phenotype","followup_frail","complete_items",2930,1534,4021,3957,0.984083561303158,0.774143529846871,NA,NA,NA,NA,NA,0.4375,NA,NA
"CHARLS",5,"Phenotype","followup_frail","complete_items",2929,1534,4021,3944,0.980850534692862,0.789017397765348,NA,NA,NA,NA,NA,0.45,NA,NA
"CHARLS",6,"Phenotype","followup_frail","complete_items",2919,1526,4021,3926,0.976374036309376,0.792800832471664,NA,NA,NA,NA,NA,0.416666666666667,NA,NA
"CHARLS",7,"Phenotype","followup_frail","complete_items",2918,1525,4021,3925,0.976125341954738,0.793645746295882,NA,NA,NA,NA,NA,0.357142857142857,NA,NA
"CHARLS",8,"Phenotype","followup_frail","complete_items",2916,1524,4021,3922,0.975379258890823,0.798303768063475,NA,NA,NA,NA,NA,0.34375,NA,NA
"CHARLS",9,"Phenotype","followup_frail","complete_items",2910,1521,4021,3915,0.973638398408356,0.799480893599518,NA,NA,NA,NA,NA,0.305555555555556,NA,NA
"CHARLS",10,"Phenotype","followup_frail","complete_items",2905,1518,4021,3905,0.971151454861975,0.800803955038932,NA,NA,NA,NA,NA,0.275,NA,NA
"CHARLS",11,"Phenotype","followup_frail","complete_items",2893,1508,4021,3889,0.967172345187764,0.802223999080715,NA,NA,NA,NA,NA,0.25,NA,NA
"CHARLS",12,"Phenotype","followup_frail","complete_items",2885,1503,4021,3878,0.964436707286745,0.803513571024858,NA,NA,NA,NA,NA,0.229166666666667,NA,NA
"CHARLS",13,"Phenotype","followup_frail","complete_items",2882,1500,4021,3872,0.962944541158916,0.803851664254703,NA,NA,NA,NA,NA,0.211538461538462,NA,NA
"CHARLS",14,"Phenotype","followup_frail","complete_items",2877,1496,4021,3864,0.960954986321811,0.805355918945815,NA,NA,NA,NA,NA,0.196428571428571,NA,NA
"CHARLS",15,"Phenotype","followup_frail","complete_items",2871,1491,4021,3855,0.958716737130067,0.80523138832998,NA,NA,NA,NA,NA,0.183333333333333,NA,NA
"CHARLS",16,"Phenotype","followup_frail","complete_items",2871,1491,4021,3855,0.958716737130067,0.805590791123553,NA,NA,NA,NA,NA,0.171875,NA,NA
"CHARLS",1,"Universal","incident_adl","complete_items",2288,464,4021,4011,0.997513056453619,0.576933983666062,NA,NA,NA,NA,NA,0,NA,NA
"CHARLS",2,"Universal","incident_adl","complete_items",2288,464,4021,3958,0.984332255657797,0.654742324561403,NA,NA,NA,NA,NA,0.5,NA,NA
"CHARLS",3,"Universal","incident_adl","complete_items",2288,464,4021,3955,0.983586172593882,0.663242494706594,NA,NA,NA,NA,NA,0.5,NA,NA
"CHARLS",4,"Universal","incident_adl","complete_items",2288,464,4021,3955,0.983586172593882,0.675605196990321,NA,NA,NA,NA,NA,0.4375,NA,NA
"CHARLS",5,"Universal","incident_adl","complete_items",2287,463,4021,3953,0.983088783884606,0.675632199424046,NA,NA,NA,NA,NA,0.5,NA,NA
"CHARLS",6,"Universal","incident_adl","complete_items",2280,462,4021,3924,0.9758766476001,0.680832368951181,NA,NA,NA,NA,NA,0.458333333333333,NA,NA
"CHARLS",7,"Universal","incident_adl","complete_items",2279,461,4021,3923,0.975627953245461,0.68302334571852,NA,NA,NA,NA,NA,0.392857142857143,NA,NA
"CHARLS",8,"Universal","incident_adl","complete_items",2279,461,4021,3923,0.975627953245461,0.68302334571852,NA,NA,NA,NA,NA,0.34375,NA,NA
"CHARLS",9,"Universal","incident_adl","complete_items",2277,461,4021,3915,0.973638398408356,0.682678433208788,NA,NA,NA,NA,NA,0.305555555555556,NA,NA
"CHARLS",10,"Universal","incident_adl","complete_items",2277,461,4021,3914,0.973389704053718,0.682678433208788,NA,NA,NA,NA,NA,0.275,NA,NA
"CHARLS",11,"Universal","incident_adl","complete_items",2272,460,4021,3899,0.969659288734146,0.685853368845379,NA,NA,NA,NA,NA,0.25,NA,NA
"CHARLS",12,"Universal","incident_adl","complete_items",2260,458,4021,3872,0.962944541158916,0.688321806435353,NA,NA,NA,NA,NA,0.229166666666667,NA,NA
"CHARLS",13,"Universal","incident_adl","complete_items",2260,458,4021,3872,0.962944541158916,0.688321806435353,NA,NA,NA,NA,NA,0.211538461538462,NA,NA
"CHARLS",14,"Universal","incident_adl","complete_items",2260,458,4021,3866,0.961452375031087,0.688321806435353,NA,NA,NA,NA,NA,0.196428571428571,NA,NA
"CHARLS",15,"Universal","incident_adl","complete_items",2257,456,4021,3855,0.958716737130067,0.689024494189388,NA,NA,NA,NA,NA,0.183333333333333,NA,NA
"CHARLS",16,"Universal","incident_adl","complete_items",2257,456,4021,3855,0.958716737130067,0.689024494189388,NA,NA,NA,NA,NA,0.171875,NA,NA
"CHARLS",1,"Phenotype","incident_adl","complete_items",2288,464,4021,4005,0.99602089032579,0.565118345432547,NA,NA,NA,NA,NA,0,NA,NA
"CHARLS",2,"Phenotype","incident_adl","complete_items",2288,464,4021,3968,0.986819199204178,0.62565576792196,NA,NA,NA,NA,NA,0,NA,NA
"CHARLS",3,"Phenotype","incident_adl","complete_items",2288,464,4021,3958,0.984332255657797,0.648895355981549,NA,NA,NA,NA,NA,0.333333333333333,NA,NA
"CHARLS",4,"Phenotype","incident_adl","complete_items",2288,464,4021,3957,0.984083561303158,0.663812008469449,NA,NA,NA,NA,NA,0.4375,NA,NA
"CHARLS",5,"Phenotype","incident_adl","complete_items",2287,464,4021,3944,0.980850534692862,0.674006823727467,NA,NA,NA,NA,NA,0.45,NA,NA
"CHARLS",6,"Phenotype","incident_adl","complete_items",2281,463,4021,3926,0.976374036309376,0.681285299156266,NA,NA,NA,NA,NA,0.416666666666667,NA,NA
"CHARLS",7,"Phenotype","incident_adl","complete_items",2280,462,4021,3925,0.976125341954738,0.680203139361555,NA,NA,NA,NA,NA,0.357142857142857,NA,NA
"CHARLS",8,"Phenotype","incident_adl","complete_items",2278,461,4021,3922,0.975379258890823,0.682667432312565,NA,NA,NA,NA,NA,0.34375,NA,NA
"CHARLS",9,"Phenotype","incident_adl","complete_items",2276,461,4021,3915,0.973638398408356,0.681316816359214,NA,NA,NA,NA,NA,0.305555555555556,NA,NA
"CHARLS",10,"Phenotype","incident_adl","complete_items",2272,461,4021,3905,0.971151454861975,0.682818663003027,NA,NA,NA,NA,NA,0.275,NA,NA
"CHARLS",11,"Phenotype","incident_adl","complete_items",2267,460,4021,3889,0.967172345187764,0.684074613219124,NA,NA,NA,NA,NA,0.25,NA,NA
"CHARLS",12,"Phenotype","incident_adl","complete_items",2262,460,4021,3878,0.964436707286745,0.685768228538339,NA,NA,NA,NA,NA,0.229166666666667,NA,NA
"CHARLS",13,"Phenotype","incident_adl","complete_items",2260,458,4021,3872,0.962944541158916,0.687469405657954,NA,NA,NA,NA,NA,0.211538461538462,NA,NA
"CHARLS",14,"Phenotype","incident_adl","complete_items",2260,458,4021,3864,0.960954986321811,0.688753156366773,NA,NA,NA,NA,NA,0.196428571428571,NA,NA
"CHARLS",15,"Phenotype","incident_adl","complete_items",2257,456,4021,3855,0.958716737130067,0.689024494189388,NA,NA,NA,NA,NA,0.183333333333333,NA,NA
"CHARLS",16,"Phenotype","incident_adl","complete_items",2257,456,4021,3855,0.958716737130067,0.689024494189388,NA,NA,NA,NA,NA,0.171875,NA,NA
"MHAS",1,"Universal","concurrent","complete_items",5433,3409,5827,5730,0.98335335507122,0.753815681461651,NA,NA,0.630928991695976,0.354016112266883,0.403622125934367,0,1,0
"MHAS",2,"Universal","concurrent","complete_items",5433,3409,5827,5484,0.941136090612665,0.860902377686593,NA,NA,0.75771175420032,0.290484618323415,0.346008827286586,0.5,0.87004986799648,0.742094861660079
"MHAS",3,"Universal","concurrent","complete_items",5433,3409,5827,5480,0.940449631027973,0.891756823660225,NA,NA,0.804306129144058,0.255428132612459,0.306868819145744,0.333333333333333,0.908770900557348,0.698122529644269
"MHAS",4,"Universal","concurrent","complete_items",5433,3409,5827,5480,0.940449631027973,0.91412386939014,NA,NA,0.8322684867115,0.219668906087307,0.276889730803268,0.4375,0.870636550308008,0.799901185770751
"MHAS",5,"Universal","concurrent","complete_items",5421,3400,5827,5462,0.937360562896859,0.927628576418197,NA,NA,0.850062062499178,0.231039447357534,0.286513416885942,0.5,0.844705882352941,0.858980702622464
"MHAS",6,"Universal","concurrent","complete_items",5351,3344,5827,5352,0.918482924317831,0.930611505067193,NA,NA,0.867097758935747,0.177312184885074,0.221192812146279,0.458333333333333,0.819377990430622,0.901843547583458
"MHAS",7,"Universal","concurrent","complete_items",5350,3343,5827,5351,0.918311309421658,0.933922715306478,NA,NA,0.874892662559726,0.149054959351469,0.187590024552309,0.392857142857143,0.833682321268322,0.896860986547085
"MHAS",8,"Universal","concurrent","complete_items",5350,3343,5827,5351,0.918311309421658,0.935025272747895,NA,NA,0.879202981334629,0.128275456036715,0.162099439899315,0.34375,0.838767574035298,0.894369706028899
"MHAS",9,"Universal","concurrent","complete_items",5349,3342,5827,5349,0.917968079629312,0.935307289239308,NA,NA,0.880809832332107,0.106890077404113,0.134864817630398,0.305555555555556,0.839317773788151,0.894369706028899
"MHAS",10,"Universal","concurrent","complete_items",5338,3332,5827,5338,0.916080315771409,0.935884872393624,NA,NA,0.882145417491134,0.0919430185197117,0.115382705799628,0.275,0.842136854741897,0.89431704885344
"MHAS",11,"Universal","concurrent","complete_items",5163,3197,5827,5163,0.886047708941136,0.935389739427,NA,NA,0.882398418850291,0.0889929558074712,0.111491159324415,0.272727272727273,0.740381607757272,0.955239064089522
"MHAS",12,"Universal","concurrent","complete_items",5162,3196,5827,5162,0.885876094044963,0.935836154552295,NA,NA,0.884350254533034,0.0900892852173293,0.1121430689303,0.25,0.743116395494368,0.954730417090539
"MHAS",13,"Universal","concurrent","complete_items",5160,3194,5827,5160,0.885532864252617,0.937186634272934,NA,NA,0.885710447480672,0.0924826533871928,0.114328604572292,0.230769230769231,0.753913587977458,0.95116988809766
"MHAS",14,"Universal","concurrent","complete_items",5156,3191,5827,5156,0.884846404667925,0.937456650901908,NA,NA,0.886635578915213,0.0970900886308633,0.118785537848517,0.214285714285714,0.759636477593231,0.950636132315522
"MHAS",15,"Universal","concurrent","complete_items",5147,3187,5827,5147,0.883301870602368,0.937317018115687,NA,NA,0.88642229292008,0.103482006596835,0.124872551894205,0.2,0.760589896454346,0.95
"MHAS",16,"Universal","concurrent","complete_items",5147,3187,5827,5147,0.883301870602368,0.9372877218035,NA,NA,0.886468347741029,0.110947160393475,0.132018532900364,0.1875,0.760589896454346,0.95
"MHAS",1,"Phenotype","concurrent","complete_items",5433,3409,5827,5641,0.968079629311824,0.744102886221893,NA,NA,0.569361948632923,0.392745713442675,0.446350445585587,0,1,0
"MHAS",2,"Phenotype","concurrent","complete_items",5433,3409,5827,5574,0.956581431268234,0.822996511791039,NA,NA,0.674107501676612,0.297490982480599,0.354262017890076,0.5,0.804928131416838,0.786067193675889
"MHAS",3,"Phenotype","concurrent","complete_items",5433,3409,5827,5496,0.943195469366741,0.849564756509449,NA,NA,0.722714922765033,0.235134194716347,0.291892493183631,0.333333333333333,0.865356409504253,0.723320158102767
"MHAS",4,"Phenotype","concurrent","complete_items",5433,3409,5827,5487,0.941650935301184,0.890357510982902,NA,NA,0.783803543494442,0.21471394692504,0.273656562877019,0.4375,0.849515987092989,0.777667984189723
"MHAS",5,"Phenotype","concurrent","complete_items",5425,3404,5827,5433,0.932383730907843,0.917098578905046,NA,NA,0.82906760882704,0.212933060537643,0.268675166193802,0.45,0.812279670975323,0.864918357248887
"MHAS",6,"Phenotype","concurrent","complete_items",5355,3348,5827,5356,0.919169383902523,0.918595176738048,NA,NA,0.839504138086893,0.163110293673763,0.20688221311205,0.416666666666667,0.817204301075269,0.862481315396114
"MHAS",7,"Phenotype","concurrent","complete_items",5342,3341,5827,5343,0.916938390252274,0.923191726495328,NA,NA,0.852089219436219,0.137813150079805,0.175240413841864,0.357142857142857,0.83507931756959,0.856571714142929
"MHAS",8,"Phenotype","concurrent","complete_items",5337,3336,5827,5337,0.915908700875236,0.934234396590674,NA,NA,0.877305281042208,0.11754236398934,0.14758807490355,0.34375,0.83363309352518,0.898050974512744
"MHAS",9,"Phenotype","concurrent","complete_items",5323,3323,5827,5323,0.913506092328814,0.935172509780319,NA,NA,0.88032594686997,0.102659395845589,0.129261070988614,0.305555555555556,0.837195305446885,0.8975
"MHAS",10,"Phenotype","concurrent","complete_items",5214,3238,5827,5214,0.894800068645959,0.935706160773007,NA,NA,0.88240441042023,0.0921668239946931,0.115730141180217,0.275,0.840024706609018,0.896255060728745
"MHAS",11,"Phenotype","concurrent","complete_items",5164,3198,5827,5164,0.886219323837309,0.935371929429444,NA,NA,0.883349239073648,0.0901650303952411,0.113062832283806,0.272727272727273,0.740462789243277,0.955239064089522
"MHAS",12,"Phenotype","concurrent","complete_items",5161,3196,5827,5161,0.88570447914879,0.935943068148162,NA,NA,0.884275415202697,0.090026452467247,0.112101702554314,0.25,0.74468085106383,0.95470737913486
"MHAS",13,"Phenotype","concurrent","complete_items",5158,3193,5827,5158,0.885189634460271,0.937156582186383,NA,NA,0.885481168932997,0.092850457744092,0.114612309988191,0.230769230769231,0.754462887566552,0.952162849872774
"MHAS",14,"Phenotype","concurrent","complete_items",5152,3191,5827,5152,0.884159945083233,0.937333071676124,NA,NA,0.886071615465052,0.0972890808124772,0.118977745344794,0.214285714285714,0.758069570667502,0.950535441101479
"MHAS",15,"Phenotype","concurrent","complete_items",5147,3187,5827,5147,0.883301870602368,0.937300048667098,NA,NA,0.886378142105961,0.103587283547509,0.124983063640468,0.2,0.759962347034829,0.95
"MHAS",16,"Phenotype","concurrent","complete_items",5147,3187,5827,5147,0.883301870602368,0.9372877218035,NA,NA,0.886468347741029,0.110947160393475,0.132018532900364,0.1875,0.760589896454346,0.95
"MHAS",1,"Universal","followup_frail","complete_items",3989,2528,5827,5730,0.98335335507122,0.669039949011861,NA,NA,NA,NA,NA,0,NA,NA
"MHAS",2,"Universal","followup_frail","complete_items",3989,2528,5827,5484,0.941136090612665,0.733349388965422,NA,NA,NA,NA,NA,0.5,NA,NA
"MHAS",3,"Universal","followup_frail","complete_items",3989,2528,5827,5480,0.940449631027973,0.758420001256292,NA,NA,NA,NA,NA,0.333333333333333,NA,NA
"MHAS",4,"Universal","followup_frail","complete_items",3989,2528,5827,5480,0.940449631027973,0.786247417019728,NA,NA,NA,NA,NA,0.4375,NA,NA
"MHAS",5,"Universal","followup_frail","complete_items",3979,2518,5827,5462,0.937360562896859,0.790283674178359,NA,NA,NA,NA,NA,0.5,NA,NA
"MHAS",6,"Universal","followup_frail","complete_items",3939,2485,5827,5352,0.918482924317831,0.791528953639305,NA,NA,NA,NA,NA,0.458333333333333,NA,NA
"MHAS",7,"Universal","followup_frail","complete_items",3938,2485,5827,5351,0.918311309421658,0.791561204806264,NA,NA,NA,NA,NA,0.392857142857143,NA,NA
"MHAS",8,"Universal","followup_frail","complete_items",3938,2485,5827,5351,0.918311309421658,0.7915991475349,NA,NA,NA,NA,NA,0.34375,NA,NA
"MHAS",9,"Universal","followup_frail","complete_items",3937,2484,5827,5349,0.917968079629312,0.79188610271602,NA,NA,NA,NA,NA,0.305555555555556,NA,NA
"MHAS",10,"Universal","followup_frail","complete_items",3931,2479,5827,5338,0.916080315771409,0.792417741535788,NA,NA,NA,NA,NA,0.275,NA,NA
"MHAS",11,"Universal","followup_frail","complete_items",3834,2417,5827,5163,0.886047708941136,0.791559376084889,NA,NA,NA,NA,NA,0.272727272727273,NA,NA
"MHAS",12,"Universal","followup_frail","complete_items",3834,2417,5827,5162,0.885876094044963,0.792504224224493,NA,NA,NA,NA,NA,0.25,NA,NA
"MHAS",13,"Universal","followup_frail","complete_items",3832,2415,5827,5160,0.885532864252617,0.793436838390967,NA,NA,NA,NA,NA,0.230769230769231,NA,NA
"MHAS",14,"Universal","followup_frail","complete_items",3829,2413,5827,5156,0.884846404667925,0.793269771084591,NA,NA,NA,NA,NA,0.214285714285714,NA,NA
"MHAS",15,"Universal","followup_frail","complete_items",3821,2410,5827,5147,0.883301870602368,0.792894301148945,NA,NA,NA,NA,NA,0.2,NA,NA
"MHAS",16,"Universal","followup_frail","complete_items",3821,2410,5827,5147,0.883301870602368,0.792925914054068,NA,NA,NA,NA,NA,0.1875,NA,NA
"MHAS",1,"Phenotype","followup_frail","complete_items",3989,2528,5827,5641,0.968079629311824,0.644982763886362,NA,NA,NA,NA,NA,0,NA,NA
"MHAS",2,"Phenotype","followup_frail","complete_items",3989,2528,5827,5574,0.956581431268234,0.698309934889403,NA,NA,NA,NA,NA,0.5,NA,NA
"MHAS",3,"Phenotype","followup_frail","complete_items",3989,2528,5827,5496,0.943195469366741,0.72859795072735,NA,NA,NA,NA,NA,0.333333333333333,NA,NA
"MHAS",4,"Phenotype","followup_frail","complete_items",3989,2528,5827,5487,0.941650935301184,0.760042486505688,NA,NA,NA,NA,NA,0.4375,NA,NA
"MHAS",5,"Phenotype","followup_frail","complete_items",3982,2521,5827,5433,0.932383730907843,0.779627175531151,NA,NA,NA,NA,NA,0.45,NA,NA
"MHAS",6,"Phenotype","followup_frail","complete_items",3942,2488,5827,5356,0.919169383902523,0.779013681074937,NA,NA,NA,NA,NA,0.416666666666667,NA,NA
"MHAS",7,"Phenotype","followup_frail","complete_items",3934,2485,5827,5343,0.916938390252274,0.780694796800124,NA,NA,NA,NA,NA,0.357142857142857,NA,NA
"MHAS",8,"Phenotype","followup_frail","complete_items",3930,2481,5827,5337,0.915908700875236,0.79208986224916,NA,NA,NA,NA,NA,0.34375,NA,NA
"MHAS",9,"Phenotype","followup_frail","complete_items",3922,2474,5827,5323,0.913506092328814,0.79330981433427,NA,NA,NA,NA,NA,0.305555555555556,NA,NA
"MHAS",10,"Phenotype","followup_frail","complete_items",3861,2435,5827,5214,0.894800068645959,0.793003648867757,NA,NA,NA,NA,NA,0.275,NA,NA
"MHAS",11,"Phenotype","followup_frail","complete_items",3834,2417,5827,5164,0.886219323837309,0.792030486243496,NA,NA,NA,NA,NA,0.272727272727273,NA,NA
"MHAS",12,"Phenotype","followup_frail","complete_items",3833,2417,5827,5161,0.88570447914879,0.791879378414199,NA,NA,NA,NA,NA,0.25,NA,NA
"MHAS",13,"Phenotype","followup_frail","complete_items",3830,2414,5827,5158,0.885189634460271,0.792599022182279,NA,NA,NA,NA,NA,0.230769230769231,NA,NA
"MHAS",14,"Phenotype","followup_frail","complete_items",3824,2412,5827,5152,0.884159945083233,0.792704031776904,NA,NA,NA,NA,NA,0.214285714285714,NA,NA
"MHAS",15,"Phenotype","followup_frail","complete_items",3821,2410,5827,5147,0.883301870602368,0.792991639489371,NA,NA,NA,NA,NA,0.2,NA,NA
"MHAS",16,"Phenotype","followup_frail","complete_items",3821,2410,5827,5147,0.883301870602368,0.792925914054068,NA,NA,NA,NA,NA,0.1875,NA,NA
"MHAS",1,"Universal","incident_adl","complete_items",3480,765,5827,5730,0.98335335507122,0.596638139602065,NA,NA,NA,NA,NA,0,NA,NA
"MHAS",2,"Universal","incident_adl","complete_items",3480,765,5827,5484,0.941136090612665,0.641026974325642,NA,NA,NA,NA,NA,0.5,NA,NA
"MHAS",3,"Universal","incident_adl","complete_items",3480,765,5827,5480,0.940449631027973,0.643572021810566,NA,NA,NA,NA,NA,0.333333333333333,NA,NA
"MHAS",4,"Universal","incident_adl","complete_items",3480,765,5827,5480,0.940449631027973,0.655262581398428,NA,NA,NA,NA,NA,0.4375,NA,NA
"MHAS",5,"Universal","incident_adl","complete_items",3475,764,5827,5462,0.937360562896859,0.660397044424402,NA,NA,NA,NA,NA,0.5,NA,NA
"MHAS",6,"Universal","incident_adl","complete_items",3444,756,5827,5352,0.918482924317831,0.666742449294533,NA,NA,NA,NA,NA,0.458333333333333,NA,NA
"MHAS",7,"Universal","incident_adl","complete_items",3443,756,5827,5351,0.918311309421658,0.66916990093395,NA,NA,NA,NA,NA,0.392857142857143,NA,NA
"MHAS",8,"Universal","incident_adl","complete_items",3443,756,5827,5351,0.918311309421658,0.66916990093395,NA,NA,NA,NA,NA,0.34375,NA,NA
"MHAS",9,"Universal","incident_adl","complete_items",3443,756,5827,5349,0.917968079629312,0.66916990093395,NA,NA,NA,NA,NA,0.305555555555556,NA,NA
"MHAS",10,"Universal","incident_adl","complete_items",3440,754,5827,5338,0.916080315771409,0.67075695570509,NA,NA,NA,NA,NA,0.275,NA,NA
"MHAS",11,"Universal","incident_adl","complete_items",3357,734,5827,5163,0.886047708941136,0.670519175892155,NA,NA,NA,NA,NA,0.272727272727273,NA,NA
"MHAS",12,"Universal","incident_adl","complete_items",3357,734,5827,5162,0.885876094044963,0.670519175892155,NA,NA,NA,NA,NA,0.25,NA,NA
"MHAS",13,"Universal","incident_adl","complete_items",3357,734,5827,5160,0.885532864252617,0.672203864161198,NA,NA,NA,NA,NA,0.230769230769231,NA,NA
"MHAS",14,"Universal","incident_adl","complete_items",3354,733,5827,5156,0.884846404667925,0.671934313731104,NA,NA,NA,NA,NA,0.214285714285714,NA,NA
"MHAS",15,"Universal","incident_adl","complete_items",3347,733,5827,5147,0.883301870602368,0.672808604314474,NA,NA,NA,NA,NA,0.2,NA,NA
"MHAS",16,"Universal","incident_adl","complete_items",3347,733,5827,5147,0.883301870602368,0.672808604314474,NA,NA,NA,NA,NA,0.1875,NA,NA
"MHAS",1,"Phenotype","incident_adl","complete_items",3480,765,5827,5641,0.968079629311824,0.585410753620048,NA,NA,NA,NA,NA,0,NA,NA
"MHAS",2,"Phenotype","incident_adl","complete_items",3480,765,5827,5574,0.956581431268234,0.609750959929706,NA,NA,NA,NA,NA,0.5,NA,NA
"MHAS",3,"Phenotype","incident_adl","complete_items",3480,765,5827,5496,0.943195469366741,0.630317890200893,NA,NA,NA,NA,NA,0.333333333333333,NA,NA
"MHAS",4,"Phenotype","incident_adl","complete_items",3480,765,5827,5487,0.941650935301184,0.644471888202795,NA,NA,NA,NA,NA,0.4375,NA,NA
"MHAS",5,"Phenotype","incident_adl","complete_items",3476,765,5827,5433,0.932383730907843,0.655403668906392,NA,NA,NA,NA,NA,0.45,NA,NA
"MHAS",6,"Phenotype","incident_adl","complete_items",3445,757,5827,5356,0.919169383902523,0.659366252280304,NA,NA,NA,NA,NA,0.416666666666667,NA,NA
"MHAS",7,"Phenotype","incident_adl","complete_items",3437,755,5827,5343,0.916938390252274,0.663504797744097,NA,NA,NA,NA,NA,0.357142857142857,NA,NA
"MHAS",8,"Phenotype","incident_adl","complete_items",3436,754,5827,5337,0.915908700875236,0.669275917453423,NA,NA,NA,NA,NA,0.34375,NA,NA
"MHAS",9,"Phenotype","incident_adl","complete_items",3431,751,5827,5323,0.913506092328814,0.670041437287597,NA,NA,NA,NA,NA,0.305555555555556,NA,NA
"MHAS",10,"Phenotype","incident_adl","complete_items",3377,738,5827,5214,0.894800068645959,0.669981032891041,NA,NA,NA,NA,NA,0.275,NA,NA
"MHAS",11,"Phenotype","incident_adl","complete_items",3357,734,5827,5164,0.886219323837309,0.670125986738566,NA,NA,NA,NA,NA,0.272727272727273,NA,NA
"MHAS",12,"Phenotype","incident_adl","complete_items",3356,734,5827,5161,0.88570447914879,0.670203860854601,NA,NA,NA,NA,NA,0.25,NA,NA
"MHAS",13,"Phenotype","incident_adl","complete_items",3355,734,5827,5158,0.885189634460271,0.671551407776427,NA,NA,NA,NA,NA,0.230769230769231,NA,NA
"MHAS",14,"Phenotype","incident_adl","complete_items",3349,734,5827,5152,0.884159945083233,0.67256995639285,NA,NA,NA,NA,NA,0.214285714285714,NA,NA
"MHAS",15,"Phenotype","incident_adl","complete_items",3347,733,5827,5147,0.883301870602368,0.672808604314474,NA,NA,NA,NA,NA,0.2,NA,NA
"MHAS",16,"Phenotype","incident_adl","complete_items",3347,733,5827,5147,0.883301870602368,0.672808604314474,NA,NA,NA,NA,NA,0.1875,NA,NA
