"AUROC_fraction_of_max","prospective_rule","k","cohorts_meeting","cohorts","meets_4_of_5","meets_5_of_5"
0.9,"future_FI",1,0,"",FALSE,FALSE
0.9,"future_FI",2,0,"",FALSE,FALSE
0.9,"future_FI",3,0,"",FALSE,FALSE
0.9,"future_FI",4,3,"HRS+ELSA+SHARE",FALSE,FALSE
0.9,"future_FI",5,4,"HRS+ELSA+SHARE+CHARLS",TRUE,FALSE
0.9,"future_FI",6,5,"HRS+ELSA+SHARE+CHARLS+MHAS",TRUE,TRUE
0.9,"future_FI",7,5,"HRS+ELSA+SHARE+CHARLS+MHAS",TRUE,TRUE
0.9,"future_FI",8,5,"HRS+ELSA+SHARE+CHARLS+MHAS",TRUE,TRUE
0.9,"future_FI",9,5,"HRS+ELSA+SHARE+CHARLS+MHAS",TRUE,TRUE
0.9,"future_FI",10,5,"HRS+ELSA+SHARE+CHARLS+MHAS",TRUE,TRUE
0.9,"future_FI",11,5,"HRS+ELSA+SHARE+CHARLS+MHAS",TRUE,TRUE
0.9,"future_FI",12,5,"HRS+ELSA+SHARE+CHARLS+MHAS",TRUE,TRUE
0.9,"future_FI",13,5,"HRS+ELSA+SHARE+CHARLS+MHAS",TRUE,TRUE
0.9,"future_FI",14,5,"HRS+ELSA+SHARE+CHARLS+MHAS",TRUE,TRUE
0.9,"future_FI",15,5,"HRS+ELSA+SHARE+CHARLS+MHAS",TRUE,TRUE
0.9,"future_FI",16,5,"HRS+ELSA+SHARE+CHARLS+MHAS",TRUE,TRUE
0.9,"future_FI_and_ADL",1,0,"",FALSE,FALSE
0.9,"future_FI_and_ADL",2,0,"",FALSE,FALSE
0.9,"future_FI_and_ADL",3,0,"",FALSE,FALSE
0.9,"future_FI_and_ADL",4,3,"HRS+ELSA+SHARE",FALSE,FALSE
0.9,"future_FI_and_ADL",5,4,"HRS+ELSA+SHARE+CHARLS",TRUE,FALSE
0.9,"future_FI_and_ADL",6,4,"HRS+ELSA+SHARE+CHARLS",TRUE,FALSE
0.9,"future_FI_and_ADL",7,4,"HRS+ELSA+SHARE+CHARLS",TRUE,FALSE
0.9,"future_FI_and_ADL",8,4,"HRS+ELSA+SHARE+CHARLS",TRUE,FALSE
0.9,"future_FI_and_ADL",9,4,"HRS+ELSA+SHARE+CHARLS",TRUE,FALSE
0.9,"future_FI_and_ADL",10,4,"HRS+ELSA+SHARE+CHARLS",TRUE,FALSE
0.9,"future_FI_and_ADL",11,5,"HRS+ELSA+SHARE+CHARLS+MHAS",TRUE,TRUE
0.9,"future_FI_and_ADL",12,5,"HRS+ELSA+SHARE+CHARLS+MHAS",TRUE,TRUE
0.9,"future_FI_and_ADL",13,5,"HRS+ELSA+SHARE+CHARLS+MHAS",TRUE,TRUE
0.9,"future_FI_and_ADL",14,5,"HRS+ELSA+SHARE+CHARLS+MHAS",TRUE,TRUE
0.9,"future_FI_and_ADL",15,5,"HRS+ELSA+SHARE+CHARLS+MHAS",TRUE,TRUE
0.9,"future_FI_and_ADL",16,5,"HRS+ELSA+SHARE+CHARLS+MHAS",TRUE,TRUE
0.95,"future_FI",1,0,"",FALSE,FALSE
0.95,"future_FI",2,0,"",FALSE,FALSE
0.95,"future_FI",3,0,"",FALSE,FALSE
0.95,"future_FI",4,3,"HRS+ELSA+SHARE",FALSE,FALSE
0.95,"future_FI",5,4,"HRS+ELSA+SHARE+CHARLS",TRUE,FALSE
0.95,"future_FI",6,5,"HRS+ELSA+SHARE+CHARLS+MHAS",TRUE,TRUE
0.95,"future_FI",7,5,"HRS+ELSA+SHARE+CHARLS+MHAS",TRUE,TRUE
0.95,"future_FI",8,5,"HRS+ELSA+SHARE+CHARLS+MHAS",TRUE,TRUE
0.95,"future_FI",9,5,"HRS+ELSA+SHARE+CHARLS+MHAS",TRUE,TRUE
0.95,"future_FI",10,5,"HRS+ELSA+SHARE+CHARLS+MHAS",TRUE,TRUE
0.95,"future_FI",11,5,"HRS+ELSA+SHARE+CHARLS+MHAS",TRUE,TRUE
0.95,"future_FI",12,5,"HRS+ELSA+SHARE+CHARLS+MHAS",TRUE,TRUE
0.95,"future_FI",13,5,"HRS+ELSA+SHARE+CHARLS+MHAS",TRUE,TRUE
0.95,"future_FI",14,5,"HRS+ELSA+SHARE+CHARLS+MHAS",TRUE,TRUE
0.95,"future_FI",15,5,"HRS+ELSA+SHARE+CHARLS+MHAS",TRUE,TRUE
0.95,"future_FI",16,5,"HRS+ELSA+SHARE+CHARLS+MHAS",TRUE,TRUE
0.95,"future_FI_and_ADL",1,0,"",FALSE,FALSE
0.95,"future_FI_and_ADL",2,0,"",FALSE,FALSE
0.95,"future_FI_and_ADL",3,0,"",FALSE,FALSE
0.95,"future_FI_and_ADL",4,3,"HRS+ELSA+SHARE",FALSE,FALSE
0.95,"future_FI_and_ADL",5,4,"HRS+ELSA+SHARE+CHARLS",TRUE,FALSE
0.95,"future_FI_and_ADL",6,4,"HRS+ELSA+SHARE+CHARLS",TRUE,FALSE
0.95,"future_FI_and_ADL",7,4,"HRS+ELSA+SHARE+CHARLS",TRUE,FALSE
0.95,"future_FI_and_ADL",8,4,"HRS+ELSA+SHARE+CHARLS",TRUE,FALSE
0.95,"future_FI_and_ADL",9,4,"HRS+ELSA+SHARE+CHARLS",TRUE,FALSE
0.95,"future_FI_and_ADL",10,4,"HRS+ELSA+SHARE+CHARLS",TRUE,FALSE
0.95,"future_FI_and_ADL",11,5,"HRS+ELSA+SHARE+CHARLS+MHAS",TRUE,TRUE
0.95,"future_FI_and_ADL",12,5,"HRS+ELSA+SHARE+CHARLS+MHAS",TRUE,TRUE
0.95,"future_FI_and_ADL",13,5,"HRS+ELSA+SHARE+CHARLS+MHAS",TRUE,TRUE
0.95,"future_FI_and_ADL",14,5,"HRS+ELSA+SHARE+CHARLS+MHAS",TRUE,TRUE
0.95,"future_FI_and_ADL",15,5,"HRS+ELSA+SHARE+CHARLS+MHAS",TRUE,TRUE
0.95,"future_FI_and_ADL",16,5,"HRS+ELSA+SHARE+CHARLS+MHAS",TRUE,TRUE
0.975,"future_FI",1,0,"",FALSE,FALSE
0.975,"future_FI",2,0,"",FALSE,FALSE
0.975,"future_FI",3,0,"",FALSE,FALSE
0.975,"future_FI",4,2,"HRS+ELSA",FALSE,FALSE
0.975,"future_FI",5,3,"HRS+ELSA+SHARE",FALSE,FALSE
0.975,"future_FI",6,5,"HRS+ELSA+SHARE+CHARLS+MHAS",TRUE,TRUE
0.975,"future_FI",7,5,"HRS+ELSA+SHARE+CHARLS+MHAS",TRUE,TRUE
0.975,"future_FI",8,5,"HRS+ELSA+SHARE+CHARLS+MHAS",TRUE,TRUE
0.975,"future_FI",9,5,"HRS+ELSA+SHARE+CHARLS+MHAS",TRUE,TRUE
0.975,"future_FI",10,5,"HRS+ELSA+SHARE+CHARLS+MHAS",TRUE,TRUE
0.975,"future_FI",11,5,"HRS+ELSA+SHARE+CHARLS+MHAS",TRUE,TRUE
0.975,"future_FI",12,5,"HRS+ELSA+SHARE+CHARLS+MHAS",TRUE,TRUE
0.975,"future_FI",13,5,"HRS+ELSA+SHARE+CHARLS+MHAS",TRUE,TRUE
0.975,"future_FI",14,5,"HRS+ELSA+SHARE+CHARLS+MHAS",TRUE,TRUE
0.975,"future_FI",15,5,"HRS+ELSA+SHARE+CHARLS+MHAS",TRUE,TRUE
0.975,"future_FI",16,5,"HRS+ELSA+SHARE+CHARLS+MHAS",TRUE,TRUE
0.975,"future_FI_and_ADL",1,0,"",FALSE,FALSE
0.975,"future_FI_and_ADL",2,0,"",FALSE,FALSE
0.975,"future_FI_and_ADL",3,0,"",FALSE,FALSE
0.975,"future_FI_and_ADL",4,2,"HRS+ELSA",FALSE,FALSE
0.975,"future_FI_and_ADL",5,3,"HRS+ELSA+SHARE",FALSE,FALSE
0.975,"future_FI_and_ADL",6,4,"HRS+ELSA+SHARE+CHARLS",TRUE,FALSE
0.975,"future_FI_and_ADL",7,4,"HRS+ELSA+SHARE+CHARLS",TRUE,FALSE
0.975,"future_FI_and_ADL",8,4,"HRS+ELSA+SHARE+CHARLS",TRUE,FALSE
0.975,"future_FI_and_ADL",9,4,"HRS+ELSA+SHARE+CHARLS",TRUE,FALSE
0.975,"future_FI_and_ADL",10,4,"HRS+ELSA+SHARE+CHARLS",TRUE,FALSE
0.975,"future_FI_and_ADL",11,5,"HRS+ELSA+SHARE+CHARLS+MHAS",TRUE,TRUE
0.975,"future_FI_and_ADL",12,5,"HRS+ELSA+SHARE+CHARLS+MHAS",TRUE,TRUE
0.975,"future_FI_and_ADL",13,5,"HRS+ELSA+SHARE+CHARLS+MHAS",TRUE,TRUE
0.975,"future_FI_and_ADL",14,5,"HRS+ELSA+SHARE+CHARLS+MHAS",TRUE,TRUE
0.975,"future_FI_and_ADL",15,5,"HRS+ELSA+SHARE+CHARLS+MHAS",TRUE,TRUE
0.975,"future_FI_and_ADL",16,5,"HRS+ELSA+SHARE+CHARLS+MHAS",TRUE,TRUE
