"held_out","item","SHAP_rank","mean_abs_SHAP","training_n"
"HRS","q_lifta",1,0.0303105840359,26605
"HRS","q_climsa",2,0.0293663939128909,26605
"HRS","q_shlt",3,0.0281166127781929,26605
"HRS","q_chaira",4,0.0263621836554156,26605
"HRS","q_stoopa",5,0.0221383659229988,26605
"HRS","q_shopa",6,0.0183840330230698,26605
"HRS","q_armsa",7,0.0122474547469363,26605
"HRS","q_dressa",8,0.0101071454593875,26605
"HRS","q_mealsa",9,0.00691916522866036,26605
"HRS","q_dimea",10,0.0068692817175059,26605
"HRS","q_beda",11,0.00595151558670028,26605
"HRS","q_toilta",12,0.00538678511339132,26605
"HRS","q_batha",13,0.00499216623738981,26605
"HRS","q_moneya",14,0.00486536401312072,26605
"HRS","q_medsa",15,0.00228373340666284,26605
"HRS","q_eata",16,0.00083095363597775,26605
"ELSA","q_lifta",1,0.0324340666329878,30757
"ELSA","q_climsa",2,0.0290533973033503,30757
"ELSA","q_chaira",3,0.0281035477173732,30757
"ELSA","q_shlt",4,0.0251763811315649,30757
"ELSA","q_stoopa",5,0.0229292242376037,30757
"ELSA","q_shopa",6,0.0191106448183858,30757
"ELSA","q_armsa",7,0.014041663881633,30757
"ELSA","q_dressa",8,0.0109459924054595,30757
"ELSA","q_mealsa",9,0.00765702057727689,30757
"ELSA","q_dimea",10,0.00719705739279719,30757
"ELSA","q_beda",11,0.00672727011178347,30757
"ELSA","q_moneya",12,0.00579555851603443,30757
"ELSA","q_toilta",13,0.00549478264998416,30757
"ELSA","q_batha",14,0.0048798664826982,30757
"ELSA","q_medsa",15,0.00283109457661883,30757
"ELSA","q_eata",16,0.00121368386588997,30757
"SHARE","q_lifta",1,0.0375181193889948,22394
"SHARE","q_climsa",2,0.0311932299903959,22394
"SHARE","q_shlt",3,0.0294833452014687,22394
"SHARE","q_chaira",4,0.0287694618330838,22394
"SHARE","q_stoopa",5,0.0220508681300374,22394
"SHARE","q_shopa",6,0.0166460314562706,22394
"SHARE","q_armsa",7,0.0149029629914389,22394
"SHARE","q_dressa",8,0.0107051345997131,22394
"SHARE","q_dimea",9,0.00788020171779065,22394
"SHARE","q_mealsa",10,0.00763810713790178,22394
"SHARE","q_beda",11,0.00701052653352896,22394
"SHARE","q_toilta",12,0.00538423845472177,22394
"SHARE","q_moneya",13,0.00489311499355855,22394
"SHARE","q_batha",14,0.00476582098599091,22394
"SHARE","q_medsa",15,0.00259952082582425,22394
"SHARE","q_eata",16,0.00145843641718826,22394
"CHARLS","q_lifta",1,0.0334598261364289,30933
"CHARLS","q_climsa",2,0.0291618060947941,30933
"CHARLS","q_shlt",3,0.0282174416809776,30933
"CHARLS","q_chaira",4,0.0271902391920069,30933
"CHARLS","q_stoopa",5,0.0221003396138783,30933
"CHARLS","q_shopa",6,0.0184684552934451,30933
"CHARLS","q_armsa",7,0.0141245001840218,30933
"CHARLS","q_dressa",8,0.0105714640129766,30933
"CHARLS","q_dimea",9,0.0072562519070088,30933
"CHARLS","q_beda",10,0.0063794721031371,30933
"CHARLS","q_mealsa",11,0.00609201329185918,30933
"CHARLS","q_moneya",12,0.00555713438175266,30933
"CHARLS","q_toilta",13,0.00477772484728677,30933
"CHARLS","q_batha",14,0.00395639130495965,30933
"CHARLS","q_medsa",15,0.00218787330642339,30933
"CHARLS","q_eata",16,0.00100197286160135,30933
"MHAS","q_lifta",1,0.0298212807171877,29127
"MHAS","q_climsa",2,0.0279449252135783,29127
"MHAS","q_chaira",3,0.0246839484992818,29127
"MHAS","q_shlt",4,0.023495708199161,29127
"MHAS","q_stoopa",5,0.0206081872108614,29127
"MHAS","q_shopa",6,0.0170806842074103,29127
"MHAS","q_armsa",7,0.0124127144507021,29127
"MHAS","q_dressa",8,0.00933422445532607,29127
"MHAS","q_batha",9,0.00922179811750918,29127
"MHAS","q_moneya",10,0.00819760689838803,29127
"MHAS","q_mealsa",11,0.00779349931764867,29127
"MHAS","q_beda",12,0.00582956862443903,29127
"MHAS","q_dimea",13,0.00534314876004299,29127
"MHAS","q_toilta",14,0.00506426699508921,29127
"MHAS","q_medsa",15,0.00266729474682111,29127
"MHAS","q_eata",16,0.00130300279490499,29127
