"k","BIC","entropy","min_class_fraction","converged","held_out","selected"
2,223241.466524541,0.686715822555671,0.155809995358193,TRUE,"HRS",FALSE
3,221677.573321811,0.717837297325508,0.162347207179328,TRUE,"HRS",FALSE
4,220907.46281634,0.961171442450365,0.0637088039610088,TRUE,"HRS",FALSE
5,219668.199246959,0.804131953314364,0.0717159213987312,TRUE,"HRS",FALSE
6,218974.419962169,0.729916719124108,0.0691242457063283,TRUE,"HRS",TRUE
2,272004.214149434,0.822510888819684,0.125382867305602,TRUE,"ELSA",FALSE
3,270613.13071357,0.602966681033865,0.117610249316602,TRUE,"ELSA",FALSE
4,269712.228219155,0.641163024293942,0.170108355564338,TRUE,"ELSA",FALSE
5,268727.578929529,0.669220374178888,0.0771004182722392,TRUE,"ELSA",FALSE
6,267575.137911809,0.744714968416913,0.0513124526561934,TRUE,"ELSA",TRUE
2,195707.29063384,0.557791844358998,0.171087227270631,TRUE,"SHARE",FALSE
3,194078.514209003,0.521077059347819,0.134000645786245,TRUE,"SHARE",FALSE
4,193394.234630723,0.490377325079907,0.0976982333133447,TRUE,"SHARE",FALSE
5,192826.569891898,0.645048623565019,0.0685455971216384,TRUE,"SHARE",TRUE
6,192200.355948339,0.678644714469305,0.0210803081322939,TRUE,"SHARE",FALSE
2,277477.881700137,0.242066042820816,0.492263214954499,TRUE,"CHARLS",FALSE
3,275933.286287662,0.541650784996045,0.105128289365616,FALSE,"CHARLS",FALSE
4,274819.957483983,0.672783513633339,0.060908702651204,FALSE,"CHARLS",FALSE
5,273841.040715793,0.658883872069731,0.0792733006997602,TRUE,"CHARLS",FALSE
6,272637.544986567,0.700077358170693,0.0665264956141792,TRUE,"CHARLS",TRUE
2,258586.573458733,0.784732689710221,0.132181683847588,TRUE,"MHAS",FALSE
3,257762.049413171,0.80895456383707,0.132181683847588,FALSE,"MHAS",FALSE
4,256431.134636751,0.705707582239659,0.0696970763114379,TRUE,"MHAS",FALSE
5,255407.990461256,0.634480901376708,0.0845442071561763,TRUE,"MHAS",FALSE
6,254430.143181152,0.735758563131282,0.0312774865425888,TRUE,"MHAS",TRUE
