"held_out","phenotype","training_assigned_n","training_complete_context_n"
"HRS",1,2495,2449
"HRS",2,5495,5390
"HRS",3,1849,1787
"HRS",4,5041,4851
"HRS",5,4030,3950
"HRS",6,7695,7425
"ELSA",1,5528,5468
"ELSA",2,2242,2228
"ELSA",3,5096,5037
"ELSA",4,7006,6913
"ELSA",5,1578,1558
"ELSA",6,9307,9159
"SHARE",1,3912,3725
"SHARE",2,1535,1486
"SHARE",3,9950,9652
"SHARE",4,1574,1512
"SHARE",5,5423,5304
"CHARLS",1,5847,5751
"CHARLS",2,10566,10408
"CHARLS",3,4124,4037
"CHARLS",4,5606,5536
"CHARLS",5,2746,2682
"CHARLS",6,2044,2025
"MHAS",1,6993,6848
"MHAS",2,9295,9014
"MHAS",3,2752,2681
"MHAS",4,3217,3143
"MHAS",5,897,889
"MHAS",6,5973,5848
