"file","syntax_OK"
"00_config.R",TRUE
"01_recover_baseline.R",TRUE
"02_functions.R",TRUE
"02_prepare_complete_FI.R",TRUE
"03_candidate_bank.R",TRUE
"04_training_phenotypes_SHAP.R",TRUE
"05_universal_SHAP.R",TRUE
"06_locked_scores.R",TRUE
"07_performance.R",TRUE
"08_retention.R",TRUE
"09_paired_comparisons.R",TRUE
"10_overlap_sensitivity.R",TRUE
"11_continuous_agreement.R",TRUE
"12_six_item_benchmarks.R",TRUE
"13_draw_benchmark_figure.R",TRUE
"14_SHARE_country_source.R",TRUE
"15_attrition_IPW.R",TRUE
"16_shared_five_ADL_sensitivity.R",TRUE
"17_draw_confusion_matrix.R",TRUE
"18_draw_framework.R",TRUE
"score_FI6.R",TRUE
