"cohort","cell","n","reference_category_n","reference_percent","rate_label","radius_mm","sector_area_mm2"
"HRS","TP",3211,3831,83.8162359697207,"TPR",20.1412656527202,318.612930120568
"HRS","FP",355,4244,8.36475023562677,"FPR",6.36281314674834,31.7971518461238
"HRS","FN",620,3831,16.1837640302793,"FNR",8.85039083354808,61.519780963797
"HRS","TN",3889,4244,91.6352497643732,"TNR",21.0597865340456,348.335559238241
"ELSA","TP",1174,1272,92.2955974842767,"TPR",21.1355315008613,350.845756928494
"ELSA","FP",531,2924,18.1600547195622,"FPR",9.37521545580054,69.0323083398761
"ELSA","FN",98,1272,7.70440251572327,"FNR",6.10649721002971,29.2869541558709
"ELSA","TN",2393,2924,81.8399452804378,"TNR",19.9023952115648,311.100402744489
"SHARE","TP",4176,4581,91.1591355599214,"TPR",21.0050045491549,346.525693405001
"SHARE","FP",1755,7971,22.0173127587505,"FPR",10.3229740749627,83.6950078977619
"SHARE","FN",405,4581,8.84086444007858,"FNR",6.54139005792961,33.6070176793643
"SHARE","TN",6216,7971,77.9826872412495,"TNR",19.4277174739507,296.437703186603
"CHARLS","TP",1661,1952,85.0922131147541,"TPR",20.2939969319848,323.4633366348
"CHARLS","FP",343,1994,17.2016048144433,"FPR",9.12445983617144,65.3889267311621
"CHARLS","FN",291,1952,14.9077868852459,"FNR",8.49433272980227,56.6693744495646
"CHARLS","TN",1651,1994,82.7983951855567,"TNR",20.0185971710831,314.743784353203
"MHAS","TP",2797,3409,82.0475212672338,"TPR",19.9276190984626,311.889466970657
"MHAS","FP",200,2024,9.88142292490119,"FPR",6.91564074808125,37.5625208581388
"MHAS","FN",612,3409,17.9524787327662,"FNR",9.32148041174729,68.2432441137082
"MHAS","TN",1824,2024,90.1185770750988,"TNR",20.8847770647301,342.570190226226
