"cohort","outcome","combination_id","n","AUROC_pROC","AUROC_exported","absolute_difference"
"HRS","concurrent",1,8042,0.719594037196872,0.719594037196872,3.33066907387547e-16
"HRS","followup_frail",1,6489,0.656875609057036,0.656875609057036,2.22044604925031e-16
"HRS","incident_adl",1,5411,0.574940830572328,0.574940830572328,4.44089209850063e-16
"HRS","concurrent",7,8042,0.93437021932965,0.93437021932965,4.44089209850063e-16
"HRS","followup_frail",7,6489,0.855296503296073,0.855296503296073,3.33066907387547e-16
"HRS","incident_adl",7,5411,0.741975278604081,0.741975278604081,1.11022302462516e-16
"HRS","concurrent",23,8042,0.893841268470786,0.893841268470786,1.11022302462516e-16
"HRS","followup_frail",23,6489,0.829270182478265,0.829270182478265,0
"HRS","incident_adl",23,5411,0.715049133897805,0.715049133897805,4.44089209850063e-16
"HRS","concurrent",61,8042,0.899188672326435,0.899188672326435,4.44089209850063e-16
"HRS","followup_frail",61,6489,0.816369542371262,0.816369542371262,1.11022302462516e-16
"HRS","incident_adl",61,5411,0.725833449697524,0.725833449697524,3.33066907387547e-16
"HRS","concurrent",100,8042,0.907906332479356,0.907906332479356,4.44089209850063e-16
"HRS","followup_frail",100,6489,0.829529951275437,0.829529951275437,0
"HRS","incident_adl",100,5411,0.717840287680488,0.717840287680488,1.11022302462516e-16
"HRS","concurrent",239,8042,0.9228788089677,0.9228788089677,1.11022302462516e-16
"HRS","followup_frail",239,6489,0.846737603897965,0.846737603897965,0
"HRS","incident_adl",239,5411,0.734440344663679,0.734440344663679,2.22044604925031e-16
"HRS","concurrent",412,8042,0.910678904190342,0.910678904190342,1.11022302462516e-16
"HRS","followup_frail",412,6489,0.841033390656349,0.841033390656349,4.44089209850063e-16
"HRS","incident_adl",412,5411,0.730629593740876,0.730629593740876,0
"HRS","concurrent",666,8042,0.698744577048217,0.698744577048217,3.33066907387547e-16
"HRS","followup_frail",666,6489,0.639293684914493,0.639293684914493,1.11022302462516e-16
"HRS","incident_adl",666,5411,0.544071879218202,0.544071879218202,1.11022302462516e-16
"HRS","concurrent",800,8042,0.825530714884356,0.825530714884356,2.22044604925031e-16
"HRS","followup_frail",800,6489,0.75288454189357,0.75288454189357,2.22044604925031e-16
"HRS","incident_adl",800,5411,0.652625740323084,0.652625740323083,5.55111512312578e-16
"HRS","concurrent",1000,8042,0.925522707300287,0.925522707300287,2.22044604925031e-16
"HRS","followup_frail",1000,6489,0.852723416451705,0.852723416451705,2.22044604925031e-16
"HRS","incident_adl",1000,5411,0.738881225307871,0.738881225307871,4.44089209850063e-16
"ELSA","concurrent",1,4196,0.746542789450137,0.746542789450137,3.33066907387547e-16
"ELSA","followup_frail",1,2581,0.626569178507721,0.626569178507721,4.44089209850063e-16
"ELSA","incident_adl",1,2181,0.534435308455332,0.534435308455332,1.11022302462516e-16
"ELSA","concurrent",7,4196,0.941185343158764,0.941185343158764,1.11022302462516e-16
"ELSA","followup_frail",7,2581,0.847115417945429,0.847115417945429,4.44089209850063e-16
"ELSA","incident_adl",7,2181,0.718351511037749,0.718351511037749,1.11022302462516e-16
"ELSA","concurrent",23,4196,0.922701224522279,0.922701224522279,3.33066907387547e-16
"ELSA","followup_frail",23,2581,0.830620045488845,0.830620045488845,0
"ELSA","incident_adl",23,2181,0.699632846366259,0.699632846366259,1.11022302462516e-16
"ELSA","concurrent",61,4196,0.90327217712447,0.90327217712447,2.22044604925031e-16
"ELSA","followup_frail",61,2581,0.787798937171532,0.787798937171532,3.33066907387547e-16
"ELSA","incident_adl",61,2181,0.690693889514524,0.690693889514524,1.11022302462516e-16
"ELSA","concurrent",100,4196,0.927557478125081,0.927557478125081,4.44089209850063e-16
"ELSA","followup_frail",100,2581,0.811473267970894,0.811473267970894,4.44089209850063e-16
"ELSA","incident_adl",100,2181,0.701221788562702,0.701221788562702,4.44089209850063e-16
"ELSA","concurrent",239,4196,0.93795639965069,0.93795639965069,4.44089209850063e-16
"ELSA","followup_frail",239,2581,0.842230566584097,0.842230566584097,0
"ELSA","incident_adl",239,2181,0.716390015889422,0.716390015889422,1.11022302462516e-16
"ELSA","concurrent",412,4196,0.925077863528035,0.925077863528035,2.22044604925031e-16
"ELSA","followup_frail",412,2581,0.836814434309148,0.836814434309148,1.11022302462516e-16
"ELSA","incident_adl",412,2181,0.713489810715333,0.713489810715333,4.44089209850063e-16
"ELSA","concurrent",666,4196,0.731174556263927,0.731174556263927,2.22044604925031e-16
"ELSA","followup_frail",666,2581,0.623593138810304,0.623593138810304,0
"ELSA","incident_adl",666,2181,0.516984712216343,0.516984712216343,0
"ELSA","concurrent",800,4196,0.878060902399573,0.878060902399573,3.33066907387547e-16
"ELSA","followup_frail",800,2581,0.74043161074774,0.74043161074774,3.33066907387547e-16
"ELSA","incident_adl",800,2181,0.604244635391759,0.604244635391759,1.11022302462516e-16
"ELSA","concurrent",1000,4196,0.943141610527493,0.943141610527493,1.11022302462516e-16
"ELSA","followup_frail",1000,2581,0.839291523236374,0.839291523236374,0
"ELSA","incident_adl",1000,2181,0.733403267358808,0.733403267358808,1.11022302462516e-16
"SHARE","concurrent",1,12552,0.740667223312318,0.740667223312318,4.44089209850063e-16
"SHARE","followup_frail",1,5851,0.60554652198743,0.60554652198743,3.33066907387547e-16
"SHARE","incident_adl",1,5130,0.547720973425442,0.547720973425442,1.11022302462516e-16
"SHARE","concurrent",7,12552,0.919975738290114,0.919975738290114,0
"SHARE","followup_frail",7,5851,0.795537845400718,0.795537845400718,4.44089209850063e-16
"SHARE","incident_adl",7,5130,0.66757915640075,0.66757915640075,3.33066907387547e-16
"SHARE","concurrent",23,12552,0.9059651704576,0.9059651704576,1.11022302462516e-16
"SHARE","followup_frail",23,5851,0.780450191522144,0.780450191522144,3.33066907387547e-16
"SHARE","incident_adl",23,5130,0.661643386700736,0.661643386700736,2.22044604925031e-16
"SHARE","concurrent",61,12552,0.892116521714507,0.892116521714507,0
"SHARE","followup_frail",61,5851,0.747549791032611,0.747549791032611,3.33066907387547e-16
"SHARE","incident_adl",61,5130,0.638985126282302,0.638985126282303,5.55111512312578e-16
"SHARE","concurrent",100,12552,0.901490014377867,0.901490014377867,4.44089209850063e-16
"SHARE","followup_frail",100,5851,0.76574033624257,0.76574033624257,3.33066907387547e-16
"SHARE","incident_adl",100,5130,0.657189289492851,0.657189289492851,1.11022302462516e-16
"SHARE","concurrent",239,12552,0.917735038258503,0.917735038258503,3.33066907387547e-16
"SHARE","followup_frail",239,5851,0.795053558115322,0.795053558115322,2.22044604925031e-16
"SHARE","incident_adl",239,5130,0.672787569763768,0.672787569763768,2.22044604925031e-16
"SHARE","concurrent",412,12552,0.908253083767886,0.908253083767886,2.22044604925031e-16
"SHARE","followup_frail",412,5851,0.794050395922271,0.794050395922271,2.22044604925031e-16
"SHARE","incident_adl",412,5130,0.671158107180503,0.671158107180503,1.11022302462516e-16
"SHARE","concurrent",666,12552,0.724700426406562,0.724700426406562,1.11022302462516e-16
"SHARE","followup_frail",666,5851,0.602964565071856,0.602964565071856,2.22044604925031e-16
"SHARE","incident_adl",666,5130,0.528036953669064,0.528036953669064,4.44089209850063e-16
"SHARE","concurrent",800,12552,0.859889611301347,0.859889611301347,2.22044604925031e-16
"SHARE","followup_frail",800,5851,0.707286406591977,0.707286406591977,1.11022302462516e-16
"SHARE","incident_adl",800,5130,0.6154507416185,0.6154507416185,1.11022302462516e-16
"SHARE","concurrent",1000,12552,0.927231397728576,0.927231397728576,2.22044604925031e-16
"SHARE","followup_frail",1000,5851,0.795693156545153,0.795693156545153,2.22044604925031e-16
"SHARE","incident_adl",1000,5130,0.675159614695308,0.675159614695308,1.11022302462516e-16
"CHARLS","concurrent",1,3936,0.816801161243973,0.816801161243973,1.11022302462516e-16
"CHARLS","followup_frail",1,2924,0.703406047945514,0.703406047945514,2.22044604925031e-16
"CHARLS","incident_adl",1,2287,0.570924983896025,0.570924983896025,2.22044604925031e-16
"CHARLS","concurrent",7,3936,0.906828041221992,0.906828041221992,1.11022302462516e-16
"CHARLS","followup_frail",7,2924,0.784015474279542,0.784015474279542,2.22044604925031e-16
"CHARLS","incident_adl",7,2287,0.663727099200485,0.663727099200485,0
"CHARLS","concurrent",23,3936,0.875465183210718,0.875465183210718,3.33066907387547e-16
"CHARLS","followup_frail",23,2924,0.772359602604299,0.772359602604299,4.44089209850063e-16
"CHARLS","incident_adl",23,2287,0.611960516842863,0.611960516842863,1.11022302462516e-16
"CHARLS","concurrent",61,3936,0.883704649236817,0.883704649236817,2.22044604925031e-16
"CHARLS","followup_frail",61,2924,0.753122702860829,0.753122702860829,0
"CHARLS","incident_adl",61,2287,0.641735108559736,0.641735108559736,2.22044604925031e-16
"CHARLS","concurrent",100,3936,0.892657109972397,0.892657109972397,0
"CHARLS","followup_frail",100,2924,0.766165062107142,0.766165062107142,3.33066907387547e-16
"CHARLS","incident_adl",100,2287,0.65091970273957,0.65091970273957,2.22044604925031e-16
"CHARLS","concurrent",239,3936,0.894748061860361,0.894748061860361,0
"CHARLS","followup_frail",239,2924,0.779669896413087,0.779669896413087,4.44089209850063e-16
"CHARLS","incident_adl",239,2287,0.660542419764314,0.660542419764314,4.44089209850063e-16
"CHARLS","concurrent",412,3936,0.905384362510165,0.905384362510165,1.11022302462516e-16
"CHARLS","followup_frail",412,2924,0.782687821599484,0.782687821599484,1.11022302462516e-16
"CHARLS","incident_adl",412,2287,0.655891212913493,0.655891212913493,3.33066907387547e-16
"CHARLS","concurrent",666,3936,0.770413895882113,0.770413895882113,4.44089209850063e-16
"CHARLS","followup_frail",666,2924,0.679059654360252,0.679059654360251,5.55111512312578e-16
"CHARLS","incident_adl",666,2287,0.5496061630859,0.5496061630859,4.44089209850063e-16
"CHARLS","concurrent",800,3936,0.812521643559974,0.812521643559974,0
"CHARLS","followup_frail",800,2924,0.707253990458903,0.707253990458903,2.22044604925031e-16
"CHARLS","incident_adl",800,2287,0.599545654768671,0.599545654768671,0
"CHARLS","concurrent",1000,3936,0.894579561661905,0.894579561661905,1.11022302462516e-16
"CHARLS","followup_frail",1000,2924,0.785583857768643,0.785583857768643,3.33066907387547e-16
"CHARLS","incident_adl",1000,2287,0.639177418438104,0.639177418438104,2.22044604925031e-16
"MHAS","concurrent",1,5400,0.674963475495071,0.674963475495071,3.33066907387547e-16
"MHAS","followup_frail",1,3973,0.612967058867176,0.612967058867176,0
"MHAS","incident_adl",1,3463,0.555955940089446,0.555955940089446,3.33066907387547e-16
"MHAS","concurrent",7,5400,0.913215681431605,0.913215681431605,2.22044604925031e-16
"MHAS","followup_frail",7,3973,0.781718893385695,0.781718893385695,4.44089209850063e-16
"MHAS","incident_adl",7,3463,0.647413175054502,0.647413175054502,1.11022302462516e-16
"MHAS","concurrent",23,5400,0.851463302119952,0.851463302119952,1.11022302462516e-16
"MHAS","followup_frail",23,3973,0.755150700581481,0.755150700581481,1.11022302462516e-16
"MHAS","incident_adl",23,3463,0.641787172196509,0.641787172196509,1.11022302462516e-16
"MHAS","concurrent",61,5400,0.892721306710767,0.892721306710767,1.11022302462516e-16
"MHAS","followup_frail",61,3973,0.755809217712201,0.755809217712201,2.22044604925031e-16
"MHAS","incident_adl",61,3463,0.645175551968162,0.645175551968162,1.11022302462516e-16
"MHAS","concurrent",100,5400,0.901353219540072,0.901353219540072,2.22044604925031e-16
"MHAS","followup_frail",100,3973,0.760990607265184,0.760990607265184,3.33066907387547e-16
"MHAS","incident_adl",100,3463,0.653732704509874,0.653732704509874,3.33066907387547e-16
"MHAS","concurrent",239,5400,0.90226279800634,0.90226279800634,1.11022302462516e-16
"MHAS","followup_frail",239,3973,0.774677070182541,0.774677070182541,2.22044604925031e-16
"MHAS","incident_adl",239,3463,0.664429937719166,0.664429937719166,4.44089209850063e-16
"MHAS","concurrent",412,5400,0.876593611797067,0.876593611797067,2.22044604925031e-16
"MHAS","followup_frail",412,3973,0.758376452474922,0.758376452474922,3.33066907387547e-16
"MHAS","incident_adl",412,3463,0.646693799716152,0.646693799716152,4.44089209850063e-16
"MHAS","concurrent",666,5400,0.637944921061217,0.637944921061217,1.11022302462516e-16
"MHAS","followup_frail",666,3973,0.589734552672096,0.589734552672096,3.33066907387547e-16
"MHAS","incident_adl",666,3463,0.532014884973103,0.532014884973103,3.33066907387547e-16
"MHAS","concurrent",800,5400,0.797351147535268,0.797351147535268,1.11022302462516e-16
"MHAS","followup_frail",800,3973,0.696900713948233,0.696900713948233,0
"MHAS","incident_adl",800,3463,0.60685820746297,0.60685820746297,4.44089209850063e-16
"MHAS","concurrent",1000,5400,0.907580367461497,0.907580367461497,2.22044604925031e-16
"MHAS","followup_frail",1000,3973,0.780545756301742,0.780545756301742,4.44089209850063e-16
"MHAS","incident_adl",1000,3463,0.658393525134243,0.658393525134243,2.22044604925031e-16
