"cohort","outcome","metric","n","SHAP","simple_correlation","difference_SHAP_minus_simple","CI_low","CI_high","bootstrap_replicates","comparison_direction"
"HRS","concurrent","AUROC",8042,0.94781796745559,0.94781796745559,0,0,0,500,"Higher is better"
"HRS","concurrent","Spearman",8042,0.888606874094563,0.888606874094563,0,0,0,500,"Higher is better"
"HRS","concurrent","MAE",8042,0.177553437724577,0.177553437724577,0,0,0,500,"Lower is better"
"HRS","concurrent","RMSE",8042,0.222921116725678,0.222921116725678,0,0,0,500,"Lower is better"
"HRS","followup_frail","AUROC",6489,0.867647224610681,0.867647224610681,0,0,0,500,"Higher is better"
"HRS","incident_adl","AUROC",5411,0.760563929075673,0.760563929075673,0,0,0,500,"Higher is better"
"ELSA","concurrent","AUROC",4196,0.953243032074611,0.953243032074611,0,0,0,500,"Higher is better"
"ELSA","concurrent","Spearman",4196,0.866637273971518,0.866637273971518,0,0,0,500,"Higher is better"
"ELSA","concurrent","MAE",4196,0.169728587802844,0.169728587802844,0,0,0,500,"Lower is better"
"ELSA","concurrent","RMSE",4196,0.226500865362669,0.226500865362669,0,0,0,500,"Lower is better"
"ELSA","followup_frail","AUROC",2581,0.853075163250559,0.853075163250559,0,0,0,500,"Higher is better"
"ELSA","incident_adl","AUROC",2181,0.737956435215896,0.737956435215896,0,0,0,500,"Higher is better"
"SHARE","concurrent","AUROC",12552,0.940580965966702,0.940580965966702,0,0,0,500,"Higher is better"
"SHARE","concurrent","Spearman",12552,0.867736327498039,0.867736327498039,0,0,0,500,"Higher is better"
"SHARE","concurrent","MAE",12552,0.185478416578012,0.185478416578012,0,0,0,500,"Lower is better"
"SHARE","concurrent","RMSE",12552,0.242600981209272,0.242600981209272,0,0,0,500,"Lower is better"
"SHARE","followup_frail","AUROC",5851,0.81045831567608,0.81045831567608,0,0,0,500,"Higher is better"
"SHARE","incident_adl","AUROC",5130,0.685253761732759,0.685253761732759,0,0,0,500,"Higher is better"
"CHARLS","concurrent","AUROC",3936,0.921586334466051,0.921586334466051,0,0,0,500,"Higher is better"
"CHARLS","concurrent","Spearman",3936,0.856428518737417,0.856428518737417,0,0,0,500,"Higher is better"
"CHARLS","concurrent","MAE",3936,0.182672307161833,0.182672307161833,0,0,0,500,"Lower is better"
"CHARLS","concurrent","RMSE",3936,0.231933889902444,0.231933889902444,0,0,0,500,"Lower is better"
"CHARLS","followup_frail","AUROC",2924,0.796258991659041,0.796258991659041,0,0,0,500,"Higher is better"
"CHARLS","incident_adl","AUROC",2287,0.679576489144026,0.679576489144026,0,0,0,500,"Higher is better"
"MHAS","concurrent","AUROC",5400,0.930949678146341,0.930949678146341,0,0,0,500,"Higher is better"
"MHAS","concurrent","Spearman",5400,0.866694554089442,0.866694554089442,0,0,0,500,"Higher is better"
"MHAS","concurrent","MAE",5400,0.178089181760667,0.178089181760667,0,0,0,500,"Lower is better"
"MHAS","concurrent","RMSE",5400,0.222316047208446,0.222316047208446,0,0,0,500,"Lower is better"
"MHAS","followup_frail","AUROC",3973,0.793552833587756,0.793552833587756,0,0,0,500,"Higher is better"
"MHAS","incident_adl","AUROC",3463,0.666887762815854,0.666887762815854,0,0,0,500,"Higher is better"
